date,sku_id,on_hand_units,on_order_units,lead_time_days,reorder_point
2025-05-06,SKU00024,301,0,7,88
2025-05-06,SKU00069,412,0,7,96
2025-05-06,SKU00173,244,0,7,60
2025-05-06,SKU00262,145,0,7,39
2025-05-06,SKU00331,279,0,7,59
2025-05-06,SKU00342,158,0,7,34
2025-05-06,SKU00386,204,0,7,55
2025-05-06,SKU00551,476,0,7,97
2025-05-06,SKU00662,206,0,7,55
2025-05-06,SKU00699,626,0,7,129
2025-05-06,SKU00821,197,0,7,43
2025-05-06,SKU00890,133,0,7,23
2025-05-06,SKU00965,118,0,7,23
2025-05-06,SKU00987,234,0,7,66
2025-05-06,SKU00991,455,0,7,95
2025-05-06,SKU01031,309,0,7,99
2025-05-06,SKU01158,507,0,7,99
2025-05-06,SKU01174,515,0,7,92
2025-05-06,SKU01224,446,0,7,92
2025-05-06,SKU01229,265,0,7,70
2025-05-06,SKU01340,260,0,7,56
2025-05-06,SKU01347,175,0,7,32
2025-05-06,SKU01396,322,0,7,60
2025-05-06,SKU01542,458,0,7,89
2025-05-06,SKU01558,247,0,7,56
2025-05-06,SKU01567,514,0,7,87
2025-05-06,SKU01605,195,0,7,50
2025-05-06,SKU01674,256,0,7,52
2025-05-06,SKU01675,184,0,7,56
2025-05-06,SKU01696,309,0,7,70
2025-05-06,SKU01762,252,0,7,80
2025-05-06,SKU01766,249,0,7,65
2025-05-06,SKU01792,117,0,7,37
2025-05-06,SKU01805,147,0,7,27
2025-05-06,SKU01834,507,0,7,92
2025-05-06,SKU01854,292,0,7,87
2025-05-06,SKU01877,449,0,7,112
2025-05-06,SKU01903,155,0,7,37
2025-05-06,SKU01970,69,0,7,20
2025-05-06,SKU02070,450,0,7,85
2025-05-06,SKU02172,163,0,7,54
2025-05-06,SKU02211,118,0,7,21
2025-05-06,SKU02302,264,0,7,81
2025-05-06,SKU02331,494,0,7,83
2025-05-06,SKU02376,258,0,7,66
2025-05-06,SKU02387,484,0,7,100
2025-05-06,SKU02500,463,0,7,91
2025-05-06,SKU02514,178,0,7,30
2025-05-06,SKU02567,72,0,7,21
2025-05-06,SKU02662,312,0,7,94
2025-05-06,SKU02675,203,0,7,66
2025-05-06,SKU02700,121,0,7,37
2025-05-06,SKU02728,331,0,7,97
2025-05-06,SKU02768,126,0,7,26
2025-05-06,SKU02822,373,0,7,68
2025-05-06,SKU03005,467,0,7,87
2025-05-06,SKU03089,99,0,7,31
2025-05-06,SKU03092,175,0,7,37
2025-05-06,SKU03235,237,0,7,40
2025-05-06,SKU03254,504,0,7,127
2025-05-06,SKU03257,308,0,7,65
2025-05-06,SKU03414,139,0,7,31
2025-05-06,SKU03428,362,0,7,85
2025-05-06,SKU03520,71,0,7,20
2025-05-06,SKU03523,978,0,7,193
2025-05-06,SKU03548,264,0,7,72
2025-05-06,SKU03562,517,0,7,106
2025-05-06,SKU03624,131,0,7,26
2025-05-06,SKU03833,113,0,7,34
2025-05-06,SKU03863,257,0,7,79
2025-05-06,SKU03884,155,0,7,38
2025-05-06,SKU03892,167,0,7,51
2025-05-06,SKU03935,746,0,7,156
2025-05-06,SKU04018,451,0,7,93
2025-05-06,SKU04152,379,0,7,84
2025-05-06,SKU04212,241,0,7,52
2025-05-06,SKU04222,260,0,7,81
2025-05-06,SKU04281,196,0,7,60
2025-05-06,SKU04319,211,0,7,52
2025-05-06,SKU04401,148,0,7,32
2025-05-06,SKU04412,375,0,7,76
2025-05-06,SKU04443,180,0,7,37
2025-05-06,SKU04643,174,0,7,35
2025-05-06,SKU04652,258,0,7,46
2025-05-06,SKU04679,190,0,7,54
2025-05-06,SKU04753,489,0,7,91
2025-05-06,SKU04768,93,0,7,22
2025-05-06,SKU04771,364,0,7,63
2025-05-06,SKU04894,90,0,7,23
2025-05-06,SKU04941,180,0,7,44
2025-05-06,SKU04996,490,0,7,121
2025-05-07,SKU00069,321,0,7,68
2025-05-07,SKU00167,195,0,7,56
2025-05-07,SKU00237,144,0,7,39
2025-05-07,SKU00342,637,0,7,126
2025-05-07,SKU00354,110,0,7,34
2025-05-07,SKU00355,579,0,7,120
2025-05-07,SKU00386,114,0,7,20
2025-05-07,SKU00389,1348,0,7,259
2025-05-07,SKU00462,146,0,7,48
2025-05-07,SKU00498,317,0,7,64
2025-05-07,SKU00550,503,0,7,117
2025-05-07,SKU00551,76,0,7,22
2025-05-07,SKU00571,180,0,7,36
2025-05-07,SKU00585,296,0,7,55
2025-05-07,SKU00631,184,0,7,40
2025-05-07,SKU00645,236,0,7,57
2025-05-07,SKU00649,112,0,7,34
2025-05-07,SKU00935,175,0,7,50
2025-05-07,SKU00991,141,0,7,26
2025-05-07,SKU01063,353,0,7,74
2025-05-07,SKU01068,528,0,7,95
2025-05-07,SKU01264,154,0,7,28
2025-05-07,SKU01287,186,0,7,48
2025-05-07,SKU01337,98,0,7,21
2025-05-07,SKU01340,248,0,7,48
2025-05-07,SKU01396,383,0,7,86
2025-05-07,SKU01423,199,0,7,54
2025-05-07,SKU01428,229,0,7,61
2025-05-07,SKU01433,428,0,7,89
2025-05-07,SKU01495,219,0,7,52
2025-05-07,SKU01538,317,0,7,56
2025-05-07,SKU01567,342,0,7,83
2025-05-07,SKU01582,120,0,7,31
2025-05-07,SKU01605,264,0,7,79
2025-05-07,SKU01645,107,0,7,22
2025-05-07,SKU01675,439,0,7,77
2025-05-07,SKU01678,200,0,7,42
2025-05-07,SKU01684,132,0,7,30
2025-05-07,SKU01770,392,0,7,92
2025-05-07,SKU01805,289,0,7,72
2025-05-07,SKU01851,455,0,7,102
2025-05-07,SKU01877,261,0,7,53
2025-05-07,SKU01880,333,0,7,90
2025-05-07,SKU01970,315,0,7,65
2025-05-07,SKU01971,317,0,7,67
2025-05-07,SKU02103,351,0,7,87
2025-05-07,SKU02104,347,0,7,85
2025-05-07,SKU02129,272,0,7,69
2025-05-07,SKU02302,245,0,7,51
2025-05-07,SKU02329,749,0,7,132
2025-05-07,SKU02376,303,0,7,82
2025-05-07,SKU02408,178,0,7,30
2025-05-07,SKU02533,325,0,7,64
2025-05-07,SKU02546,226,0,7,48
2025-05-07,SKU02570,283,0,7,75
2025-05-07,SKU02626,225,0,7,47
2025-05-07,SKU02768,463,0,7,98
2025-05-07,SKU02877,142,0,7,24
2025-05-07,SKU02938,315,0,7,67
2025-05-07,SKU02969,299,0,7,96
2025-05-07,SKU03031,588,0,7,98
2025-05-07,SKU03043,380,0,7,91
2025-05-07,SKU03115,245,0,7,78
2025-05-07,SKU03129,242,0,7,41
2025-05-07,SKU03139,469,0,7,97
2025-05-07,SKU03173,369,0,7,83
2025-05-07,SKU03281,658,0,7,158
2025-05-07,SKU03290,335,0,7,60
2025-05-07,SKU03291,287,0,7,68
2025-05-07,SKU03362,358,0,7,91
2025-05-07,SKU03414,189,0,7,49
2025-05-07,SKU03484,479,0,7,86
2025-05-07,SKU03592,212,0,7,47
2025-05-07,SKU03609,277,0,7,50
2025-05-07,SKU03709,217,0,7,60
2025-05-07,SKU03807,247,0,7,45
2025-05-07,SKU03837,158,0,7,28
2025-05-07,SKU03892,407,0,7,69
2025-05-07,SKU03935,222,0,7,40
2025-05-07,SKU03966,493,0,7,83
2025-05-07,SKU04062,88,0,7,28
2025-05-07,SKU04147,436,0,7,78
2025-05-07,SKU04153,223,0,7,68
2025-05-07,SKU04194,263,0,7,44
2025-05-07,SKU04388,72,0,7,22
2025-05-07,SKU04414,299,0,7,62
2025-05-07,SKU04468,143,0,7,30
2025-05-07,SKU04475,345,0,7,90
2025-05-07,SKU04499,179,0,7,36
2025-05-07,SKU04580,224,0,7,69
2025-05-07,SKU04654,362,0,7,98
2025-05-07,SKU04665,161,0,7,41
2025-05-07,SKU04856,335,0,7,83
2025-05-07,SKU04902,252,0,7,64
2025-05-07,SKU04945,198,0,7,38
2025-05-08,SKU00032,312,0,7,75
2025-05-08,SKU00105,175,0,7,33
2025-05-08,SKU00237,383,0,7,97
2025-05-08,SKU00240,165,0,7,34
2025-05-08,SKU00262,527,0,7,99
2025-05-08,SKU00305,649,0,7,122
2025-05-08,SKU00331,572,0,7,127
2025-05-08,SKU00419,330,0,7,79
2025-05-08,SKU00516,461,0,7,81
2025-05-08,SKU00535,173,0,7,46
2025-05-08,SKU00550,312,0,7,56
2025-05-08,SKU00592,323,0,7,72
2025-05-08,SKU00649,359,0,7,96
2025-05-08,SKU00679,223,0,7,39
2025-05-08,SKU00682,265,0,7,54
2025-05-08,SKU00721,499,0,7,96
2025-05-08,SKU00734,166,0,7,41
2025-05-08,SKU00821,671,0,7,140
2025-05-08,SKU00855,258,0,7,61
2025-05-08,SKU00858,586,0,7,135
2025-05-08,SKU00954,285,0,7,59
2025-05-08,SKU00986,419,0,7,96
2025-05-08,SKU00987,336,0,7,74
2025-05-08,SKU00991,214,0,7,52
2025-05-08,SKU01031,204,0,7,56
2025-05-08,SKU01042,162,0,7,43
2025-05-08,SKU01046,76,0,7,24
2025-05-08,SKU01063,87,0,7,20
2025-05-08,SKU01075,196,0,7,46
2025-05-08,SKU01171,476,0,7,98
2025-05-08,SKU01179,442,0,7,91
2025-05-08,SKU01191,489,0,7,91
2025-05-08,SKU01337,192,0,7,52
2025-05-08,SKU01339,318,0,7,71
2025-05-08,SKU01568,252,0,7,42
2025-05-08,SKU01675,380,0,7,78
2025-05-08,SKU01792,335,0,7,57
2025-05-08,SKU02112,318,0,7,62
2025-05-08,SKU02223,352,0,7,81
2025-05-08,SKU02255,275,0,7,69
2025-05-08,SKU02277,459,0,7,84
2025-05-08,SKU02279,436,0,7,83
2025-05-08,SKU02290,549,0,7,128
2025-05-08,SKU02331,359,0,7,84
2025-05-08,SKU02421,259,0,7,53
2025-05-08,SKU02541,364,0,7,99
2025-05-08,SKU02584,124,0,7,21
2025-05-08,SKU02590,883,0,7,212
2025-05-08,SKU02639,459,0,7,95
2025-05-08,SKU02686,468,0,7,85
2025-05-08,SKU02915,260,0,7,82
2025-05-08,SKU02964,229,0,7,64
2025-05-08,SKU02969,541,0,7,96
2025-05-08,SKU03058,185,0,7,45
2025-05-08,SKU03108,313,0,7,81
2025-05-08,SKU03152,280,0,7,64
2025-05-08,SKU03251,400,0,7,72
2025-05-08,SKU03254,116,0,7,20
2025-05-08,SKU03266,314,0,7,60
2025-05-08,SKU03277,168,0,7,53
2025-05-08,SKU03311,561,0,7,139
2025-05-08,SKU03349,168,0,7,32
2025-05-08,SKU03454,438,0,7,78
2025-05-08,SKU03523,237,0,7,47
2025-05-08,SKU03574,164,0,7,43
2025-05-08,SKU03583,248,0,7,66
2025-05-08,SKU03600,163,0,7,51
2025-05-08,SKU03634,119,0,7,23
2025-05-08,SKU03642,199,0,7,53
2025-05-08,SKU03805,93,0,7,29
2025-05-08,SKU03822,947,0,7,181
2025-05-08,SKU03931,513,0,7,122
2025-05-08,SKU03935,207,0,7,46
2025-05-08,SKU03941,212,0,7,38
2025-05-08,SKU03950,212,0,7,59
2025-05-08,SKU03968,126,0,7,24
2025-05-08,SKU04106,213,0,7,68
2025-05-08,SKU04118,208,0,7,69
2025-05-08,SKU04212,212,0,7,41
2025-05-08,SKU04215,150,0,7,26
2025-05-08,SKU04217,134,0,7,31
2025-05-08,SKU04250,387,0,7,79
2025-05-08,SKU04261,112,0,7,34
2025-05-08,SKU04388,618,0,7,124
2025-05-08,SKU04468,515,0,7,124
2025-05-08,SKU04605,208,0,7,50
2025-05-08,SKU04653,100,0,7,26
2025-05-08,SKU04670,857,0,7,228
2025-05-08,SKU04741,223,0,7,39
2025-05-08,SKU04953,206,0,7,60
2025-05-09,SKU00186,233,0,7,54
2025-05-09,SKU00342,329,0,7,82
2025-05-09,SKU00402,183,0,7,43
2025-05-09,SKU00421,146,0,7,34
2025-05-09,SKU00466,145,0,7,26
2025-05-09,SKU00507,452,0,7,90
2025-05-09,SKU00589,309,0,7,69
2025-05-09,SKU00592,590,0,7,121
2025-05-09,SKU00598,304,0,7,91
2025-05-09,SKU00638,119,0,7,20
2025-05-09,SKU00721,453,0,7,81
2025-05-09,SKU00732,118,0,7,26
2025-05-09,SKU00734,131,0,7,27
2025-05-09,SKU00749,340,0,7,77
2025-05-09,SKU00758,442,0,7,99
2025-05-09,SKU00821,251,0,7,55
2025-05-09,SKU00855,154,0,7,37
2025-05-09,SKU00858,379,0,7,76
2025-05-09,SKU00894,393,0,7,70
2025-05-09,SKU00972,124,0,7,25
2025-05-09,SKU01158,182,0,7,39
2025-05-09,SKU01167,129,0,7,43
2025-05-09,SKU01229,616,0,7,136
2025-05-09,SKU01356,159,0,7,36
2025-05-09,SKU01392,299,0,7,86
2025-05-09,SKU01766,128,0,7,24
2025-05-09,SKU01792,548,0,7,105
2025-05-09,SKU01818,223,0,7,69
2025-05-09,SKU01827,440,0,7,83
2025-05-09,SKU01854,419,0,7,99
2025-05-09,SKU01880,256,0,7,83
2025-05-09,SKU01903,250,0,7,44
2025-05-09,SKU01911,166,0,7,34
2025-05-09,SKU01919,254,0,7,77
2025-05-09,SKU01970,474,0,7,84
2025-05-09,SKU01986,255,0,7,79
2025-05-09,SKU02128,226,0,7,50
2025-05-09,SKU02194,113,0,7,21
2025-05-09,SKU02221,367,0,7,66
2025-05-09,SKU02267,526,0,7,99
2025-05-09,SKU02376,449,0,7,82
2025-05-09,SKU02425,306,0,7,66
2025-05-09,SKU02446,304,0,7,54
2025-05-09,SKU02501,238,0,7,50
2025-05-09,SKU02514,373,0,7,68
2025-05-09,SKU02519,293,0,7,57
2025-05-09,SKU02533,353,0,7,78
2025-05-09,SKU02541,251,0,7,57
2025-05-09,SKU02566,488,0,7,85
2025-05-09,SKU02567,70,0,7,21
2025-05-09,SKU02570,487,0,7,85
2025-05-09,SKU02700,430,0,7,74
2025-05-09,SKU02728,452,0,7,94
2025-05-09,SKU02794,545,0,7,133
2025-05-09,SKU02897,384,0,7,73
2025-05-09,SKU02964,453,0,7,89
2025-05-09,SKU02999,364,0,7,96
2025-05-09,SKU03090,147,0,7,30
2025-05-09,SKU03129,481,0,7,95
2025-05-09,SKU03139,359,0,7,87
2025-05-09,SKU03150,374,0,7,86
2025-05-09,SKU03220,242,0,7,46
2025-05-09,SKU03251,341,0,7,62
2025-05-09,SKU03257,167,0,7,46
2025-05-09,SKU03277,358,0,7,82
2025-05-09,SKU03281,475,0,7,100
2025-05-09,SKU03284,219,0,7,68
2025-05-09,SKU03290,382,0,7,71
2025-05-09,SKU03291,91,0,7,23
2025-05-09,SKU03311,412,0,7,80
2025-05-09,SKU03357,131,0,7,33
2025-05-09,SKU03491,244,0,7,58
2025-05-09,SKU03504,203,0,7,48
2025-05-09,SKU03548,497,0,7,92
2025-05-09,SKU03603,445,0,7,87
2025-05-09,SKU03609,109,0,7,31
2025-05-09,SKU03634,335,0,7,66
2025-05-09,SKU03744,556,0,7,116
2025-05-09,SKU03805,220,0,7,45
2025-05-09,SKU03822,541,0,7,98
2025-05-09,SKU03833,184,0,7,53
2025-05-09,SKU03892,350,0,7,71
2025-05-09,SKU03932,842,0,7,167
2025-05-09,SKU03935,69,0,7,20
2025-05-09,SKU03950,85,0,7,28
2025-05-09,SKU03968,405,0,7,76
2025-05-09,SKU04073,132,0,7,38
2025-05-09,SKU04102,315,0,7,98
2025-05-09,SKU04212,150,0,7,31
2025-05-09,SKU04215,213,0,7,58
2025-05-09,SKU04217,256,0,7,69
2025-05-09,SKU04228,344,0,7,98
2025-05-09,SKU04261,103,0,7,33
2025-05-09,SKU04281,166,0,7,32
2025-05-09,SKU04468,692,0,7,119
2025-05-09,SKU04504,146,0,7,39
2025-05-09,SKU04566,209,0,7,60
2025-05-09,SKU04605,81,0,7,25
2025-05-09,SKU04612,147,0,7,44
2025-05-09,SKU04636,222,0,7,55
2025-05-09,SKU04641,295,0,7,79
2025-05-09,SKU04664,491,0,7,84
2025-05-09,SKU04690,293,0,7,79
2025-05-09,SKU04726,85,0,7,23
2025-05-09,SKU04741,221,0,7,49
2025-05-09,SKU04757,300,0,7,78
2025-05-09,SKU04849,72,0,7,24
2025-05-09,SKU04879,188,0,7,45
2025-05-09,SKU04902,322,0,7,68
2025-05-09,SKU04919,447,0,7,90
2025-05-09,SKU04941,262,0,7,48
2025-05-10,SKU00075,434,0,7,110
2025-05-10,SKU00090,480,0,7,89
2025-05-10,SKU00150,161,0,7,53
2025-05-10,SKU00170,83,0,7,21
2025-05-10,SKU00354,381,0,7,67
2025-05-10,SKU00401,166,0,7,28
2025-05-10,SKU00419,84,0,7,22
2025-05-10,SKU00532,113,0,7,33
2025-05-10,SKU00574,268,0,7,56
2025-05-10,SKU00650,67,0,7,21
2025-05-10,SKU00654,412,0,7,94
2025-05-10,SKU00732,97,0,7,20
2025-05-10,SKU00788,413,0,7,94
2025-05-10,SKU00858,210,0,7,53
2025-05-10,SKU00936,469,0,7,84
2025-05-10,SKU01017,432,0,7,77
2025-05-10,SKU01038,226,0,7,43
2025-05-10,SKU01042,406,0,7,68
2025-05-10,SKU01046,276,0,7,83
2025-05-10,SKU01075,379,0,7,64
2025-05-10,SKU01133,157,0,7,48
2025-05-10,SKU01167,119,0,7,22
2025-05-10,SKU01310,355,0,7,78
2025-05-10,SKU01407,681,0,7,159
2025-05-10,SKU01433,278,0,7,59
2025-05-10,SKU01495,235,0,7,52
2025-05-10,SKU01558,269,0,7,88
2025-05-10,SKU01567,442,0,7,83
2025-05-10,SKU01568,324,0,7,96
2025-05-10,SKU01678,412,0,7,93
2025-05-10,SKU01827,102,0,7,29
2025-05-10,SKU01880,328,0,7,67
2025-05-10,SKU01919,146,0,7,33
2025-05-10,SKU01939,362,0,7,92
2025-05-10,SKU01970,311,0,7,94
2025-05-10,SKU01971,411,0,7,92
2025-05-10,SKU02014,181,0,7,37
2025-05-10,SKU02038,380,0,7,66
2025-05-10,SKU02094,304,0,7,54
2025-05-10,SKU02103,281,0,7,65
2025-05-10,SKU02112,535,0,7,100
2025-05-10,SKU02164,232,0,7,52
2025-05-10,SKU02217,89,0,7,25
2025-05-10,SKU02329,527,0,7,88
2025-05-10,SKU02351,272,0,7,57
2025-05-10,SKU02463,149,0,7,29
2025-05-10,SKU02472,237,0,7,50
2025-05-10,SKU02501,397,0,7,81
2025-05-10,SKU02514,415,0,7,79
2025-05-10,SKU02576,139,0,7,32
2025-05-10,SKU02584,289,0,7,85
2025-05-10,SKU02728,356,0,7,100
2025-05-10,SKU02938,93,0,7,26
2025-05-10,SKU02946,366,0,7,100
2025-05-10,SKU03043,295,0,7,69
2025-05-10,SKU03090,563,0,7,136
2025-05-10,SKU03152,114,0,7,27
2025-05-10,SKU03192,410,0,7,74
2025-05-10,SKU03220,596,0,7,118
2025-05-10,SKU03235,199,0,7,62
2025-05-10,SKU03311,188,0,7,36
2025-05-10,SKU03357,262,0,7,58
2025-05-10,SKU03375,282,0,7,85
2025-05-10,SKU03436,116,0,7,23
2025-05-10,SKU03441,324,0,7,77
2025-05-10,SKU03580,113,0,7,24
2025-05-10,SKU03592,123,0,7,24
2025-05-10,SKU03621,330,0,7,71
2025-05-10,SKU03634,197,0,7,33
2025-05-10,SKU03737,392,0,7,80
2025-05-10,SKU03822,332,0,7,59
2025-05-10,SKU03863,437,0,7,94
2025-05-10,SKU03884,270,0,7,60
2025-05-10,SKU03892,209,0,7,58
2025-05-10,SKU03950,346,0,7,76
2025-05-10,SKU03966,166,0,7,44
2025-05-10,SKU03991,261,0,7,60
2025-05-10,SKU04053,193,0,7,48
2025-05-10,SKU04062,518,0,7,91
2025-05-10,SKU04249,234,0,7,44
2025-05-10,SKU04250,348,0,7,79
2025-05-10,SKU04292,230,0,7,66
2025-05-10,SKU04352,483,0,7,98
2025-05-10,SKU04442,339,0,7,63
2025-05-10,SKU04470,365,0,7,78
2025-05-10,SKU04491,366,0,7,86
2025-05-10,SKU04504,219,0,7,49
2025-05-10,SKU04554,213,0,7,53
2025-05-10,SKU04679,293,0,7,90
2025-05-10,SKU04693,366,0,7,77
2025-05-10,SKU04747,179,0,7,57
2025-05-10,SKU04757,306,0,7,54
2025-05-10,SKU04795,221,0,7,43
2025-05-10,SKU04798,429,0,7,88
2025-05-10,SKU04856,321,0,7,55
2025-05-10,SKU04887,437,0,7,95
2025-05-10,SKU04901,362,0,7,77
2025-05-10,SKU04919,339,0,7,88
2025-05-10,SKU04987,284,0,7,84
2025-05-10,SKU04996,243,0,7,49
2025-05-10,SKU05000,286,0,7,83
2025-05-11,SKU00069,440,0,7,80
2025-05-11,SKU00083,438,0,7,83
2025-05-11,SKU00140,168,0,7,50
2025-05-11,SKU00155,366,0,7,75
2025-05-11,SKU00251,405,0,7,84
2025-05-11,SKU00305,254,0,7,70
2025-05-11,SKU00317,244,0,7,43
2025-05-11,SKU00419,459,0,7,98
2025-05-11,SKU00466,258,0,7,64
2025-05-11,SKU00553,296,0,7,56
2025-05-11,SKU00654,67,0,7,21
2025-05-11,SKU00682,327,0,7,71
2025-05-11,SKU00758,224,0,7,64
2025-05-11,SKU00932,264,0,7,74
2025-05-11,SKU00954,369,0,7,69
2025-05-11,SKU00986,186,0,7,48
2025-05-11,SKU01063,300,0,7,86
2025-05-11,SKU01167,424,0,7,126
2025-05-11,SKU01179,409,0,7,70
2025-05-11,SKU01191,441,0,7,114
2025-05-11,SKU01256,68,0,7,21
2025-05-11,SKU01318,140,0,7,38
2025-05-11,SKU01337,500,0,7,111
2025-05-11,SKU01495,275,0,7,50
2025-05-11,SKU01568,224,0,7,45
2025-05-11,SKU01605,281,0,7,47
2025-05-11,SKU01678,409,0,7,97
2025-05-11,SKU01857,246,0,7,65
2025-05-11,SKU01863,346,0,7,67
2025-05-11,SKU01911,398,0,7,88
2025-05-11,SKU01915,119,0,7,30
2025-05-11,SKU01981,313,0,7,54
2025-05-11,SKU02070,241,0,7,52
2025-05-11,SKU02129,431,0,7,73
2025-05-11,SKU02223,269,0,7,86
2025-05-11,SKU02224,592,0,7,99
2025-05-11,SKU02277,294,0,7,52
2025-05-11,SKU02302,92,0,7,25
2025-05-11,SKU02329,315,0,7,73
2025-05-11,SKU02365,383,0,7,71
2025-05-11,SKU02386,268,0,7,87
2025-05-11,SKU02446,208,0,7,40
2025-05-11,SKU02472,224,0,7,39
2025-05-11,SKU02514,405,0,7,88
2025-05-11,SKU02519,340,0,7,60
2025-05-11,SKU02534,399,0,7,74
2025-05-11,SKU02570,537,0,7,94
2025-05-11,SKU02584,333,0,7,57
2025-05-11,SKU02842,497,0,7,94
2025-05-11,SKU02911,141,0,7,35
2025-05-11,SKU03043,218,0,7,40
2025-05-11,SKU03073,406,0,7,87
2025-05-11,SKU03129,299,0,7,52
2025-05-11,SKU03257,164,0,7,41
2025-05-11,SKU03281,530,0,7,89
2025-05-11,SKU03290,260,0,7,45
2025-05-11,SKU03291,392,0,7,71
2025-05-11,SKU03347,165,0,7,46
2025-05-11,SKU03362,242,0,7,74
2025-05-11,SKU03376,159,0,7,39
2025-05-11,SKU03441,350,0,7,71
2025-05-11,SKU03457,162,0,7,34
2025-05-11,SKU03484,175,0,7,39
2025-05-11,SKU03492,473,0,7,86
2025-05-11,SKU03583,428,0,7,87
2025-05-11,SKU03592,114,0,7,22
2025-05-11,SKU03624,199,0,7,51
2025-05-11,SKU03634,105,0,7,22
2025-05-11,SKU03642,335,0,7,79
2025-05-11,SKU03709,794,0,7,160
2025-05-11,SKU03740,349,0,7,92
2025-05-11,SKU03828,189,0,7,46
2025-05-11,SKU03905,346,0,7,70
2025-05-11,SKU04052,396,0,7,84
2025-05-11,SKU04062,196,0,7,65
2025-05-11,SKU04073,93,0,7,30
2025-05-11,SKU04144,303,0,7,90
2025-05-11,SKU04160,315,0,7,60
2025-05-11,SKU04222,347,0,7,80
2025-05-11,SKU04244,313,0,7,81
2025-05-11,SKU04292,204,0,7,39
2025-05-11,SKU04414,223,0,7,38
2025-05-11,SKU04461,183,0,7,55
2025-05-11,SKU04491,550,0,7,100
2025-05-11,SKU04566,402,0,7,97
2025-05-11,SKU04729,104,0,7,22
2025-05-11,SKU04757,275,0,7,54
2025-05-11,SKU04768,150,0,7,33
2025-05-11,SKU04854,281,0,7,51
2025-05-11,SKU04856,225,0,7,44
2025-05-11,SKU04894,146,0,7,41
2025-05-11,SKU04901,181,0,7,35
2025-05-12,SKU00012,94,0,7,30
2025-05-12,SKU00069,274,0,7,59
2025-05-12,SKU00105,566,0,7,133
2025-05-12,SKU00127,353,0,7,86
2025-05-12,SKU00150,146,0,7,31
2025-05-12,SKU00237,155,0,7,34
2025-05-12,SKU00305,301,0,7,93
2025-05-12,SKU00317,192,0,7,48
2025-05-12,SKU00342,288,0,7,61
2025-05-12,SKU00354,1101,0,7,221
2025-05-12,SKU00419,276,0,7,53
2025-05-12,SKU00421,118,0,7,36
2025-05-12,SKU00449,181,0,7,31
2025-05-12,SKU00462,115,0,7,21
2025-05-12,SKU00466,146,0,7,36
2025-05-12,SKU00498,82,0,7,25
2025-05-12,SKU00502,397,0,7,96
2025-05-12,SKU00507,362,0,7,96
2025-05-12,SKU00550,246,0,7,43
2025-05-12,SKU00638,233,0,7,59
2025-05-12,SKU00649,311,0,7,85
2025-05-12,SKU00650,790,0,7,161
2025-05-12,SKU00734,330,0,7,69
2025-05-12,SKU00837,319,0,7,99
2025-05-12,SKU00965,310,0,7,58
2025-05-12,SKU00991,350,0,7,65
2025-05-12,SKU01042,429,0,7,96
2025-05-12,SKU01052,192,0,7,63
2025-05-12,SKU01070,191,0,7,34
2025-05-12,SKU01112,195,0,7,52
2025-05-12,SKU01187,471,0,7,88
2025-05-12,SKU01200,207,0,7,41
2025-05-12,SKU01337,258,0,7,73
2025-05-12,SKU01339,276,0,7,53
2025-05-12,SKU01407,92,0,7,28
2025-05-12,SKU01413,390,0,7,83
2025-05-12,SKU01428,414,0,7,86
2025-05-12,SKU01433,199,0,7,38
2025-05-12,SKU01582,237,0,7,50
2025-05-12,SKU01645,428,0,7,96
2025-05-12,SKU01649,299,0,7,79
2025-05-12,SKU01717,286,0,7,50
2025-05-12,SKU01770,484,0,7,97
2025-05-12,SKU01790,318,0,7,89
2025-05-12,SKU01818,194,0,7,55
2025-05-12,SKU01827,278,0,7,61
2025-05-12,SKU01874,523,0,7,124
2025-05-12,SKU01880,323,0,7,70
2025-05-12,SKU01939,227,0,7,55
2025-05-12,SKU02014,358,0,7,69
2025-05-12,SKU02075,191,0,7,37
2025-05-12,SKU02267,186,0,7,40
2025-05-12,SKU02351,464,0,7,86
2025-05-12,SKU02376,365,0,7,69
2025-05-12,SKU02421,75,0,7,21
2025-05-12,SKU02436,323,0,7,68
2025-05-12,SKU02472,84,0,7,21
2025-05-12,SKU02519,211,0,7,64
2025-05-12,SKU02520,850,0,7,159
2025-05-12,SKU02534,122,0,7,35
2025-05-12,SKU02580,366,0,7,94
2025-05-12,SKU03031,319,0,7,70
2025-05-12,SKU03036,89,0,7,29
2025-05-12,SKU03089,283,0,7,78
2025-05-12,SKU03090,165,0,7,44
2025-05-12,SKU03092,252,0,7,44
2025-05-12,SKU03108,288,0,7,71
2025-05-12,SKU03139,320,0,7,59
2025-05-12,SKU03192,169,0,7,40
2025-05-12,SKU03210,364,0,7,99
2025-05-12,SKU03281,367,0,7,73
2025-05-12,SKU03290,440,0,7,75
2025-05-12,SKU03311,481,0,7,97
2025-05-12,SKU03416,130,0,7,24
2025-05-12,SKU03428,530,0,7,127
2025-05-12,SKU03548,203,0,7,67
2025-05-12,SKU03583,244,0,7,67
2025-05-12,SKU03619,330,0,7,65
2025-05-12,SKU03621,236,0,7,44
2025-05-12,SKU03807,771,0,7,183
2025-05-12,SKU03966,329,0,7,84
2025-05-12,SKU04048,177,0,7,41
2025-05-12,SKU04106,672,0,7,123
2025-05-12,SKU04118,661,0,7,121
2025-05-12,SKU04142,228,0,7,73
2025-05-12,SKU04145,376,0,7,73
2025-05-12,SKU04153,270,0,7,82
2025-05-12,SKU04160,248,0,7,49
2025-05-12,SKU04215,155,0,7,33
2025-05-12,SKU04319,110,0,7,30
2025-05-12,SKU04352,246,0,7,41
2025-05-12,SKU04491,396,0,7,67
2025-05-12,SKU04526,278,0,7,68
2025-05-12,SKU04561,118,0,7,23
2025-05-12,SKU04653,568,0,7,138
2025-05-12,SKU04654,157,0,7,31
2025-05-12,SKU04729,654,0,7,128
2025-05-12,SKU04741,132,0,7,34
2025-05-12,SKU04747,302,0,7,99
2025-05-12,SKU04768,570,0,7,99
2025-05-12,SKU04791,153,0,7,27
2025-05-12,SKU04849,267,0,7,54
2025-05-12,SKU04905,455,0,7,82
2025-05-13,SKU00024,263,0,7,81
2025-05-13,SKU00090,480,0,7,93
2025-05-13,SKU00140,380,0,7,72
2025-05-13,SKU00167,398,0,7,67
2025-05-13,SKU00237,477,0,7,100
2025-05-13,SKU00546,451,0,7,82
2025-05-13,SKU00584,149,0,7,31
2025-05-13,SKU00649,434,0,7,81
2025-05-13,SKU00654,402,0,7,73
2025-05-13,SKU00699,145,0,7,46
2025-05-13,SKU00749,84,0,7,28
2025-05-13,SKU00758,591,0,7,100
2025-05-13,SKU00837,399,0,7,87
2025-05-13,SKU00855,350,0,7,78
2025-05-13,SKU00860,872,0,7,184
2025-05-13,SKU00874,436,0,7,81
2025-05-13,SKU00972,322,0,7,81
2025-05-13,SKU01023,187,0,7,52
2025-05-13,SKU01031,691,0,7,175
2025-05-13,SKU01158,395,0,7,77
2025-05-13,SKU01224,370,0,7,78
2025-05-13,SKU01229,418,0,7,72
2025-05-13,SKU01287,587,0,7,106
2025-05-13,SKU01347,103,0,7,21
2025-05-13,SKU01651,308,0,7,53
2025-05-13,SKU01684,193,0,7,44
2025-05-13,SKU01792,307,0,7,75
2025-05-13,SKU01822,364,0,7,97
2025-05-13,SKU01851,588,0,7,104
2025-05-13,SKU01911,494,0,7,99
2025-05-13,SKU02129,455,0,7,91
2025-05-13,SKU02194,491,0,7,89
2025-05-13,SKU02205,345,0,7,85
2025-05-13,SKU02209,353,0,7,64
2025-05-13,SKU02290,428,0,7,86
2025-05-13,SKU02351,315,0,7,92
2025-05-13,SKU02387,183,0,7,51
2025-05-13,SKU02446,244,0,7,48
2025-05-13,SKU02520,323,0,7,79
2025-05-13,SKU02533,341,0,7,94
2025-05-13,SKU02534,271,0,7,61
2025-05-13,SKU02584,224,0,7,52
2025-05-13,SKU02718,298,0,7,95
2025-05-13,SKU02794,110,0,7,32
2025-05-13,SKU02964,354,0,7,60
2025-05-13,SKU02969,256,0,7,71
2025-05-13,SKU02999,185,0,7,34
2025-05-13,SKU03043,185,0,7,53
2025-05-13,SKU03108,439,0,7,99
2025-05-13,SKU03129,304,0,7,85
2025-05-13,SKU03173,179,0,7,46
2025-05-13,SKU03230,236,0,7,65
2025-05-13,SKU03266,169,0,7,32
2025-05-13,SKU03284,163,0,7,31
2025-05-13,SKU03286,186,0,7,59
2025-05-13,SKU03311,278,0,7,87
2025-05-13,SKU03349,98,0,7,20
2025-05-13,SKU03436,322,0,7,90
2025-05-13,SKU03457,296,0,7,55
2025-05-13,SKU03484,319,0,7,87
2025-05-13,SKU03491,1087,0,7,190
2025-05-13,SKU03492,200,0,7,57
2025-05-13,SKU03504,238,0,7,51
2025-05-13,SKU03574,242,0,7,45
2025-05-13,SKU03582,217,0,7,43
2025-05-13,SKU03602,330,0,7,65
2025-05-13,SKU03634,263,0,7,66
2025-05-13,SKU03744,337,0,7,64
2025-05-13,SKU03773,298,0,7,74
2025-05-13,SKU03805,388,0,7,74
2025-05-13,SKU03807,288,0,7,67
2025-05-13,SKU03833,376,0,7,94
2025-05-13,SKU03863,219,0,7,38
2025-05-13,SKU03968,81,0,7,21
2025-05-13,SKU03991,436,0,7,92
2025-05-13,SKU04018,72,0,7,20
2025-05-13,SKU04073,647,0,7,140
2025-05-13,SKU04142,183,0,7,32
2025-05-13,SKU04145,193,0,7,55
2025-05-13,SKU04152,383,0,7,91
2025-05-13,SKU04158,221,0,7,68
2025-05-13,SKU04160,138,0,7,25
2025-05-13,SKU04222,365,0,7,79
2025-05-13,SKU04228,309,0,7,90
2025-05-13,SKU04244,380,0,7,94
2025-05-13,SKU04319,498,0,7,148
2025-05-13,SKU04409,414,0,7,76
2025-05-13,SKU04412,470,0,7,118
2025-05-13,SKU04499,294,0,7,93
2025-05-13,SKU04526,150,0,7,47
2025-05-13,SKU04670,422,0,7,78
2025-05-13,SKU04706,379,0,7,82
2025-05-13,SKU04726,510,0,7,86
2025-05-13,SKU04729,164,0,7,34
2025-05-13,SKU04757,357,0,7,65
2025-05-13,SKU04771,572,0,7,115
2025-05-13,SKU04795,491,0,7,83
2025-05-13,SKU04797,136,0,7,41
2025-05-13,SKU04798,361,0,7,92
2025-05-13,SKU04887,82,0,7,20
2025-05-13,SKU04945,135,0,7,23
2025-05-13,SKU04996,239,0,7,70
2025-05-14,SKU00083,219,0,7,55
2025-05-14,SKU00167,400,0,7,87
2025-05-14,SKU00385,110,0,7,31
2025-05-14,SKU00402,138,0,7,37
2025-05-14,SKU00421,759,0,7,179
2025-05-14,SKU00437,105,0,7,31
2025-05-14,SKU00449,154,0,7,28
2025-05-14,SKU00498,334,0,7,62
2025-05-14,SKU00574,462,0,7,96
2025-05-14,SKU00584,233,0,7,73
2025-05-14,SKU00691,183,0,7,40
2025-05-14,SKU00749,475,0,7,97
2025-05-14,SKU00906,571,0,7,98
2025-05-14,SKU01038,179,0,7,49
2025-05-14,SKU01046,198,0,7,60
2025-05-14,SKU01068,280,0,7,67
2025-05-14,SKU01075,258,0,7,45
2025-05-14,SKU01104,465,0,7,91
2025-05-14,SKU01179,153,0,7,39
2025-05-14,SKU01187,163,0,7,48
2025-05-14,SKU01200,374,0,7,83
2025-05-14,SKU01229,242,0,7,64
2025-05-14,SKU01310,285,0,7,74
2025-05-14,SKU01356,312,0,7,56
2025-05-14,SKU01407,367,0,7,72
2025-05-14,SKU01428,339,0,7,59
2025-05-14,SKU01441,358,0,7,77
2025-05-14,SKU01457,122,0,7,36
2025-05-14,SKU01495,127,0,7,24
2025-05-14,SKU01538,463,0,7,82
2025-05-14,SKU01542,974,0,7,178
2025-05-14,SKU01696,79,0,7,21
2025-05-14,SKU01762,292,0,7,52
2025-05-14,SKU01803,292,0,7,72
2025-05-14,SKU01818,309,0,7,60
2025-05-14,SKU01822,382,0,7,71
2025-05-14,SKU01827,455,0,7,82
2025-05-14,SKU01830,463,0,7,86
2025-05-14,SKU01834,378,0,7,68
2025-05-14,SKU01851,177,0,7,36
2025-05-14,SKU01857,304,0,7,73
2025-05-14,SKU01863,259,0,7,71
2025-05-14,SKU01877,501,0,7,113
2025-05-14,SKU02014,218,0,7,52
2025-05-14,SKU02142,332,0,7,74
2025-05-14,SKU02217,95,0,7,26
2025-05-14,SKU02224,175,0,7,40
2025-05-14,SKU02302,167,0,7,31
2025-05-14,SKU02376,226,0,7,75
2025-05-14,SKU02386,123,0,7,25
2025-05-14,SKU02566,113,0,7,32
2025-05-14,SKU02567,262,0,7,78
2025-05-14,SKU02570,215,0,7,37
2025-05-14,SKU02584,806,0,7,148
2025-05-14,SKU02590,379,0,7,93
2025-05-14,SKU02626,176,0,7,30
2025-05-14,SKU02630,229,0,7,52
2025-05-14,SKU02686,474,0,7,89
2025-05-14,SKU02718,162,0,7,38
2025-05-14,SKU02722,184,0,7,40
2025-05-14,SKU02871,209,0,7,48
2025-05-14,SKU02915,565,0,7,131
2025-05-14,SKU03058,99,0,7,31
2025-05-14,SKU03092,287,0,7,86
2025-05-14,SKU03150,304,0,7,100
2025-05-14,SKU03173,241,0,7,67
2025-05-14,SKU03177,498,0,7,83
2025-05-14,SKU03192,81,0,7,25
2025-05-14,SKU03251,89,0,7,23
2025-05-14,SKU03284,426,0,7,73
2025-05-14,SKU03291,115,0,7,31
2025-05-14,SKU03295,301,0,7,64
2025-05-14,SKU03347,100,0,7,24
2025-05-14,SKU03523,162,0,7,34
2025-05-14,SKU03609,156,0,7,28
2025-05-14,SKU03624,306,0,7,88
2025-05-14,SKU03634,285,0,7,65
2025-05-14,SKU03744,250,0,7,44
2025-05-14,SKU03749,406,0,7,76
2025-05-14,SKU03837,304,0,7,56
2025-05-14,SKU03905,194,0,7,41
2025-05-14,SKU03966,207,0,7,43
2025-05-14,SKU04102,291,0,7,79
2025-05-14,SKU04118,235,0,7,75
2025-05-14,SKU04153,238,0,7,59
2025-05-14,SKU04261,217,0,7,65
2025-05-14,SKU04292,162,0,7,53
2025-05-14,SKU04475,417,0,7,85
2025-05-14,SKU04491,407,0,7,91
2025-05-14,SKU04532,253,0,7,68
2025-05-14,SKU04652,225,0,7,51
2025-05-14,SKU04665,420,0,7,92
2025-05-14,SKU04690,896,0,7,156
2025-05-14,SKU04726,393,0,7,80
2025-05-14,SKU04771,97,0,7,24
2025-05-14,SKU04849,725,0,7,159
2025-05-14,SKU04941,299,0,7,50
2025-05-14,SKU04955,115,0,7,33
2025-05-15,SKU00012,387,0,7,69
2025-05-15,SKU00075,210,0,7,67
2025-05-15,SKU00240,307,0,7,57
2025-05-15,SKU00330,554,0,7,99
2025-05-15,SKU00385,348,0,7,64
2025-05-15,SKU00401,357,0,7,96
2025-05-15,SKU00402,164,0,7,51
2025-05-15,SKU00521,195,0,7,42
2025-05-15,SKU00535,435,0,7,73
2025-05-15,SKU00598,271,0,7,75
2025-05-15,SKU00608,82,0,7,20
2025-05-15,SKU00662,224,0,7,67
2025-05-15,SKU00679,160,0,7,45
2025-05-15,SKU00699,287,0,7,57
2025-05-15,SKU00758,389,0,7,99
2025-05-15,SKU00821,234,0,7,76
2025-05-15,SKU00837,185,0,7,58
2025-05-15,SKU00855,187,0,7,34
2025-05-15,SKU00860,181,0,7,47
2025-05-15,SKU00890,195,0,7,41
2025-05-15,SKU00965,182,0,7,43
2025-05-15,SKU00987,243,0,7,44
2025-05-15,SKU01034,120,0,7,22
2025-05-15,SKU01052,293,0,7,56
2025-05-15,SKU01070,471,0,7,86
2025-05-15,SKU01104,111,0,7,24
2025-05-15,SKU01112,209,0,7,37
2025-05-15,SKU01179,215,0,7,45
2025-05-15,SKU01200,335,0,7,79
2025-05-15,SKU01287,273,0,7,67
2025-05-15,SKU01318,356,0,7,80
2025-05-15,SKU01339,177,0,7,52
2025-05-15,SKU01340,473,0,7,83
2025-05-15,SKU01538,402,0,7,82
2025-05-15,SKU01542,289,0,7,82
2025-05-15,SKU01649,520,0,7,97
2025-05-15,SKU01651,103,0,7,20
2025-05-15,SKU01675,336,0,7,86
2025-05-15,SKU01678,109,0,7,21
2025-05-15,SKU01696,277,0,7,61
2025-05-15,SKU01770,509,0,7,118
2025-05-15,SKU01803,358,0,7,72
2025-05-15,SKU01874,195,0,7,52
2025-05-15,SKU02038,272,0,7,56
2025-05-15,SKU02055,294,0,7,89
2025-05-15,SKU02114,367,0,7,98
2025-05-15,SKU02128,449,0,7,99
2025-05-15,SKU02164,174,0,7,33
2025-05-15,SKU02205,245,0,7,58
2025-05-15,SKU02209,513,0,7,89
2025-05-15,SKU02351,213,0,7,38
2025-05-15,SKU02376,111,0,7,34
2025-05-15,SKU02386,307,0,7,59
2025-05-15,SKU02387,246,0,7,74
2025-05-15,SKU02463,258,0,7,43
2025-05-15,SKU02500,273,0,7,70
2025-05-15,SKU02639,535,0,7,95
2025-05-15,SKU02728,240,0,7,47
2025-05-15,SKU02768,185,0,7,40
2025-05-15,SKU02822,279,0,7,65
2025-05-15,SKU02842,96,0,7,23
2025-05-15,SKU03005,457,0,7,78
2025-05-15,SKU03031,193,0,7,50
2025-05-15,SKU03036,368,0,7,80
2025-05-15,SKU03152,197,0,7,42
2025-05-15,SKU03235,317,0,7,70
2025-05-15,SKU03254,456,0,7,87
2025-05-15,SKU03290,366,0,7,61
2025-05-15,SKU03311,384,0,7,72
2025-05-15,SKU03320,67,0,7,20
2025-05-15,SKU03376,343,0,7,69
2025-05-15,SKU03504,525,0,7,96
2025-05-15,SKU03583,100,0,7,29
2025-05-15,SKU03600,337,0,7,87
2025-05-15,SKU03609,399,0,7,73
2025-05-15,SKU03709,387,0,7,94
2025-05-15,SKU03744,311,0,7,70
2025-05-15,SKU03828,203,0,7,34
2025-05-15,SKU03863,455,0,7,97
2025-05-15,SKU03884,116,0,7,25
2025-05-15,SKU03892,346,0,7,80
2025-05-15,SKU03950,222,0,7,49
2025-05-15,SKU03961,420,0,7,100
2025-05-15,SKU04048,190,0,7,53
2025-05-15,SKU04053,111,0,7,25
2025-05-15,SKU04062,367,0,7,67
2025-05-15,SKU04158,328,0,7,55
2025-05-15,SKU04215,530,0,7,115
2025-05-15,SKU04261,94,0,7,22
2025-05-15,SKU04392,107,0,7,33
2025-05-15,SKU04414,446,0,7,82
2025-05-15,SKU04442,253,0,7,58
2025-05-15,SKU04532,409,0,7,83
2025-05-15,SKU04580,156,0,7,47
2025-05-15,SKU04607,142,0,7,25
2025-05-15,SKU04612,155,0,7,29
2025-05-15,SKU04643,377,0,7,92
2025-05-15,SKU04654,89,0,7,24
2025-05-15,SKU04665,149,0,7,40
2025-05-15,SKU04679,409,0,7,73
2025-05-15,SKU04753,245,0,7,48
2025-05-15,SKU04901,251,0,7,45
2025-05-16,SKU00052,154,0,7,41
2025-05-16,SKU00105,241,0,7,47
2025-05-16,SKU00167,315,0,7,61
2025-05-16,SKU00317,716,0,7,170
2025-05-16,SKU00330,259,0,7,53
2025-05-16,SKU00386,197,0,7,36
2025-05-16,SKU00449,248,0,7,48
2025-05-16,SKU00521,210,0,7,44
2025-05-16,SKU00551,174,0,7,35
2025-05-16,SKU00571,252,0,7,50
2025-05-16,SKU00645,594,0,7,123
2025-05-16,SKU00662,289,0,7,64
2025-05-16,SKU00679,314,0,7,55
2025-05-16,SKU00682,562,0,7,152
2025-05-16,SKU00965,544,0,7,109
2025-05-16,SKU00991,287,0,7,83
2025-05-16,SKU01042,302,0,7,97
2025-05-16,SKU01070,802,0,7,171
2025-05-16,SKU01075,125,0,7,40
2025-05-16,SKU01112,340,0,7,60
2025-05-16,SKU01224,500,0,7,113
2025-05-16,SKU01287,325,0,7,76
2025-05-16,SKU01339,218,0,7,46
2025-05-16,SKU01340,506,0,7,86
2025-05-16,SKU01407,239,0,7,40
2025-05-16,SKU01428,265,0,7,60
2025-05-16,SKU01441,550,0,7,99
2025-05-16,SKU01538,429,0,7,95
2025-05-16,SKU01696,127,0,7,28
2025-05-16,SKU01805,359,0,7,96
2025-05-16,SKU01818,158,0,7,41
2025-05-16,SKU01851,178,0,7,46
2025-05-16,SKU01854,105,0,7,32
2025-05-16,SKU01863,164,0,7,44
2025-05-16,SKU01880,417,0,7,77
2025-05-16,SKU01939,326,0,7,84
2025-05-16,SKU01981,243,0,7,67
2025-05-16,SKU02014,259,0,7,45
2025-05-16,SKU02055,144,0,7,30
2025-05-16,SKU02064,366,0,7,95
2025-05-16,SKU02103,159,0,7,53
2025-05-16,SKU02112,474,0,7,109
2025-05-16,SKU02217,535,0,7,99
2025-05-16,SKU02224,361,0,7,68
2025-05-16,SKU02331,263,0,7,56
2025-05-16,SKU02351,66,0,7,21
2025-05-16,SKU02365,364,0,7,90
2025-05-16,SKU02376,144,0,7,37
2025-05-16,SKU02387,109,0,7,36
2025-05-16,SKU02436,337,0,7,81
2025-05-16,SKU02446,107,0,7,26
2025-05-16,SKU02533,94,0,7,26
2025-05-16,SKU02534,377,0,7,99
2025-05-16,SKU02546,459,0,7,92
2025-05-16,SKU02566,289,0,7,84
2025-05-16,SKU02639,174,0,7,58
2025-05-16,SKU02842,400,0,7,86
2025-05-16,SKU02877,272,0,7,87
2025-05-16,SKU02915,215,0,7,53
2025-05-16,SKU03090,255,0,7,58
2025-05-16,SKU03139,341,0,7,59
2025-05-16,SKU03173,443,0,7,77
2025-05-16,SKU03177,310,0,7,88
2025-05-16,SKU03257,393,0,7,68
2025-05-16,SKU03290,284,0,7,51
2025-05-16,SKU03291,164,0,7,32
2025-05-16,SKU03357,171,0,7,35
2025-05-16,SKU03457,400,0,7,67
2025-05-16,SKU03492,342,0,7,79
2025-05-16,SKU03523,426,0,7,88
2025-05-16,SKU03583,455,0,7,93
2025-05-16,SKU03609,133,0,7,28
2025-05-16,SKU03619,220,0,7,50
2025-05-16,SKU03627,307,0,7,53
2025-05-16,SKU03737,626,0,7,152
2025-05-16,SKU03823,365,0,7,85
2025-05-16,SKU03839,476,0,7,80
2025-05-16,SKU03864,506,0,7,85
2025-05-16,SKU03931,66,0,7,22
2025-05-16,SKU03941,457,0,7,81
2025-05-16,SKU03975,349,0,7,87
2025-05-16,SKU04019,454,0,7,95
2025-05-16,SKU04054,236,0,7,72
2025-05-16,SKU04062,205,0,7,39
2025-05-16,SKU04106,428,0,7,84
2025-05-16,SKU04107,402,0,7,92
2025-05-16,SKU04144,261,0,7,63
2025-05-16,SKU04145,263,0,7,47
2025-05-16,SKU04250,646,0,7,137
2025-05-16,SKU04281,204,0,7,49
2025-05-16,SKU04292,388,0,7,73
2025-05-16,SKU04414,137,0,7,44
2025-05-16,SKU04475,485,0,7,87
2025-05-16,SKU04505,112,0,7,28
2025-05-16,SKU04554,70,0,7,20
2025-05-16,SKU04566,133,0,7,30
2025-05-16,SKU04636,211,0,7,55
2025-05-16,SKU04653,122,0,7,24
2025-05-16,SKU04690,365,0,7,64
2025-05-16,SKU04726,401,0,7,93
2025-05-16,SKU04747,150,0,7,29
2025-05-16,SKU04953,309,0,7,73
2025-05-16,SKU04955,277,0,7,59
2025-05-16,SKU04958,450,0,7,115
2025-05-16,SKU04996,514,0,7,94
2025-05-17,SKU00012,574,0,7,96
2025-05-17,SKU00052,153,0,7,40
2025-05-17,SKU00083,264,0,7,45
2025-05-17,SKU00127,131,0,7,31
2025-05-17,SKU00305,168,0,7,35
2025-05-17,SKU00317,96,0,7,29
2025-05-17,SKU00401,547,0,7,161
2025-05-17,SKU00532,186,0,7,39
2025-05-17,SKU00598,297,0,7,65
2025-05-17,SKU00608,407,0,7,116
2025-05-17,SKU00645,273,0,7,75
2025-05-17,SKU00649,271,0,7,70
2025-05-17,SKU00654,413,0,7,74
2025-05-17,SKU00749,660,0,7,177
2025-05-17,SKU00837,295,0,7,93
2025-05-17,SKU00932,391,0,7,98
2025-05-17,SKU00972,376,0,7,84
2025-05-17,SKU00978,471,0,7,81
2025-05-17,SKU01017,256,0,7,77
2025-05-17,SKU01042,408,0,7,69
2025-05-17,SKU01046,282,0,7,56
2025-05-17,SKU01179,203,0,7,60
2025-05-17,SKU01187,302,0,7,54
2025-05-17,SKU01303,229,0,7,57
2025-05-17,SKU01337,244,0,7,70
2025-05-17,SKU01347,242,0,7,46
2025-05-17,SKU01392,304,0,7,99
2025-05-17,SKU01396,209,0,7,52
2025-05-17,SKU01457,296,0,7,97
2025-05-17,SKU01568,456,0,7,99
2025-05-17,SKU01580,299,0,7,89
2025-05-17,SKU01651,117,0,7,38
2025-05-17,SKU01733,283,0,7,74
2025-05-17,SKU01762,93,0,7,25
2025-05-17,SKU01770,161,0,7,29
2025-05-17,SKU01792,204,0,7,51
2025-05-17,SKU01911,294,0,7,96
2025-05-17,SKU01919,197,0,7,64
2025-05-17,SKU02014,832,0,7,167
2025-05-17,SKU02142,90,0,7,29
2025-05-17,SKU02211,233,0,7,71
2025-05-17,SKU02223,197,0,7,38
2025-05-17,SKU02267,294,0,7,50
2025-05-17,SKU02277,268,0,7,49
2025-05-17,SKU02279,399,0,7,85
2025-05-17,SKU02421,518,0,7,106
2025-05-17,SKU02463,297,0,7,87
2025-05-17,SKU02472,208,0,7,62
2025-05-17,SKU02546,755,0,7,129
2025-05-17,SKU02567,311,0,7,80
2025-05-17,SKU02576,169,0,7,30
2025-05-17,SKU02630,448,0,7,84
2025-05-17,SKU02700,350,0,7,84
2025-05-17,SKU02907,361,0,7,94
2025-05-17,SKU02911,200,0,7,34
2025-05-17,SKU03005,177,0,7,40
2025-05-17,SKU03129,348,0,7,77
2025-05-17,SKU03150,477,0,7,84
2025-05-17,SKU03173,330,0,7,59
2025-05-17,SKU03177,321,0,7,93
2025-05-17,SKU03179,142,0,7,38
2025-05-17,SKU03230,267,0,7,47
2025-05-17,SKU03251,239,0,7,41
2025-05-17,SKU03266,219,0,7,52
2025-05-17,SKU03284,382,0,7,93
2025-05-17,SKU03286,707,0,7,145
2025-05-17,SKU03320,415,0,7,86
2025-05-17,SKU03347,289,0,7,58
2025-05-17,SKU03454,386,0,7,89
2025-05-17,SKU03562,844,0,7,154
2025-05-17,SKU03609,166,0,7,37
2025-05-17,SKU03740,274,0,7,65
2025-05-17,SKU03744,292,0,7,59
2025-05-17,SKU03839,478,0,7,84
2025-05-17,SKU03884,400,0,7,103
2025-05-17,SKU04019,126,0,7,34
2025-05-17,SKU04048,182,0,7,39
2025-05-17,SKU04054,139,0,7,36
2025-05-17,SKU04073,144,0,7,26
2025-05-17,SKU04118,188,0,7,32
2025-05-17,SKU04160,261,0,7,76
2025-05-17,SKU04222,143,0,7,30
2025-05-17,SKU04261,129,0,7,28
2025-05-17,SKU04265,342,0,7,59
2025-05-17,SKU04319,206,0,7,40
2025-05-17,SKU04412,363,0,7,71
2025-05-17,SKU04504,208,0,7,41
2025-05-17,SKU04505,149,0,7,49
2025-05-17,SKU04554,283,0,7,49
2025-05-17,SKU04607,181,0,7,34
2025-05-17,SKU04612,114,0,7,26
2025-05-17,SKU04643,420,0,7,91
2025-05-17,SKU04652,104,0,7,21
2025-05-17,SKU04670,448,0,7,120
2025-05-17,SKU04717,371,0,7,80
2025-05-17,SKU04797,221,0,7,39
2025-05-17,SKU04854,235,0,7,40
2025-05-17,SKU04856,805,0,7,175
2025-05-17,SKU04894,554,0,7,136
2025-05-18,SKU00083,278,0,7,71
2025-05-18,SKU00240,635,0,7,132
2025-05-18,SKU00419,632,0,7,139
2025-05-18,SKU00421,139,0,7,38
2025-05-18,SKU00521,344,0,7,71
2025-05-18,SKU00551,118,0,7,29
2025-05-18,SKU00589,533,0,7,97
2025-05-18,SKU00706,71,0,7,22
2025-05-18,SKU00732,285,0,7,54
2025-05-18,SKU00749,171,0,7,41
2025-05-18,SKU00788,252,0,7,70
2025-05-18,SKU00837,475,0,7,90
2025-05-18,SKU00932,281,0,7,61
2025-05-18,SKU00935,215,0,7,54
2025-05-18,SKU00954,114,0,7,20
2025-05-18,SKU01063,90,0,7,26
2025-05-18,SKU01070,342,0,7,77
2025-05-18,SKU01112,542,0,7,98
2025-05-18,SKU01200,134,0,7,23
2025-05-18,SKU01229,181,0,7,60
2025-05-18,SKU01287,314,0,7,64
2025-05-18,SKU01347,432,0,7,96
2025-05-18,SKU01396,568,0,7,120
2025-05-18,SKU01428,433,0,7,74
2025-05-18,SKU01495,111,0,7,29
2025-05-18,SKU01542,334,0,7,57
2025-05-18,SKU01582,291,0,7,53
2025-05-18,SKU01605,332,0,7,73
2025-05-18,SKU01645,281,0,7,65
2025-05-18,SKU01674,165,0,7,37
2025-05-18,SKU01696,299,0,7,68
2025-05-18,SKU01803,118,0,7,39
2025-05-18,SKU01818,223,0,7,49
2025-05-18,SKU01828,441,0,7,77
2025-05-18,SKU01874,350,0,7,81
2025-05-18,SKU01880,113,0,7,20
2025-05-18,SKU01911,213,0,7,41
2025-05-18,SKU01939,356,0,7,65
2025-05-18,SKU01986,167,0,7,38
2025-05-18,SKU02055,270,0,7,60
2025-05-18,SKU02142,260,0,7,56
2025-05-18,SKU02267,171,0,7,44
2025-05-18,SKU02375,130,0,7,31
2025-05-18,SKU02386,436,0,7,73
2025-05-18,SKU02471,144,0,7,44
2025-05-18,SKU02546,318,0,7,79
2025-05-18,SKU02558,196,0,7,42
2025-05-18,SKU02567,299,0,7,56
2025-05-18,SKU02570,182,0,7,44
2025-05-18,SKU02580,121,0,7,28
2025-05-18,SKU02626,390,0,7,71
2025-05-18,SKU02662,326,0,7,92
2025-05-18,SKU02681,498,0,7,83
2025-05-18,SKU02768,471,0,7,99
2025-05-18,SKU02877,138,0,7,36
2025-05-18,SKU02915,206,0,7,36
2025-05-18,SKU02969,389,0,7,93
2025-05-18,SKU02997,352,0,7,98
2025-05-18,SKU02999,470,0,7,126
2025-05-18,SKU03005,115,0,7,32
2025-05-18,SKU03105,289,0,7,58
2025-05-18,SKU03115,284,0,7,54
2025-05-18,SKU03152,187,0,7,42
2025-05-18,SKU03230,681,0,7,128
2025-05-18,SKU03347,321,0,7,56
2025-05-18,SKU03362,137,0,7,45
2025-05-18,SKU03414,216,0,7,71
2025-05-18,SKU03441,99,0,7,32
2025-05-18,SKU03454,184,0,7,40
2025-05-18,SKU03457,309,0,7,90
2025-05-18,SKU03523,404,0,7,80
2025-05-18,SKU03583,138,0,7,24
2025-05-18,SKU03773,327,0,7,67
2025-05-18,SKU03805,380,0,7,84
2025-05-18,SKU03828,231,0,7,76
2025-05-18,SKU03839,129,0,7,25
2025-05-18,SKU03905,65,0,7,21
2025-05-18,SKU03961,228,0,7,61
2025-05-18,SKU03968,896,0,7,158
2025-05-18,SKU04062,137,0,7,28
2025-05-18,SKU04102,171,0,7,40
2025-05-18,SKU04107,280,0,7,68
2025-05-18,SKU04145,465,0,7,82
2025-05-18,SKU04152,230,0,7,39
2025-05-18,SKU04153,357,0,7,80
2025-05-18,SKU04194,485,0,7,87
2025-05-18,SKU04217,209,0,7,48
2025-05-18,SKU04261,413,0,7,78
2025-05-18,SKU04281,126,0,7,40
2025-05-18,SKU04319,203,0,7,39
2025-05-18,SKU04401,450,0,7,87
2025-05-18,SKU04414,312,0,7,55
2025-05-18,SKU04443,161,0,7,37
2025-05-18,SKU04526,287,0,7,65
2025-05-18,SKU04532,136,0,7,36
2025-05-18,SKU04641,140,0,7,41
2025-05-18,SKU04643,128,0,7,24
2025-05-18,SKU04652,244,0,7,62
2025-05-18,SKU04670,400,0,7,97
2025-05-18,SKU04679,561,0,7,127
2025-05-18,SKU04729,252,0,7,42
2025-05-18,SKU04771,272,0,7,89
2025-05-18,SKU04795,551,0,7,144
2025-05-18,SKU04854,458,0,7,91
2025-05-18,SKU04888,362,0,7,61
2025-05-19,SKU00105,310,0,7,66
2025-05-19,SKU00127,514,0,7,88
2025-05-19,SKU00155,314,0,7,72
2025-05-19,SKU00251,200,0,7,38
2025-05-19,SKU00331,188,0,7,52
2025-05-19,SKU00371,82,0,7,22
2025-05-19,SKU00389,286,0,7,64
2025-05-19,SKU00502,358,0,7,91
2025-05-19,SKU00524,411,0,7,91
2025-05-19,SKU00553,296,0,7,90
2025-05-19,SKU00638,343,0,7,76
2025-05-19,SKU00645,111,0,7,26
2025-05-19,SKU00662,345,0,7,99
2025-05-19,SKU00679,184,0,7,53
2025-05-19,SKU00691,223,0,7,70
2025-05-19,SKU00732,223,0,7,49
2025-05-19,SKU00734,119,0,7,23
2025-05-19,SKU00767,550,0,7,100
2025-05-19,SKU00837,124,0,7,30
2025-05-19,SKU00890,676,0,7,150
2025-05-19,SKU00932,333,0,7,99
2025-05-19,SKU00965,205,0,7,50
2025-05-19,SKU00991,137,0,7,36
2025-05-19,SKU01017,378,0,7,71
2025-05-19,SKU01031,126,0,7,27
2025-05-19,SKU01133,163,0,7,28
2025-05-19,SKU01229,433,0,7,80
2025-05-19,SKU01287,226,0,7,40
2025-05-19,SKU01356,263,0,7,56
2025-05-19,SKU01407,478,0,7,97
2025-05-19,SKU01567,188,0,7,50
2025-05-19,SKU01568,327,0,7,70
2025-05-19,SKU01582,533,0,7,98
2025-05-19,SKU01592,496,0,7,90
2025-05-19,SKU01645,292,0,7,84
2025-05-19,SKU01649,846,0,7,170
2025-05-19,SKU01762,308,0,7,52
2025-05-19,SKU01790,307,0,7,100
2025-05-19,SKU01803,344,0,7,96
2025-05-19,SKU01854,744,0,7,170
2025-05-19,SKU01863,242,0,7,75
2025-05-19,SKU01880,339,0,7,70
2025-05-19,SKU01970,162,0,7,38
2025-05-19,SKU02114,323,0,7,89
2025-05-19,SKU02205,316,0,7,61
2025-05-19,SKU02277,182,0,7,34
2025-05-19,SKU02365,296,0,7,68
2025-05-19,SKU02421,189,0,7,46
2025-05-19,SKU02446,844,0,7,150
2025-05-19,SKU02471,74,0,7,21
2025-05-19,SKU02570,107,0,7,29
2025-05-19,SKU02662,333,0,7,66
2025-05-19,SKU02710,211,0,7,51
2025-05-19,SKU02722,238,0,7,43
2025-05-19,SKU02768,390,0,7,75
2025-05-19,SKU02829,271,0,7,57
2025-05-19,SKU02871,394,0,7,73
2025-05-19,SKU02877,220,0,7,38
2025-05-19,SKU03031,211,0,7,48
2025-05-19,SKU03129,192,0,7,63
2025-05-19,SKU03277,78,0,7,20
2025-05-19,SKU03281,822,0,7,143
2025-05-19,SKU03311,139,0,7,25
2025-05-19,SKU03347,582,0,7,123
2025-05-19,SKU03375,441,0,7,88
2025-05-19,SKU03492,279,0,7,58
2025-05-19,SKU03523,379,0,7,78
2025-05-19,SKU03634,134,0,7,24
2025-05-19,SKU03803,394,0,7,92
2025-05-19,SKU03833,523,0,7,96
2025-05-19,SKU03839,206,0,7,63
2025-05-19,SKU03884,249,0,7,66
2025-05-19,SKU03935,229,0,7,53
2025-05-19,SKU03950,193,0,7,58
2025-05-19,SKU03966,192,0,7,58
2025-05-19,SKU04018,128,0,7,25
2025-05-19,SKU04019,509,0,7,87
2025-05-19,SKU04106,407,0,7,78
2025-05-19,SKU04142,486,0,7,97
2025-05-19,SKU04153,548,0,7,161
2025-05-19,SKU04215,117,0,7,35
2025-05-19,SKU04392,262,0,7,86
2025-05-19,SKU04443,321,0,7,66
2025-05-19,SKU04468,161,0,7,49
2025-05-19,SKU04491,326,0,7,73
2025-05-19,SKU04532,157,0,7,46
2025-05-19,SKU04641,155,0,7,47
2025-05-19,SKU04643,315,0,7,80
2025-05-19,SKU04652,312,0,7,81
2025-05-19,SKU04693,509,0,7,102
2025-05-19,SKU04854,277,0,7,88
2025-05-19,SKU04856,276,0,7,55
2025-05-19,SKU04879,370,0,7,66
2025-05-19,SKU04902,295,0,7,81
2025-05-19,SKU04958,200,0,7,53
2025-05-20,SKU00032,265,0,7,70
2025-05-20,SKU00069,374,0,7,93
2025-05-20,SKU00150,150,0,7,38
2025-05-20,SKU00155,270,0,7,87
2025-05-20,SKU00237,293,0,7,89
2025-05-20,SKU00251,353,0,7,70
2025-05-20,SKU00317,76,0,7,24
2025-05-20,SKU00331,335,0,7,64
2025-05-20,SKU00342,126,0,7,28
2025-05-20,SKU00350,129,0,7,26
2025-05-20,SKU00354,194,0,7,64
2025-05-20,SKU00437,176,0,7,47
2025-05-20,SKU00507,165,0,7,36
2025-05-20,SKU00521,99,0,7,23
2025-05-20,SKU00532,106,0,7,27
2025-05-20,SKU00571,145,0,7,28
2025-05-20,SKU00584,268,0,7,75
2025-05-20,SKU00682,308,0,7,61
2025-05-20,SKU00706,349,0,7,87
2025-05-20,SKU00860,232,0,7,76
2025-05-20,SKU00890,190,0,7,36
2025-05-20,SKU01063,604,0,7,119
2025-05-20,SKU01133,191,0,7,58
2025-05-20,SKU01187,348,0,7,74
2025-05-20,SKU01318,291,0,7,62
2025-05-20,SKU01356,164,0,7,35
2025-05-20,SKU01396,204,0,7,61
2025-05-20,SKU01441,373,0,7,92
2025-05-20,SKU01558,475,0,7,95
2025-05-20,SKU01568,511,0,7,91
2025-05-20,SKU01580,321,0,7,63
2025-05-20,SKU01803,470,0,7,100
2025-05-20,SKU01857,175,0,7,32
2025-05-20,SKU01903,309,0,7,52
2025-05-20,SKU01919,444,0,7,113
2025-05-20,SKU02209,109,0,7,32
2025-05-20,SKU02253,915,0,7,175
2025-05-20,SKU02267,271,0,7,50
2025-05-20,SKU02331,143,0,7,30
2025-05-20,SKU02351,311,0,7,61
2025-05-20,SKU02446,350,0,7,83
2025-05-20,SKU02463,567,0,7,140
2025-05-20,SKU02567,255,0,7,65
2025-05-20,SKU02580,285,0,7,54
2025-05-20,SKU02626,304,0,7,58
2025-05-20,SKU02639,243,0,7,73
2025-05-20,SKU02675,235,0,7,77
2025-05-20,SKU02722,281,0,7,51
2025-05-20,SKU02728,325,0,7,107
2025-05-20,SKU02829,256,0,7,53
2025-05-20,SKU02946,91,0,7,23
2025-05-20,SKU02964,641,0,7,128
2025-05-20,SKU03005,428,0,7,74
2025-05-20,SKU03014,93,0,7,29
2025-05-20,SKU03031,216,0,7,42
2025-05-20,SKU03058,169,0,7,42
2025-05-20,SKU03152,772,0,7,147
2025-05-20,SKU03177,283,0,7,56
2025-05-20,SKU03281,300,0,7,51
2025-05-20,SKU03362,290,0,7,82
2025-05-20,SKU03414,283,0,7,53
2025-05-20,SKU03436,364,0,7,75
2025-05-20,SKU03454,274,0,7,85
2025-05-20,SKU03457,442,0,7,95
2025-05-20,SKU03492,370,0,7,63
2025-05-20,SKU03580,422,0,7,89
2025-05-20,SKU03600,824,0,7,159
2025-05-20,SKU03634,468,0,7,93
2025-05-20,SKU03737,104,0,7,31
2025-05-20,SKU03822,332,0,7,72
2025-05-20,SKU03833,147,0,7,27
2025-05-20,SKU03884,260,0,7,44
2025-05-20,SKU03941,127,0,7,27
2025-05-20,SKU03950,447,0,7,91
2025-05-20,SKU03966,273,0,7,89
2025-05-20,SKU03968,270,0,7,49
2025-05-20,SKU04019,307,0,7,58
2025-05-20,SKU04118,176,0,7,48
2025-05-20,SKU04145,447,0,7,99
2025-05-20,SKU04158,217,0,7,46
2025-05-20,SKU04236,171,0,7,44
2025-05-20,SKU04265,582,0,7,121
2025-05-20,SKU04334,336,0,7,59
2025-05-20,SKU04352,325,0,7,68
2025-05-20,SKU04409,122,0,7,28
2025-05-20,SKU04412,527,0,7,91
2025-05-20,SKU04442,185,0,7,56
2025-05-20,SKU04461,322,0,7,56
2025-05-20,SKU04468,231,0,7,46
2025-05-20,SKU04526,117,0,7,30
2025-05-20,SKU04532,295,0,7,78
2025-05-20,SKU04641,341,0,7,59
2025-05-20,SKU04653,492,0,7,82
2025-05-20,SKU04665,330,0,7,61
2025-05-20,SKU04741,397,0,7,78
2025-05-20,SKU04753,117,0,7,33
2025-05-20,SKU04797,466,0,7,82
2025-05-20,SKU04831,205,0,7,36
2025-05-20,SKU04854,217,0,7,45
2025-05-20,SKU04941,268,0,7,55
2025-05-20,SKU04996,407,0,7,79
2025-05-21,SKU00069,146,0,7,45
2025-05-21,SKU00083,117,0,7,23
2025-05-21,SKU00140,421,0,7,78
2025-05-21,SKU00150,446,0,7,85
2025-05-21,SKU00173,98,0,7,20
2025-05-21,SKU00237,296,0,7,75
2025-05-21,SKU00421,128,0,7,26
2025-05-21,SKU00466,370,0,7,73
2025-05-21,SKU00501,397,0,7,96
2025-05-21,SKU00524,343,0,7,67
2025-05-21,SKU00532,260,0,7,57
2025-05-21,SKU00550,251,0,7,50
2025-05-21,SKU00589,216,0,7,58
2025-05-21,SKU00631,283,0,7,90
2025-05-21,SKU00650,335,0,7,82
2025-05-21,SKU00691,241,0,7,48
2025-05-21,SKU00734,248,0,7,43
2025-05-21,SKU00860,715,0,7,164
2025-05-21,SKU00874,149,0,7,31
2025-05-21,SKU00936,316,0,7,69
2025-05-21,SKU00954,258,0,7,71
2025-05-21,SKU00965,233,0,7,65
2025-05-21,SKU00991,195,0,7,50
2025-05-21,SKU01038,315,0,7,68
2025-05-21,SKU01046,345,0,7,71
2025-05-21,SKU01133,272,0,7,53
2025-05-21,SKU01407,119,0,7,23
2025-05-21,SKU01423,146,0,7,30
2025-05-21,SKU01495,149,0,7,36
2025-05-21,SKU01538,409,0,7,78
2025-05-21,SKU01580,119,0,7,38
2025-05-21,SKU01754,108,0,7,31
2025-05-21,SKU01762,453,0,7,116
2025-05-21,SKU01790,225,0,7,43
2025-05-21,SKU01863,549,0,7,128
2025-05-21,SKU01874,408,0,7,107
2025-05-21,SKU01911,226,0,7,40
2025-05-21,SKU01919,390,0,7,94
2025-05-21,SKU01971,297,0,7,72
2025-05-21,SKU02055,96,0,7,24
2025-05-21,SKU02064,786,0,7,167
2025-05-21,SKU02112,289,0,7,66
2025-05-21,SKU02129,493,0,7,118
2025-05-21,SKU02194,191,0,7,63
2025-05-21,SKU02253,392,0,7,79
2025-05-21,SKU02463,391,0,7,80
2025-05-21,SKU02541,183,0,7,39
2025-05-21,SKU02626,283,0,7,56
2025-05-21,SKU02686,143,0,7,32
2025-05-21,SKU02700,293,0,7,89
2025-05-21,SKU02722,317,0,7,77
2025-05-21,SKU02794,449,0,7,77
2025-05-21,SKU02907,289,0,7,91
2025-05-21,SKU02938,342,0,7,88
2025-05-21,SKU02946,289,0,7,54
2025-05-21,SKU02964,324,0,7,66
2025-05-21,SKU02997,102,0,7,31
2025-05-21,SKU03043,190,0,7,48
2025-05-21,SKU03105,162,0,7,33
2025-05-21,SKU03115,262,0,7,48
2025-05-21,SKU03257,564,0,7,98
2025-05-21,SKU03291,374,0,7,83
2025-05-21,SKU03428,195,0,7,45
2025-05-21,SKU03523,316,0,7,60
2025-05-21,SKU03602,233,0,7,65
2025-05-21,SKU03624,152,0,7,37
2025-05-21,SKU03634,254,0,7,44
2025-05-21,SKU03642,255,0,7,79
2025-05-21,SKU03805,334,0,7,69
2025-05-21,SKU03822,540,0,7,103
2025-05-21,SKU03864,151,0,7,26
2025-05-21,SKU03884,190,0,7,49
2025-05-21,SKU03941,345,0,7,67
2025-05-21,SKU03950,631,0,7,151
2025-05-21,SKU03991,200,0,7,38
2025-05-21,SKU04053,128,0,7,24
2025-05-21,SKU04054,377,0,7,83
2025-05-21,SKU04118,65,0,7,20
2025-05-21,SKU04158,279,0,7,91
2025-05-21,SKU04222,173,0,7,40
2025-05-21,SKU04249,208,0,7,69
2025-05-21,SKU04319,283,0,7,72
2025-05-21,SKU04392,350,0,7,83
2025-05-21,SKU04401,310,0,7,84
2025-05-21,SKU04414,408,0,7,72
2025-05-21,SKU04461,105,0,7,24
2025-05-21,SKU04499,112,0,7,27
2025-05-21,SKU04591,137,0,7,28
2025-05-21,SKU04652,295,0,7,68
2025-05-21,SKU04679,222,0,7,40
2025-05-21,SKU04729,412,0,7,113
2025-05-21,SKU04741,540,0,7,131
2025-05-21,SKU04757,317,0,7,92
2025-05-21,SKU04768,393,0,7,84
2025-05-21,SKU04798,362,0,7,95
2025-05-21,SKU04854,83,0,7,24
2025-05-21,SKU04887,316,0,7,71
2025-05-21,SKU04888,325,0,7,70
2025-05-21,SKU04894,423,0,7,123
2025-05-21,SKU04901,449,0,7,89
2025-05-21,SKU04902,230,0,7,46
2025-05-22,SKU00012,107,0,7,27
2025-05-22,SKU00052,84,0,7,21
2025-05-22,SKU00317,173,0,7,35
2025-05-22,SKU00330,460,0,7,82
2025-05-22,SKU00355,178,0,7,45
2025-05-22,SKU00402,172,0,7,34
2025-05-22,SKU00462,292,0,7,65
2025-05-22,SKU00466,249,0,7,51
2025-05-22,SKU00498,267,0,7,57
2025-05-22,SKU00550,311,0,7,63
2025-05-22,SKU00584,349,0,7,92
2025-05-22,SKU00592,476,0,7,84
2025-05-22,SKU00645,287,0,7,77
2025-05-22,SKU00706,163,0,7,38
2025-05-22,SKU00837,243,0,7,62
2025-05-22,SKU00858,107,0,7,34
2025-05-22,SKU00890,416,0,7,87
2025-05-22,SKU00894,242,0,7,51
2025-05-22,SKU00954,395,0,7,100
2025-05-22,SKU01070,219,0,7,56
2025-05-22,SKU01158,86,0,7,20
2025-05-22,SKU01229,158,0,7,39
2025-05-22,SKU01287,146,0,7,25
2025-05-22,SKU01310,125,0,7,24
2025-05-22,SKU01318,413,0,7,72
2025-05-22,SKU01340,105,0,7,24
2025-05-22,SKU01542,155,0,7,32
2025-05-22,SKU01558,1007,0,7,197
2025-05-22,SKU01643,371,0,7,81
2025-05-22,SKU01762,447,0,7,94
2025-05-22,SKU01781,83,0,7,21
2025-05-22,SKU01857,326,0,7,99
2025-05-22,SKU01971,179,0,7,43
2025-05-22,SKU02038,239,0,7,63
2025-05-22,SKU02055,154,0,7,28
2025-05-22,SKU02057,206,0,7,67
2025-05-22,SKU02128,232,0,7,64
2025-05-22,SKU02129,288,0,7,63
2025-05-22,SKU02209,518,0,7,93
2025-05-22,SKU02217,329,0,7,95
2025-05-22,SKU02221,96,0,7,29
2025-05-22,SKU02223,219,0,7,40
2025-05-22,SKU02253,556,0,7,142
2025-05-22,SKU02387,144,0,7,44
2025-05-22,SKU02500,707,0,7,158
2025-05-22,SKU02534,67,0,7,22
2025-05-22,SKU02541,270,0,7,52
2025-05-22,SKU02590,380,0,7,68
2025-05-22,SKU02662,456,0,7,84
2025-05-22,SKU02686,420,0,7,87
2025-05-22,SKU02768,137,0,7,44
2025-05-22,SKU02794,259,0,7,78
2025-05-22,SKU02915,216,0,7,38
2025-05-22,SKU03014,185,0,7,33
2025-05-22,SKU03036,361,0,7,93
2025-05-22,SKU03210,179,0,7,40
2025-05-22,SKU03320,414,0,7,97
2025-05-22,SKU03349,259,0,7,77
2025-05-22,SKU03416,317,0,7,89
2025-05-22,SKU03436,482,0,7,88
2025-05-22,SKU03492,197,0,7,38
2025-05-22,SKU03523,397,0,7,78
2025-05-22,SKU03562,113,0,7,37
2025-05-22,SKU03574,89,0,7,25
2025-05-22,SKU03600,147,0,7,49
2025-05-22,SKU03602,211,0,7,49
2025-05-22,SKU03627,391,0,7,71
2025-05-22,SKU03805,265,0,7,71
2025-05-22,SKU03828,796,0,7,144
2025-05-22,SKU03848,164,0,7,28
2025-05-22,SKU03905,277,0,7,68
2025-05-22,SKU03991,254,0,7,53
2025-05-22,SKU04018,119,0,7,23
2025-05-22,SKU04048,270,0,7,64
2025-05-22,SKU04052,310,0,7,100
2025-05-22,SKU04053,329,0,7,86
2025-05-22,SKU04152,398,0,7,90
2025-05-22,SKU04194,137,0,7,32
2025-05-22,SKU04217,215,0,7,61
2025-05-22,SKU04249,446,0,7,91
2025-05-22,SKU04250,480,0,7,101
2025-05-22,SKU04261,245,0,7,67
2025-05-22,SKU04292,614,0,7,166
2025-05-22,SKU04392,199,0,7,50
2025-05-22,SKU04409,356,0,7,62
2025-05-22,SKU04425,380,0,7,96
2025-05-22,SKU04532,124,0,7,25
2025-05-22,SKU04591,104,0,7,26
2025-05-22,SKU04643,238,0,7,48
2025-05-22,SKU04670,241,0,7,71
2025-05-22,SKU04690,153,0,7,43
2025-05-22,SKU04729,377,0,7,93
2025-05-22,SKU04854,276,0,7,88
2025-05-22,SKU04879,315,0,7,53
2025-05-22,SKU04901,716,0,7,183
2025-05-22,SKU04905,88,0,7,27
2025-05-22,SKU04958,262,0,7,76
2025-05-23,SKU00012,874,0,7,168
2025-05-23,SKU00024,127,0,7,31
2025-05-23,SKU00140,135,0,7,41
2025-05-23,SKU00240,251,0,7,70
2025-05-23,SKU00317,75,0,7,22
2025-05-23,SKU00330,176,0,7,52
2025-05-23,SKU00331,318,0,7,58
2025-05-23,SKU00462,265,0,7,59
2025-05-23,SKU00466,375,0,7,96
2025-05-23,SKU00498,272,0,7,54
2025-05-23,SKU00516,284,0,7,82
2025-05-23,SKU00598,370,0,7,83
2025-05-23,SKU00691,146,0,7,33
2025-05-23,SKU00821,266,0,7,64
2025-05-23,SKU00858,230,0,7,45
2025-05-23,SKU00894,222,0,7,67
2025-05-23,SKU00936,543,0,7,93
2025-05-23,SKU00972,151,0,7,36
2025-05-23,SKU00986,255,0,7,56
2025-05-23,SKU00991,340,0,7,85
2025-05-23,SKU01031,582,0,7,129
2025-05-23,SKU01068,663,0,7,169
2025-05-23,SKU01171,482,0,7,94
2025-05-23,SKU01174,307,0,7,93
2025-05-23,SKU01179,336,0,7,98
2025-05-23,SKU01191,387,0,7,85
2025-05-23,SKU01287,470,0,7,86
2025-05-23,SKU01428,230,0,7,39
2025-05-23,SKU01495,92,0,7,23
2025-05-23,SKU01568,276,0,7,58
2025-05-23,SKU01649,349,0,7,91
2025-05-23,SKU01674,437,0,7,84
2025-05-23,SKU01684,228,0,7,39
2025-05-23,SKU01696,301,0,7,86
2025-05-23,SKU01792,174,0,7,37
2025-05-23,SKU01803,468,0,7,95
2025-05-23,SKU01822,372,0,7,76
2025-05-23,SKU01827,138,0,7,30
2025-05-23,SKU01834,180,0,7,35
2025-05-23,SKU01911,259,0,7,64
2025-05-23,SKU01915,298,0,7,58
2025-05-23,SKU02057,230,0,7,46
2025-05-23,SKU02112,285,0,7,77
2025-05-23,SKU02194,150,0,7,45
2025-05-23,SKU02425,446,0,7,88
2025-05-23,SKU02463,328,0,7,60
2025-05-23,SKU02471,78,0,7,23
2025-05-23,SKU02576,280,0,7,57
2025-05-23,SKU02580,293,0,7,62
2025-05-23,SKU02700,107,0,7,30
2025-05-23,SKU02710,243,0,7,43
2025-05-23,SKU02718,206,0,7,35
2025-05-23,SKU02780,465,0,7,80
2025-05-23,SKU02822,332,0,7,87
2025-05-23,SKU02877,202,0,7,46
2025-05-23,SKU02897,216,0,7,40
2025-05-23,SKU02915,406,0,7,78
2025-05-23,SKU02969,127,0,7,25
2025-05-23,SKU02997,229,0,7,55
2025-05-23,SKU02999,581,0,7,99
2025-05-23,SKU03073,283,0,7,65
2025-05-23,SKU03108,194,0,7,45
2025-05-23,SKU03115,456,0,7,94
2025-05-23,SKU03152,476,0,7,85
2025-05-23,SKU03284,122,0,7,31
2025-05-23,SKU03286,327,0,7,79
2025-05-23,SKU03311,219,0,7,53
2025-05-23,SKU03414,97,0,7,29
2025-05-23,SKU03492,313,0,7,66
2025-05-23,SKU03548,284,0,7,62
2025-05-23,SKU03600,271,0,7,62
2025-05-23,SKU03609,154,0,7,39
2025-05-23,SKU03624,396,0,7,100
2025-05-23,SKU03634,803,0,7,156
2025-05-23,SKU03749,303,0,7,67
2025-05-23,SKU03822,152,0,7,32
2025-05-23,SKU03864,498,0,7,92
2025-05-23,SKU03932,367,0,7,74
2025-05-23,SKU03935,268,0,7,89
2025-05-23,SKU04048,391,0,7,82
2025-05-23,SKU04052,247,0,7,42
2025-05-23,SKU04147,217,0,7,51
2025-05-23,SKU04194,236,0,7,67
2025-05-23,SKU04217,229,0,7,71
2025-05-23,SKU04261,282,0,7,48
2025-05-23,SKU04292,345,0,7,86
2025-05-23,SKU04461,559,0,7,95
2025-05-23,SKU04505,180,0,7,45
2025-05-23,SKU04580,363,0,7,73
2025-05-23,SKU04605,187,0,7,50
2025-05-23,SKU04652,238,0,7,78
2025-05-23,SKU04693,315,0,7,97
2025-05-23,SKU04768,160,0,7,41
2025-05-23,SKU04791,131,0,7,39
2025-05-23,SKU04798,365,0,7,78
2025-05-23,SKU04849,375,0,7,64
2025-05-23,SKU04987,156,0,7,50
2025-05-23,SKU05000,214,0,7,63
2025-05-24,SKU00105,156,0,7,29
2025-05-24,SKU00140,216,0,7,46
2025-05-24,SKU00170,178,0,7,35
2025-05-24,SKU00237,183,0,7,40
2025-05-24,SKU00342,265,0,7,79
2025-05-24,SKU00354,544,0,7,122
2025-05-24,SKU00355,88,0,7,27
2025-05-24,SKU00385,177,0,7,38
2025-05-24,SKU00386,232,0,7,67
2025-05-24,SKU00524,313,0,7,93
2025-05-24,SKU00532,210,0,7,47
2025-05-24,SKU00585,226,0,7,57
2025-05-24,SKU00631,327,0,7,83
2025-05-24,SKU00649,134,0,7,36
2025-05-24,SKU00654,175,0,7,56
2025-05-24,SKU00691,132,0,7,24
2025-05-24,SKU00734,818,0,7,162
2025-05-24,SKU00749,134,0,7,27
2025-05-24,SKU00890,160,0,7,34
2025-05-24,SKU00932,293,0,7,95
2025-05-24,SKU00935,295,0,7,74
2025-05-24,SKU01032,268,0,7,63
2025-05-24,SKU01063,428,0,7,77
2025-05-24,SKU01070,337,0,7,75
2025-05-24,SKU01133,321,0,7,65
2025-05-24,SKU01187,370,0,7,92
2025-05-24,SKU01224,411,0,7,90
2025-05-24,SKU01310,448,0,7,77
2025-05-24,SKU01340,390,0,7,100
2025-05-24,SKU01495,185,0,7,34
2025-05-24,SKU01567,339,0,7,92
2025-05-24,SKU01592,225,0,7,66
2025-05-24,SKU01643,234,0,7,61
2025-05-24,SKU01645,410,0,7,79
2025-05-24,SKU01674,540,0,7,117
2025-05-24,SKU01678,397,0,7,68
2025-05-24,SKU01696,506,0,7,85
2025-05-24,SKU01754,248,0,7,58
2025-05-24,SKU01762,218,0,7,71
2025-05-24,SKU01770,255,0,7,74
2025-05-24,SKU01805,740,0,7,155
2025-05-24,SKU01851,206,0,7,51
2025-05-24,SKU01863,151,0,7,50
2025-05-24,SKU01986,414,0,7,81
2025-05-24,SKU02070,244,0,7,48
2025-05-24,SKU02103,245,0,7,48
2025-05-24,SKU02164,294,0,7,51
2025-05-24,SKU02211,536,0,7,100
2025-05-24,SKU02253,494,0,7,145
2025-05-24,SKU02290,111,0,7,23
2025-05-24,SKU02329,446,0,7,92
2025-05-24,SKU02386,248,0,7,73
2025-05-24,SKU02500,81,0,7,24
2025-05-24,SKU02520,584,0,7,151
2025-05-24,SKU02541,328,0,7,70
2025-05-24,SKU02566,235,0,7,70
2025-05-24,SKU02681,108,0,7,22
2025-05-24,SKU02822,206,0,7,55
2025-05-24,SKU02829,306,0,7,54
2025-05-24,SKU02938,434,0,7,92
2025-05-24,SKU02946,65,0,7,20
2025-05-24,SKU03089,192,0,7,44
2025-05-24,SKU03173,129,0,7,28
2025-05-24,SKU03230,119,0,7,31
2025-05-24,SKU03284,113,0,7,20
2025-05-24,SKU03286,589,0,7,124
2025-05-24,SKU03291,267,0,7,63
2025-05-24,SKU03375,661,0,7,127
2025-05-24,SKU03416,251,0,7,47
2025-05-24,SKU03457,367,0,7,93
2025-05-24,SKU03484,368,0,7,76
2025-05-24,SKU03574,190,0,7,46
2025-05-24,SKU03582,115,0,7,27
2025-05-24,SKU03600,341,0,7,61
2025-05-24,SKU03634,178,0,7,58
2025-05-24,SKU03709,763,0,7,169
2025-05-24,SKU03740,89,0,7,28
2025-05-24,SKU03749,272,0,7,68
2025-05-24,SKU03803,384,0,7,65
2025-05-24,SKU03822,287,0,7,63
2025-05-24,SKU03823,134,0,7,23
2025-05-24,SKU03828,305,0,7,70
2025-05-24,SKU03968,226,0,7,48
2025-05-24,SKU03975,268,0,7,66
2025-05-24,SKU03991,497,0,7,98
2025-05-24,SKU04018,832,0,7,161
2025-05-24,SKU04052,350,0,7,76
2025-05-24,SKU04073,126,0,7,42
2025-05-24,SKU04142,94,0,7,27
2025-05-24,SKU04392,321,0,7,84
2025-05-24,SKU04414,104,0,7,22
2025-05-24,SKU04505,140,0,7,42
2025-05-24,SKU04566,169,0,7,36
2025-05-24,SKU04605,237,0,7,67
2025-05-24,SKU04612,271,0,7,49
2025-05-24,SKU04654,340,0,7,67
2025-05-24,SKU04665,248,0,7,70
2025-05-24,SKU04741,197,0,7,54
2025-05-24,SKU04757,415,0,7,94
2025-05-24,SKU04849,344,0,7,69
2025-05-24,SKU04856,237,0,7,51
2025-05-24,SKU04905,410,0,7,88
2025-05-24,SKU04919,364,0,7,94
2025-05-24,SKU04987,521,0,7,123
2025-05-25,SKU00032,168,0,7,38
2025-05-25,SKU00090,556,0,7,140
2025-05-25,SKU00105,208,0,7,54
2025-05-25,SKU00173,270,0,7,76
2025-05-25,SKU00251,349,0,7,94
2025-05-25,SKU00354,232,0,7,45
2025-05-25,SKU00385,105,0,7,22
2025-05-25,SKU00419,148,0,7,29
2025-05-25,SKU00466,531,0,7,98
2025-05-25,SKU00551,213,0,7,37
2025-05-25,SKU00571,563,0,7,106
2025-05-25,SKU00649,489,0,7,95
2025-05-25,SKU00654,282,0,7,55
2025-05-25,SKU00906,426,0,7,94
2025-05-25,SKU00954,330,0,7,70
2025-05-25,SKU00991,375,0,7,93
2025-05-25,SKU01063,117,0,7,27
2025-05-25,SKU01068,125,0,7,22
2025-05-25,SKU01158,71,0,7,20
2025-05-25,SKU01174,288,0,7,57
2025-05-25,SKU01224,546,0,7,100
2025-05-25,SKU01303,193,0,7,33
2025-05-25,SKU01457,122,0,7,39
2025-05-25,SKU01538,470,0,7,83
2025-05-25,SKU01580,336,0,7,75
2025-05-25,SKU01582,185,0,7,59
2025-05-25,SKU01675,324,0,7,56
2025-05-25,SKU01678,182,0,7,31
2025-05-25,SKU01762,96,0,7,20
2025-05-25,SKU01766,310,0,7,80
2025-05-25,SKU01790,377,0,7,76
2025-05-25,SKU01792,238,0,7,50
2025-05-25,SKU01803,185,0,7,55
2025-05-25,SKU01854,428,0,7,78
2025-05-25,SKU01863,352,0,7,62
2025-05-25,SKU01971,286,0,7,87
2025-05-25,SKU01981,460,0,7,79
2025-05-25,SKU02014,116,0,7,29
2025-05-25,SKU02057,334,0,7,82
2025-05-25,SKU02064,482,0,7,99
2025-05-25,SKU02128,321,0,7,60
2025-05-25,SKU02172,193,0,7,47
2025-05-25,SKU02224,293,0,7,51
2025-05-25,SKU02290,304,0,7,61
2025-05-25,SKU02329,747,0,7,135
2025-05-25,SKU02351,332,0,7,75
2025-05-25,SKU02365,121,0,7,29
2025-05-25,SKU02376,159,0,7,39
2025-05-25,SKU02386,125,0,7,38
2025-05-25,SKU02500,248,0,7,56
2025-05-25,SKU02546,371,0,7,64
2025-05-25,SKU02566,155,0,7,29
2025-05-25,SKU02584,389,0,7,82
2025-05-25,SKU02626,526,0,7,114
2025-05-25,SKU02681,450,0,7,86
2025-05-25,SKU02700,338,0,7,60
2025-05-25,SKU02877,627,0,7,133
2025-05-25,SKU02997,425,0,7,100
2025-05-25,SKU03005,667,0,7,135
2025-05-25,SKU03014,113,0,7,33
2025-05-25,SKU03073,145,0,7,33
2025-05-25,SKU03092,291,0,7,68
2025-05-25,SKU03108,306,0,7,70
2025-05-25,SKU03115,223,0,7,69
2025-05-25,SKU03129,400,0,7,76
2025-05-25,SKU03152,259,0,7,76
2025-05-25,SKU03230,169,0,7,47
2025-05-25,SKU03235,185,0,7,51
2025-05-25,SKU03290,484,0,7,86
2025-05-25,SKU03311,350,0,7,95
2025-05-25,SKU03320,212,0,7,59
2025-05-25,SKU03441,229,0,7,64
2025-05-25,SKU03454,465,0,7,89
2025-05-25,SKU03492,425,0,7,94
2025-05-25,SKU03493,349,0,7,78
2025-05-25,SKU03580,437,0,7,90
2025-05-25,SKU03582,377,0,7,81
2025-05-25,SKU03600,117,0,7,35
2025-05-25,SKU03603,117,0,7,26
2025-05-25,SKU03624,391,0,7,66
2025-05-25,SKU03627,155,0,7,49
2025-05-25,SKU03709,272,0,7,76
2025-05-25,SKU03803,500,0,7,94
2025-05-25,SKU03828,161,0,7,39
2025-05-25,SKU03848,251,0,7,78
2025-05-25,SKU03905,373,0,7,84
2025-05-25,SKU03932,235,0,7,68
2025-05-25,SKU03935,216,0,7,39
2025-05-25,SKU03991,426,0,7,93
2025-05-25,SKU04054,176,0,7,31
2025-05-25,SKU04062,246,0,7,49
2025-05-25,SKU04073,194,0,7,44
2025-05-25,SKU04102,91,0,7,26
2025-05-25,SKU04145,322,0,7,77
2025-05-25,SKU04194,436,0,7,83
2025-05-25,SKU04250,464,0,7,88
2025-05-25,SKU04261,394,0,7,92
2025-05-25,SKU04388,427,0,7,97
2025-05-25,SKU04412,497,0,7,93
2025-05-25,SKU04491,88,0,7,28
2025-05-25,SKU04554,650,0,7,137
2025-05-25,SKU04580,376,0,7,64
2025-05-25,SKU04605,286,0,7,52
2025-05-25,SKU04641,244,0,7,68
2025-05-25,SKU04643,539,0,7,98
2025-05-25,SKU04652,595,0,7,107
2025-05-25,SKU04679,194,0,7,35
2025-05-25,SKU04706,95,0,7,29
2025-05-25,SKU04747,332,0,7,92
2025-05-25,SKU04854,342,0,7,64
2025-05-25,SKU04887,527,0,7,100
2025-05-25,SKU04945,119,0,7,20
2025-05-25,SKU04958,345,0,7,75
2025-05-25,SKU04996,210,0,7,65
2025-05-25,SKU05000,191,0,7,42
2025-05-26,SKU00012,380,0,7,73
2025-05-26,SKU00251,338,0,7,82
2025-05-26,SKU00305,95,0,7,23
2025-05-26,SKU00371,361,0,7,69
2025-05-26,SKU00421,142,0,7,39
2025-05-26,SKU00462,156,0,7,36
2025-05-26,SKU00516,150,0,7,39
2025-05-26,SKU00584,224,0,7,48
2025-05-26,SKU00589,296,0,7,51
2025-05-26,SKU00592,311,0,7,89
2025-05-26,SKU00598,526,0,7,96
2025-05-26,SKU00650,528,0,7,140
2025-05-26,SKU00654,240,0,7,74
2025-05-26,SKU00682,129,0,7,29
2025-05-26,SKU00734,378,0,7,82
2025-05-26,SKU00775,76,0,7,21
2025-05-26,SKU00788,373,0,7,69
2025-05-26,SKU00821,533,0,7,99
2025-05-26,SKU00906,88,0,7,26
2025-05-26,SKU00954,123,0,7,26
2025-05-26,SKU00965,281,0,7,81
2025-05-26,SKU00987,306,0,7,99
2025-05-26,SKU01017,471,0,7,97
2025-05-26,SKU01075,164,0,7,37
2025-05-26,SKU01104,189,0,7,42
2025-05-26,SKU01264,279,0,7,88
2025-05-26,SKU01303,130,0,7,32
2025-05-26,SKU01337,167,0,7,40
2025-05-26,SKU01340,117,0,7,28
2025-05-26,SKU01433,356,0,7,70
2025-05-26,SKU01457,312,0,7,78
2025-05-26,SKU01605,163,0,7,32
2025-05-26,SKU01696,147,0,7,26
2025-05-26,SKU01717,370,0,7,67
2025-05-26,SKU01733,131,0,7,36
2025-05-26,SKU01754,284,0,7,56
2025-05-26,SKU01803,376,0,7,93
2025-05-26,SKU01827,449,0,7,76
2025-05-26,SKU01828,282,0,7,93
2025-05-26,SKU01834,250,0,7,52
2025-05-26,SKU01874,217,0,7,40
2025-05-26,SKU01906,239,0,7,67
2025-05-26,SKU01939,301,0,7,88
2025-05-26,SKU01971,218,0,7,43
2025-05-26,SKU02038,69,0,7,22
2025-05-26,SKU02055,155,0,7,27
2025-05-26,SKU02064,205,0,7,42
2025-05-26,SKU02112,277,0,7,71
2025-05-26,SKU02128,346,0,7,66
2025-05-26,SKU02164,91,0,7,28
2025-05-26,SKU02172,319,0,7,59
2025-05-26,SKU02217,336,0,7,68
2025-05-26,SKU02267,633,0,7,155
2025-05-26,SKU02277,310,0,7,66
2025-05-26,SKU02290,206,0,7,63
2025-05-26,SKU02519,273,0,7,46
2025-05-26,SKU02533,275,0,7,46
2025-05-26,SKU02534,152,0,7,47
2025-05-26,SKU02558,171,0,7,29
2025-05-26,SKU02566,217,0,7,60
2025-05-26,SKU02590,141,0,7,29
2025-05-26,SKU02626,165,0,7,29
2025-05-26,SKU02639,216,0,7,59
2025-05-26,SKU02681,289,0,7,89
2025-05-26,SKU02763,307,0,7,83
2025-05-26,SKU02822,327,0,7,69
2025-05-26,SKU02829,163,0,7,37
2025-05-26,SKU02871,348,0,7,74
2025-05-26,SKU02946,302,0,7,69
2025-05-26,SKU02999,201,0,7,58
2025-05-26,SKU03089,127,0,7,37
2025-05-26,SKU03139,422,0,7,76
2025-05-26,SKU03266,522,0,7,90
2025-05-26,SKU03281,500,0,7,98
2025-05-26,SKU03320,265,0,7,51
2025-05-26,SKU03436,113,0,7,23
2025-05-26,SKU03457,301,0,7,60
2025-05-26,SKU03467,272,0,7,76
2025-05-26,SKU03562,404,0,7,99
2025-05-26,SKU03574,510,0,7,100
2025-05-26,SKU03600,72,0,7,22
2025-05-26,SKU03621,392,0,7,77
2025-05-26,SKU03627,1009,0,7,213
2025-05-26,SKU03803,150,0,7,48
2025-05-26,SKU03807,264,0,7,75
2025-05-26,SKU03839,352,0,7,61
2025-05-26,SKU03863,470,0,7,80
2025-05-26,SKU03864,207,0,7,43
2025-05-26,SKU03884,351,0,7,68
2025-05-26,SKU03932,501,0,7,97
2025-05-26,SKU03941,210,0,7,39
2025-05-26,SKU03961,173,0,7,54
2025-05-26,SKU03968,178,0,7,37
2025-05-26,SKU04073,122,0,7,32
2025-05-26,SKU04107,211,0,7,46
2025-05-26,SKU04142,164,0,7,36
2025-05-26,SKU04244,208,0,7,69
2025-05-26,SKU04249,280,0,7,62
2025-05-26,SKU04319,173,0,7,30
2025-05-26,SKU04491,211,0,7,43
2025-05-26,SKU04504,274,0,7,49
2025-05-26,SKU04652,463,0,7,87
2025-05-26,SKU04679,274,0,7,76
2025-05-26,SKU04771,107,0,7,24
2025-05-26,SKU04791,291,0,7,50
2025-05-26,SKU04795,173,0,7,38
2025-05-26,SKU04831,360,0,7,65
2025-05-26,SKU04854,179,0,7,47
2025-05-26,SKU04894,488,0,7,93
2025-05-26,SKU04941,271,0,7,67
2025-05-26,SKU05000,121,0,7,21
2025-05-27,SKU00083,426,0,7,74
2025-05-27,SKU00105,141,0,7,33
2025-05-27,SKU00150,474,0,7,94
2025-05-27,SKU00240,633,0,7,124
2025-05-27,SKU00330,299,0,7,53
2025-05-27,SKU00331,317,0,7,54
2025-05-27,SKU00386,169,0,7,41
2025-05-27,SKU00419,215,0,7,39
2025-05-27,SKU00437,286,0,7,67
2025-05-27,SKU00507,563,0,7,98
2025-05-27,SKU00521,520,0,7,126
2025-05-27,SKU00571,345,0,7,74
2025-05-27,SKU00608,401,0,7,77
2025-05-27,SKU00649,619,0,7,157
2025-05-27,SKU00682,563,0,7,100
2025-05-27,SKU00699,123,0,7,23
2025-05-27,SKU00734,259,0,7,63
2025-05-27,SKU00749,71,0,7,22
2025-05-27,SKU00837,258,0,7,60
2025-05-27,SKU00936,243,0,7,64
2025-05-27,SKU00954,254,0,7,67
2025-05-27,SKU01023,123,0,7,33
2025-05-27,SKU01031,400,0,7,70
2025-05-27,SKU01038,389,0,7,77
2025-05-27,SKU01042,392,0,7,100
2025-05-27,SKU01046,284,0,7,56
2025-05-27,SKU01063,171,0,7,52
2025-05-27,SKU01104,262,0,7,69
2025-05-27,SKU01158,272,0,7,56
2025-05-27,SKU01171,171,0,7,33
2025-05-27,SKU01174,506,0,7,94
2025-05-27,SKU01318,399,0,7,100
2025-05-27,SKU01428,269,0,7,64
2025-05-27,SKU01441,84,0,7,26
2025-05-27,SKU01457,376,0,7,77
2025-05-27,SKU01675,320,0,7,58
2025-05-27,SKU01781,366,0,7,86
2025-05-27,SKU01790,354,0,7,88
2025-05-27,SKU01834,421,0,7,99
2025-05-27,SKU01854,319,0,7,60
2025-05-27,SKU01915,279,0,7,54
2025-05-27,SKU01970,391,0,7,77
2025-05-27,SKU01971,308,0,7,53
2025-05-27,SKU01981,124,0,7,35
2025-05-27,SKU02128,100,0,7,24
2025-05-27,SKU02164,123,0,7,29
2025-05-27,SKU02217,86,0,7,23
2025-05-27,SKU02224,131,0,7,28
2025-05-27,SKU02248,339,0,7,63
2025-05-27,SKU02279,247,0,7,77
2025-05-27,SKU02376,365,0,7,62
2025-05-27,SKU02436,210,0,7,39
2025-05-27,SKU02471,378,0,7,65
2025-05-27,SKU02500,366,0,7,85
2025-05-27,SKU02533,229,0,7,48
2025-05-27,SKU02639,190,0,7,43
2025-05-27,SKU02718,147,0,7,40
2025-05-27,SKU02722,224,0,7,47
2025-05-27,SKU02768,325,0,7,67
2025-05-27,SKU02842,267,0,7,63
2025-05-27,SKU02964,231,0,7,48
2025-05-27,SKU03014,370,0,7,69
2025-05-27,SKU03031,336,0,7,73
2025-05-27,SKU03089,174,0,7,52
2025-05-27,SKU03129,469,0,7,82
2025-05-27,SKU03235,114,0,7,26
2025-05-27,SKU03251,156,0,7,30
2025-05-27,SKU03254,715,0,7,162
2025-05-27,SKU03257,344,0,7,100
2025-05-27,SKU03266,121,0,7,25
2025-05-27,SKU03416,153,0,7,32
2025-05-27,SKU03428,160,0,7,29
2025-05-27,SKU03492,238,0,7,56
2025-05-27,SKU03548,476,0,7,85
2025-05-27,SKU03562,278,0,7,54
2025-05-27,SKU03773,234,0,7,67
2025-05-27,SKU03803,214,0,7,58
2025-05-27,SKU03805,143,0,7,33
2025-05-27,SKU03828,223,0,7,39
2025-05-27,SKU03884,264,0,7,88
2025-05-27,SKU03966,151,0,7,30
2025-05-27,SKU03991,206,0,7,53
2025-05-27,SKU04018,327,0,7,68
2025-05-27,SKU04048,325,0,7,70
2025-05-27,SKU04062,286,0,7,76
2025-05-27,SKU04160,496,0,7,86
2025-05-27,SKU04222,820,0,7,181
2025-05-27,SKU04250,465,0,7,84
2025-05-27,SKU04334,181,0,7,37
2025-05-27,SKU04352,345,0,7,86
2025-05-27,SKU04392,272,0,7,51
2025-05-27,SKU04443,152,0,7,29
2025-05-27,SKU04475,462,0,7,108
2025-05-27,SKU04561,394,0,7,124
2025-05-27,SKU04605,363,0,7,71
2025-05-27,SKU04693,120,0,7,37
2025-05-27,SKU04771,274,0,7,66
2025-05-27,SKU04791,359,0,7,68
2025-05-27,SKU04797,187,0,7,50
2025-05-27,SKU04854,450,0,7,86
2025-05-27,SKU04919,527,0,7,133
2025-05-27,SKU04987,245,0,7,60
2025-05-28,SKU00052,189,0,7,36
2025-05-28,SKU00066,225,0,7,68
2025-05-28,SKU00075,268,0,7,58
2025-05-28,SKU00140,282,0,7,83
2025-05-28,SKU00167,295,0,7,72
2025-05-28,SKU00237,145,0,7,45
2025-05-28,SKU00240,362,0,7,92
2025-05-28,SKU00331,303,0,7,73
2025-05-28,SKU00342,261,0,7,75
2025-05-28,SKU00449,434,0,7,77
2025-05-28,SKU00462,128,0,7,27
2025-05-28,SKU00502,81,0,7,20
2025-05-28,SKU00550,380,0,7,93
2025-05-28,SKU00585,484,0,7,98
2025-05-28,SKU00589,690,0,7,155
2025-05-28,SKU00631,79,0,7,23
2025-05-28,SKU00662,308,0,7,56
2025-05-28,SKU00691,438,0,7,77
2025-05-28,SKU00732,248,0,7,43
2025-05-28,SKU00749,239,0,7,54
2025-05-28,SKU00767,153,0,7,40
2025-05-28,SKU00837,292,0,7,93
2025-05-28,SKU00894,123,0,7,32
2025-05-28,SKU01032,395,0,7,70
2025-05-28,SKU01046,423,0,7,100
2025-05-28,SKU01068,422,0,7,89
2025-05-28,SKU01167,427,0,7,81
2025-05-28,SKU01264,117,0,7,26
2025-05-28,SKU01303,114,0,7,22
2025-05-28,SKU01337,225,0,7,46
2025-05-28,SKU01339,193,0,7,34
2025-05-28,SKU01356,538,0,7,95
2025-05-28,SKU01392,316,0,7,60
2025-05-28,SKU01413,295,0,7,55
2025-05-28,SKU01423,255,0,7,74
2025-05-28,SKU01428,227,0,7,65
2025-05-28,SKU01542,206,0,7,41
2025-05-28,SKU01558,404,0,7,95
2025-05-28,SKU01568,191,0,7,39
2025-05-28,SKU01582,292,0,7,62
2025-05-28,SKU01781,147,0,7,27
2025-05-28,SKU01857,415,0,7,84
2025-05-28,SKU01877,323,0,7,92
2025-05-28,SKU01911,320,0,7,75
2025-05-28,SKU01981,520,0,7,92
2025-05-28,SKU02064,329,0,7,67
2025-05-28,SKU02075,239,0,7,65
2025-05-28,SKU02112,171,0,7,33
2025-05-28,SKU02142,164,0,7,51
2025-05-28,SKU02164,467,0,7,137
2025-05-28,SKU02209,89,0,7,29
2025-05-28,SKU02255,201,0,7,41
2025-05-28,SKU02329,427,0,7,85
2025-05-28,SKU02472,256,0,7,58
2025-05-28,SKU02681,250,0,7,72
2025-05-28,SKU02686,409,0,7,127
2025-05-28,SKU02718,411,0,7,94
2025-05-28,SKU02794,239,0,7,58
2025-05-28,SKU02842,272,0,7,47
2025-05-28,SKU03031,345,0,7,89
2025-05-28,SKU03036,185,0,7,41
2025-05-28,SKU03090,868,0,7,168
2025-05-28,SKU03105,282,0,7,89
2025-05-28,SKU03115,787,0,7,154
2025-05-28,SKU03152,221,0,7,41
2025-05-28,SKU03257,405,0,7,92
2025-05-28,SKU03266,418,0,7,93
2025-05-28,SKU03281,289,0,7,81
2025-05-28,SKU03295,422,0,7,102
2025-05-28,SKU03357,298,0,7,73
2025-05-28,SKU03414,192,0,7,41
2025-05-28,SKU03416,173,0,7,29
2025-05-28,SKU03484,276,0,7,48
2025-05-28,SKU03491,325,0,7,65
2025-05-28,SKU03492,169,0,7,39
2025-05-28,SKU03504,161,0,7,44
2025-05-28,SKU03520,98,0,7,26
2025-05-28,SKU03602,429,0,7,87
2025-05-28,SKU03603,294,0,7,93
2025-05-28,SKU03737,153,0,7,45
2025-05-28,SKU03823,109,0,7,31
2025-05-28,SKU03932,464,0,7,82
2025-05-28,SKU03961,160,0,7,29
2025-05-28,SKU03975,589,0,7,100
2025-05-28,SKU04019,111,0,7,26
2025-05-28,SKU04054,165,0,7,31
2025-05-28,SKU04062,174,0,7,38
2025-05-28,SKU04160,480,0,7,84
2025-05-28,SKU04236,686,0,7,136
2025-05-28,SKU04250,123,0,7,37
2025-05-28,SKU04388,230,0,7,51
2025-05-28,SKU04409,112,0,7,32
2025-05-28,SKU04412,359,0,7,100
2025-05-28,SKU04566,213,0,7,69
2025-05-28,SKU04679,402,0,7,93
2025-05-28,SKU04706,417,0,7,78
2025-05-28,SKU04747,142,0,7,40
2025-05-28,SKU04757,236,0,7,46
2025-05-28,SKU04768,692,0,7,150
2025-05-28,SKU04795,370,0,7,68
2025-05-28,SKU04856,213,0,7,42
2025-05-28,SKU04955,224,0,7,47
2025-05-28,SKU04958,480,0,7,97
2025-05-29,SKU00052,302,0,7,60
2025-05-29,SKU00083,275,0,7,58
2025-05-29,SKU00150,211,0,7,55
2025-05-29,SKU00251,225,0,7,39
2025-05-29,SKU00262,483,0,7,125
2025-05-29,SKU00419,233,0,7,43
2025-05-29,SKU00437,320,0,7,57
2025-05-29,SKU00501,210,0,7,35
2025-05-29,SKU00502,158,0,7,44
2025-05-29,SKU00532,92,0,7,24
2025-05-29,SKU00550,238,0,7,58
2025-05-29,SKU00571,159,0,7,44
2025-05-29,SKU00574,182,0,7,60
2025-05-29,SKU00645,274,0,7,54
2025-05-29,SKU00679,132,0,7,36
2025-05-29,SKU00732,88,0,7,22
2025-05-29,SKU00734,507,0,7,118
2025-05-29,SKU00858,524,0,7,100
2025-05-29,SKU00890,137,0,7,42
2025-05-29,SKU00932,551,0,7,134
2025-05-29,SKU00954,619,0,7,142
2025-05-29,SKU00965,270,0,7,64
2025-05-29,SKU00987,371,0,7,77
2025-05-29,SKU01063,674,0,7,160
2025-05-29,SKU01075,171,0,7,42
2025-05-29,SKU01112,286,0,7,72
2025-05-29,SKU01167,271,0,7,59
2025-05-29,SKU01264,389,0,7,90
2025-05-29,SKU01337,231,0,7,46
2025-05-29,SKU01356,204,0,7,47
2025-05-29,SKU01396,262,0,7,74
2025-05-29,SKU01441,175,0,7,54
2025-05-29,SKU01457,394,0,7,89
2025-05-29,SKU01495,182,0,7,43
2025-05-29,SKU01538,451,0,7,90
2025-05-29,SKU01558,182,0,7,44
2025-05-29,SKU01766,266,0,7,70
2025-05-29,SKU01803,129,0,7,27
2025-05-29,SKU01822,444,0,7,91
2025-05-29,SKU01828,421,0,7,74
2025-05-29,SKU01857,356,0,7,89
2025-05-29,SKU01880,82,0,7,23
2025-05-29,SKU01903,257,0,7,74
2025-05-29,SKU01915,319,0,7,54
2025-05-29,SKU01971,147,0,7,44
2025-05-29,SKU02038,313,0,7,91
2025-05-29,SKU02057,78,0,7,24
2025-05-29,SKU02142,436,0,7,94
2025-05-29,SKU02205,189,0,7,40
2025-05-29,SKU02277,330,0,7,91
2025-05-29,SKU02436,211,0,7,52
2025-05-29,SKU02446,101,0,7,31
2025-05-29,SKU02471,173,0,7,30
2025-05-29,SKU02520,459,0,7,88
2025-05-29,SKU02566,232,0,7,61
2025-05-29,SKU02580,453,0,7,79
2025-05-29,SKU02728,502,0,7,95
2025-05-29,SKU02842,216,0,7,54
2025-05-29,SKU02911,330,0,7,82
2025-05-29,SKU03036,274,0,7,52
2025-05-29,SKU03090,221,0,7,71
2025-05-29,SKU03115,531,0,7,90
2025-05-29,SKU03173,357,0,7,85
2025-05-29,SKU03230,126,0,7,29
2025-05-29,SKU03235,174,0,7,29
2025-05-29,SKU03286,280,0,7,54
2025-05-29,SKU03311,143,0,7,24
2025-05-29,SKU03347,104,0,7,25
2025-05-29,SKU03362,176,0,7,44
2025-05-29,SKU03467,253,0,7,46
2025-05-29,SKU03484,166,0,7,36
2025-05-29,SKU03493,86,0,7,26
2025-05-29,SKU03520,383,0,7,90
2025-05-29,SKU03580,130,0,7,32
2025-05-29,SKU03709,449,0,7,92
2025-05-29,SKU03823,439,0,7,131
2025-05-29,SKU03828,239,0,7,59
2025-05-29,SKU03839,219,0,7,54
2025-05-29,SKU03863,283,0,7,79
2025-05-29,SKU03864,315,0,7,72
2025-05-29,SKU03905,384,0,7,82
2025-05-29,SKU03931,166,0,7,46
2025-05-29,SKU03932,449,0,7,89
2025-05-29,SKU03941,333,0,7,58
2025-05-29,SKU04019,132,0,7,37
2025-05-29,SKU04048,113,0,7,24
2025-05-29,SKU04107,567,0,7,104
2025-05-29,SKU04144,318,0,7,83
2025-05-29,SKU04212,165,0,7,52
2025-05-29,SKU04217,914,0,7,182
2025-05-29,SKU04281,423,0,7,93
2025-05-29,SKU04388,93,0,7,25
2025-05-29,SKU04412,231,0,7,68
2025-05-29,SKU04491,381,0,7,65
2025-05-29,SKU04505,875,0,7,169
2025-05-29,SKU04526,780,0,7,156
2025-05-29,SKU04607,274,0,7,66
2025-05-29,SKU04612,500,0,7,90
2025-05-29,SKU04643,221,0,7,44
2025-05-29,SKU04653,227,0,7,60
2025-05-29,SKU04690,206,0,7,35
2025-05-29,SKU04693,200,0,7,64
2025-05-29,SKU04717,202,0,7,56
2025-05-29,SKU04771,312,0,7,61
2025-05-29,SKU04879,88,0,7,21
2025-05-29,SKU04958,645,0,7,142
2025-05-29,SKU04996,289,0,7,81
2025-05-30,SKU00024,88,0,7,22
2025-05-30,SKU00075,300,0,7,56
2025-05-30,SKU00140,279,0,7,85
2025-05-30,SKU00240,343,0,7,61
2025-05-30,SKU00251,408,0,7,74
2025-05-30,SKU00317,154,0,7,43
2025-05-30,SKU00371,118,0,7,34
2025-05-30,SKU00401,231,0,7,48
2025-05-30,SKU00421,410,0,7,69
2025-05-30,SKU00437,151,0,7,29
2025-05-30,SKU00521,81,0,7,25
2025-05-30,SKU00546,258,0,7,44
2025-05-30,SKU00550,239,0,7,52
2025-05-30,SKU00553,281,0,7,57
2025-05-30,SKU00585,158,0,7,37
2025-05-30,SKU00740,540,0,7,110
2025-05-30,SKU00758,445,0,7,108
2025-05-30,SKU00775,145,0,7,25
2025-05-30,SKU00837,192,0,7,32
2025-05-30,SKU00855,484,0,7,126
2025-05-30,SKU01032,276,0,7,73
2025-05-30,SKU01042,288,0,7,70
2025-05-30,SKU01104,313,0,7,100
2025-05-30,SKU01158,114,0,7,22
2025-05-30,SKU01179,129,0,7,38
2025-05-30,SKU01191,353,0,7,73
2025-05-30,SKU01396,182,0,7,37
2025-05-30,SKU01413,105,0,7,23
2025-05-30,SKU01433,100,0,7,20
2025-05-30,SKU01538,176,0,7,37
2025-05-30,SKU01567,123,0,7,40
2025-05-30,SKU01678,453,0,7,88
2025-05-30,SKU01696,297,0,7,56
2025-05-30,SKU01803,309,0,7,73
2025-05-30,SKU01805,594,0,7,125
2025-05-30,SKU01822,342,0,7,67
2025-05-30,SKU01877,102,0,7,30
2025-05-30,SKU01981,257,0,7,47
2025-05-30,SKU02055,192,0,7,49
2025-05-30,SKU02057,435,0,7,76
2025-05-30,SKU02205,239,0,7,61
2025-05-30,SKU02209,292,0,7,68
2025-05-30,SKU02211,235,0,7,73
2025-05-30,SKU02267,376,0,7,74
2025-05-30,SKU02302,430,0,7,88
2025-05-30,SKU02331,79,0,7,21
2025-05-30,SKU02351,496,0,7,100
2025-05-30,SKU02436,106,0,7,23
2025-05-30,SKU02472,326,0,7,94
2025-05-30,SKU02533,305,0,7,79
2025-05-30,SKU02541,199,0,7,39
2025-05-30,SKU02558,466,0,7,81
2025-05-30,SKU02580,183,0,7,50
2025-05-30,SKU02700,384,0,7,83
2025-05-30,SKU02780,123,0,7,30
2025-05-30,SKU02822,373,0,7,77
2025-05-30,SKU02842,96,0,7,29
2025-05-30,SKU02877,529,0,7,90
2025-05-30,SKU03005,486,0,7,114
2025-05-30,SKU03179,246,0,7,59
2025-05-30,SKU03220,109,0,7,35
2025-05-30,SKU03235,117,0,7,34
2025-05-30,SKU03251,220,0,7,43
2025-05-30,SKU03254,174,0,7,57
2025-05-30,SKU03277,644,0,7,117
2025-05-30,SKU03284,314,0,7,85
2025-05-30,SKU03491,222,0,7,73
2025-05-30,SKU03562,119,0,7,25
2025-05-30,SKU03580,310,0,7,52
2025-05-30,SKU03592,293,0,7,74
2025-05-30,SKU03600,312,0,7,91
2025-05-30,SKU03737,124,0,7,30
2025-05-30,SKU03833,437,0,7,98
2025-05-30,SKU03864,90,0,7,29
2025-05-30,SKU03931,205,0,7,64
2025-05-30,SKU03968,140,0,7,34
2025-05-30,SKU04048,217,0,7,57
2025-05-30,SKU04054,153,0,7,38
2025-05-30,SKU04118,208,0,7,36
2025-05-30,SKU04152,135,0,7,27
2025-05-30,SKU04461,297,0,7,64
2025-05-30,SKU04470,159,0,7,32
2025-05-30,SKU04491,280,0,7,57
2025-05-30,SKU04561,490,0,7,85
2025-05-30,SKU04605,127,0,7,27
2025-05-30,SKU04643,468,0,7,86
2025-05-30,SKU04653,145,0,7,28
2025-05-30,SKU04665,418,0,7,80
2025-05-30,SKU04679,145,0,7,38
2025-05-30,SKU04693,344,0,7,71
2025-05-30,SKU04768,274,0,7,71
2025-05-30,SKU04955,409,0,7,81
2025-05-30,SKU04987,321,0,7,54
2025-05-30,SKU04996,131,0,7,23
2025-05-31,SKU00032,144,0,7,39
2025-05-31,SKU00240,718,0,7,146
2025-05-31,SKU00507,306,0,7,100
2025-05-31,SKU00521,391,0,7,93
2025-05-31,SKU00535,110,0,7,20
2025-05-31,SKU00550,214,0,7,46
2025-05-31,SKU00551,69,0,7,20
2025-05-31,SKU00589,186,0,7,31
2025-05-31,SKU00649,157,0,7,27
2025-05-31,SKU00662,246,0,7,51
2025-05-31,SKU00721,324,0,7,67
2025-05-31,SKU00758,230,0,7,46
2025-05-31,SKU00775,168,0,7,29
2025-05-31,SKU00855,278,0,7,64
2025-05-31,SKU00954,579,0,7,129
2025-05-31,SKU00978,129,0,7,22
2025-05-31,SKU01017,133,0,7,24
2025-05-31,SKU01034,125,0,7,36
2025-05-31,SKU01070,160,0,7,42
2025-05-31,SKU01075,446,0,7,81
2025-05-31,SKU01133,385,0,7,80
2025-05-31,SKU01171,521,0,7,101
2025-05-31,SKU01303,751,0,7,172
2025-05-31,SKU01339,496,0,7,86
2025-05-31,SKU01433,318,0,7,87
2025-05-31,SKU01441,359,0,7,62
2025-05-31,SKU01542,279,0,7,76
2025-05-31,SKU01567,331,0,7,61
2025-05-31,SKU01582,485,0,7,82
2025-05-31,SKU01643,388,0,7,69
2025-05-31,SKU01649,169,0,7,39
2025-05-31,SKU01678,218,0,7,63
2025-05-31,SKU01684,177,0,7,48
2025-05-31,SKU01754,844,0,7,173
2025-05-31,SKU01822,372,0,7,92
2025-05-31,SKU01830,174,0,7,37
2025-05-31,SKU01834,330,0,7,88
2025-05-31,SKU01877,331,0,7,62
2025-05-31,SKU01911,343,0,7,92
2025-05-31,SKU01919,304,0,7,55
2025-05-31,SKU01970,347,0,7,58
2025-05-31,SKU01971,153,0,7,28
2025-05-31,SKU02070,206,0,7,60
2025-05-31,SKU02209,644,0,7,177
2025-05-31,SKU02217,531,0,7,99
2025-05-31,SKU02224,240,0,7,73
2025-05-31,SKU02253,328,0,7,59
2025-05-31,SKU02267,120,0,7,28
2025-05-31,SKU02279,152,0,7,29
2025-05-31,SKU02365,79,0,7,21
2025-05-31,SKU02376,364,0,7,69
2025-05-31,SKU02408,96,0,7,26
2025-05-31,SKU02425,356,0,7,92
2025-05-31,SKU02500,723,0,7,199
2025-05-31,SKU02590,246,0,7,45
2025-05-31,SKU02639,113,0,7,33
2025-05-31,SKU02718,275,0,7,73
2025-05-31,SKU02763,114,0,7,35
2025-05-31,SKU02794,228,0,7,51
2025-05-31,SKU02907,81,0,7,22
2025-05-31,SKU02946,108,0,7,26
2025-05-31,SKU02969,267,0,7,52
2025-05-31,SKU02997,122,0,7,24
2025-05-31,SKU03036,263,0,7,75
2025-05-31,SKU03058,514,0,7,86
2025-05-31,SKU03139,661,0,7,168
2025-05-31,SKU03235,300,0,7,74
2025-05-31,SKU03251,522,0,7,115
2025-05-31,SKU03362,292,0,7,50
2025-05-31,SKU03375,379,0,7,92
2025-05-31,SKU03428,162,0,7,28
2025-05-31,SKU03454,425,0,7,73
2025-05-31,SKU03493,319,0,7,68
2025-05-31,SKU03548,292,0,7,63
2025-05-31,SKU03603,348,0,7,81
2025-05-31,SKU03709,338,0,7,71
2025-05-31,SKU03833,255,0,7,58
2025-05-31,SKU03848,341,0,7,84
2025-05-31,SKU03905,157,0,7,28
2025-05-31,SKU03975,626,0,7,143
2025-05-31,SKU04018,172,0,7,32
2025-05-31,SKU04053,213,0,7,60
2025-05-31,SKU04054,445,0,7,120
2025-05-31,SKU04102,555,0,7,142
2025-05-31,SKU04106,210,0,7,37
2025-05-31,SKU04212,73,0,7,23
2025-05-31,SKU04265,113,0,7,35
2025-05-31,SKU04392,400,0,7,75
2025-05-31,SKU04414,345,0,7,84
2025-05-31,SKU04470,141,0,7,31
2025-05-31,SKU04499,179,0,7,39
2025-05-31,SKU04641,184,0,7,41
2025-05-31,SKU04726,250,0,7,50
2025-05-31,SKU04747,349,0,7,90
2025-05-31,SKU04798,429,0,7,99
2025-06-01,SKU00012,288,0,7,58
2025-06-01,SKU00024,780,0,7,180
2025-06-01,SKU00155,396,0,7,72
2025-06-01,SKU00170,453,0,7,92
2025-06-01,SKU00186,291,0,7,53
2025-06-01,SKU00331,180,0,7,31
2025-06-01,SKU00342,148,0,7,47
2025-06-01,SKU00371,810,0,7,143
2025-06-01,SKU00389,260,0,7,77
2025-06-01,SKU00449,465,0,7,92
2025-06-01,SKU00462,432,0,7,110
2025-06-01,SKU00498,383,0,7,90
2025-06-01,SKU00502,362,0,7,88
2025-06-01,SKU00524,167,0,7,29
2025-06-01,SKU00532,238,0,7,50
2025-06-01,SKU00551,255,0,7,48
2025-06-01,SKU00553,275,0,7,88
2025-06-01,SKU00589,423,0,7,99
2025-06-01,SKU00638,405,0,7,86
2025-06-01,SKU00649,558,0,7,139
2025-06-01,SKU00654,267,0,7,64
2025-06-01,SKU00679,259,0,7,53
2025-06-01,SKU00749,288,0,7,63
2025-06-01,SKU00767,335,0,7,81
2025-06-01,SKU00932,286,0,7,57
2025-06-01,SKU00986,121,0,7,33
2025-06-01,SKU01017,84,0,7,23
2025-06-01,SKU01023,118,0,7,38
2025-06-01,SKU01032,271,0,7,60
2025-06-01,SKU01174,466,0,7,100
2025-06-01,SKU01347,127,0,7,36
2025-06-01,SKU01356,271,0,7,46
2025-06-01,SKU01423,162,0,7,27
2025-06-01,SKU01674,148,0,7,48
2025-06-01,SKU01675,167,0,7,33
2025-06-01,SKU01684,301,0,7,78
2025-06-01,SKU01766,258,0,7,69
2025-06-01,SKU01834,362,0,7,94
2025-06-01,SKU01851,193,0,7,46
2025-06-01,SKU01906,126,0,7,24
2025-06-01,SKU01970,194,0,7,54
2025-06-01,SKU02038,126,0,7,26
2025-06-01,SKU02055,512,0,7,99
2025-06-01,SKU02094,291,0,7,62
2025-06-01,SKU02129,246,0,7,68
2025-06-01,SKU02194,137,0,7,42
2025-06-01,SKU02217,142,0,7,44
2025-06-01,SKU02221,234,0,7,47
2025-06-01,SKU02277,308,0,7,82
2025-06-01,SKU02279,342,0,7,65
2025-06-01,SKU02302,296,0,7,75
2025-06-01,SKU02376,157,0,7,32
2025-06-01,SKU02463,187,0,7,38
2025-06-01,SKU02519,185,0,7,51
2025-06-01,SKU02794,209,0,7,59
2025-06-01,SKU02822,355,0,7,91
2025-06-01,SKU02871,318,0,7,65
2025-06-01,SKU02877,230,0,7,53
2025-06-01,SKU02964,337,0,7,90
2025-06-01,SKU03005,283,0,7,48
2025-06-01,SKU03014,354,0,7,62
2025-06-01,SKU03031,337,0,7,58
2025-06-01,SKU03058,281,0,7,78
2025-06-01,SKU03089,281,0,7,70
2025-06-01,SKU03277,390,0,7,82
2025-06-01,SKU03375,95,0,7,30
2025-06-01,SKU03414,110,0,7,27
2025-06-01,SKU03416,266,0,7,59
2025-06-01,SKU03428,493,0,7,84
2025-06-01,SKU03436,175,0,7,44
2025-06-01,SKU03523,94,0,7,31
2025-06-01,SKU03562,608,0,7,152
2025-06-01,SKU03582,148,0,7,28
2025-06-01,SKU03592,248,0,7,62
2025-06-01,SKU03600,377,0,7,75
2025-06-01,SKU03609,292,0,7,80
2025-06-01,SKU03621,163,0,7,50
2025-06-01,SKU03709,434,0,7,110
2025-06-01,SKU03773,143,0,7,29
2025-06-01,SKU03828,267,0,7,58
2025-06-01,SKU03839,227,0,7,47
2025-06-01,SKU03848,267,0,7,51
2025-06-01,SKU04019,327,0,7,62
2025-06-01,SKU04073,253,0,7,43
2025-06-01,SKU04102,183,0,7,32
2025-06-01,SKU04212,346,0,7,74
2025-06-01,SKU04215,322,0,7,86
2025-06-01,SKU04244,295,0,7,51
2025-06-01,SKU04261,137,0,7,36
2025-06-01,SKU04443,648,0,7,145
2025-06-01,SKU04580,161,0,7,35
2025-06-01,SKU04605,131,0,7,32
2025-06-01,SKU04612,288,0,7,52
2025-06-01,SKU04641,203,0,7,58
2025-06-01,SKU04652,187,0,7,50
2025-06-01,SKU04664,380,0,7,89
2025-06-01,SKU04729,516,0,7,91
2025-06-01,SKU04856,210,0,7,40
2025-06-01,SKU04888,161,0,7,45
2025-06-01,SKU04905,231,0,7,76
2025-06-01,SKU04941,368,0,7,74
2025-06-02,SKU00012,133,0,7,28
2025-06-02,SKU00032,118,0,7,25
2025-06-02,SKU00066,161,0,7,30
2025-06-02,SKU00262,425,0,7,82
2025-06-02,SKU00371,271,0,7,56
2025-06-02,SKU00501,167,0,7,46
2025-06-02,SKU00521,465,0,7,79
2025-06-02,SKU00551,324,0,7,68
2025-06-02,SKU00553,462,0,7,91
2025-06-02,SKU00638,369,0,7,63
2025-06-02,SKU00649,163,0,7,46
2025-06-02,SKU00679,355,0,7,71
2025-06-02,SKU00821,170,0,7,50
2025-06-02,SKU00858,423,0,7,90
2025-06-02,SKU00906,207,0,7,38
2025-06-02,SKU00958,391,0,7,73
2025-06-02,SKU00972,358,0,7,92
2025-06-02,SKU01023,338,0,7,74
2025-06-02,SKU01042,200,0,7,55
2025-06-02,SKU01046,226,0,7,44
2025-06-02,SKU01052,105,0,7,20
2025-06-02,SKU01104,128,0,7,42
2025-06-02,SKU01264,104,0,7,24
2025-06-02,SKU01287,276,0,7,48
2025-06-02,SKU01310,380,0,7,88
2025-06-02,SKU01339,285,0,7,85
2025-06-02,SKU01340,243,0,7,64
2025-06-02,SKU01347,502,0,7,161
2025-06-02,SKU01433,281,0,7,90
2025-06-02,SKU01457,80,0,7,20
2025-06-02,SKU01542,146,0,7,48
2025-06-02,SKU01582,157,0,7,48
2025-06-02,SKU01645,226,0,7,63
2025-06-02,SKU01675,322,0,7,78
2025-06-02,SKU01696,367,0,7,102
2025-06-02,SKU01762,195,0,7,63
2025-06-02,SKU01781,164,0,7,30
2025-06-02,SKU01805,326,0,7,86
2025-06-02,SKU01818,215,0,7,39
2025-06-02,SKU01827,136,0,7,37
2025-06-02,SKU01851,202,0,7,35
2025-06-02,SKU01874,142,0,7,31
2025-06-02,SKU01970,121,0,7,34
2025-06-02,SKU02038,105,0,7,21
2025-06-02,SKU02094,303,0,7,71
2025-06-02,SKU02129,178,0,7,31
2025-06-02,SKU02172,111,0,7,24
2025-06-02,SKU02223,403,0,7,81
2025-06-02,SKU02302,517,0,7,87
2025-06-02,SKU02351,267,0,7,54
2025-06-02,SKU02386,319,0,7,74
2025-06-02,SKU02408,264,0,7,56
2025-06-02,SKU02421,168,0,7,32
2025-06-02,SKU02436,272,0,7,90
2025-06-02,SKU02519,134,0,7,23
2025-06-02,SKU02534,391,0,7,113
2025-06-02,SKU02570,234,0,7,69
2025-06-02,SKU02576,321,0,7,77
2025-06-02,SKU02584,613,0,7,145
2025-06-02,SKU02590,425,0,7,87
2025-06-02,SKU02686,464,0,7,90
2025-06-02,SKU02700,135,0,7,26
2025-06-02,SKU02710,137,0,7,24
2025-06-02,SKU02768,119,0,7,39
2025-06-02,SKU02897,103,0,7,23
2025-06-02,SKU02907,181,0,7,38
2025-06-02,SKU03036,178,0,7,51
2025-06-02,SKU03058,281,0,7,71
2025-06-02,SKU03129,483,0,7,92
2025-06-02,SKU03179,307,0,7,84
2025-06-02,SKU03320,436,0,7,87
2025-06-02,SKU03349,262,0,7,85
2025-06-02,SKU03362,466,0,7,98
2025-06-02,SKU03504,96,0,7,22
2025-06-02,SKU03520,127,0,7,23
2025-06-02,SKU03580,679,0,7,157
2025-06-02,SKU03619,318,0,7,58
2025-06-02,SKU03624,525,0,7,95
2025-06-02,SKU03709,375,0,7,84
2025-06-02,SKU03805,266,0,7,81
2025-06-02,SKU03823,407,0,7,88
2025-06-02,SKU03833,333,0,7,67
2025-06-02,SKU03848,331,0,7,89
2025-06-02,SKU03905,449,0,7,87
2025-06-02,SKU03935,416,0,7,97
2025-06-02,SKU03950,421,0,7,95
2025-06-02,SKU03961,389,0,7,99
2025-06-02,SKU04052,402,0,7,87
2025-06-02,SKU04062,206,0,7,39
2025-06-02,SKU04147,113,0,7,31
2025-06-02,SKU04153,138,0,7,44
2025-06-02,SKU04334,191,0,7,38
2025-06-02,SKU04443,219,0,7,51
2025-06-02,SKU04470,176,0,7,53
2025-06-02,SKU04491,132,0,7,32
2025-06-02,SKU04499,610,0,7,172
2025-06-02,SKU04561,177,0,7,54
2025-06-02,SKU04612,102,0,7,25
2025-06-02,SKU04636,391,0,7,84
2025-06-02,SKU04679,340,0,7,60
2025-06-02,SKU04768,63,0,7,20
2025-06-02,SKU04795,378,0,7,79
2025-06-02,SKU04849,221,0,7,64
2025-06-02,SKU04905,111,0,7,23
2025-06-03,SKU00155,78,0,7,20
2025-06-03,SKU00186,122,0,7,24
2025-06-03,SKU00305,276,0,7,53
2025-06-03,SKU00317,307,0,7,56
2025-06-03,SKU00354,299,0,7,59
2025-06-03,SKU00437,376,0,7,93
2025-06-03,SKU00498,372,0,7,73
2025-06-03,SKU00501,283,0,7,82
2025-06-03,SKU00502,384,0,7,74
2025-06-03,SKU00532,219,0,7,58
2025-06-03,SKU00546,202,0,7,44
2025-06-03,SKU00608,206,0,7,56
2025-06-03,SKU00654,403,0,7,91
2025-06-03,SKU00691,179,0,7,51
2025-06-03,SKU00721,183,0,7,34
2025-06-03,SKU00749,248,0,7,42
2025-06-03,SKU00860,341,0,7,64
2025-06-03,SKU00906,192,0,7,46
2025-06-03,SKU00932,187,0,7,38
2025-06-03,SKU00936,304,0,7,93
2025-06-03,SKU00991,93,0,7,27
2025-06-03,SKU01174,283,0,7,49
2025-06-03,SKU01287,94,0,7,24
2025-06-03,SKU01339,269,0,7,54
2025-06-03,SKU01347,470,0,7,85
2025-06-03,SKU01356,209,0,7,41
2025-06-03,SKU01396,527,0,7,90
2025-06-03,SKU01413,95,0,7,26
2025-06-03,SKU01433,321,0,7,94
2025-06-03,SKU01441,147,0,7,44
2025-06-03,SKU01538,364,0,7,61
2025-06-03,SKU01567,456,0,7,83
2025-06-03,SKU01643,470,0,7,112
2025-06-03,SKU01645,188,0,7,61
2025-06-03,SKU01696,471,0,7,90
2025-06-03,SKU02055,278,0,7,91
2025-06-03,SKU02094,124,0,7,28
2025-06-03,SKU02172,540,0,7,100
2025-06-03,SKU02194,298,0,7,99
2025-06-03,SKU02205,501,0,7,135
2025-06-03,SKU02211,214,0,7,52
2025-06-03,SKU02217,267,0,7,78
2025-06-03,SKU02221,282,0,7,53
2025-06-03,SKU02279,351,0,7,68
2025-06-03,SKU02329,270,0,7,51
2025-06-03,SKU02408,483,0,7,98
2025-06-03,SKU02446,275,0,7,69
2025-06-03,SKU02472,568,0,7,131
2025-06-03,SKU02500,438,0,7,98
2025-06-03,SKU02520,228,0,7,62
2025-06-03,SKU02570,673,0,7,153
2025-06-03,SKU02722,310,0,7,61
2025-06-03,SKU02780,294,0,7,63
2025-06-03,SKU02911,293,0,7,54
2025-06-03,SKU03073,240,0,7,52
2025-06-03,SKU03150,209,0,7,60
2025-06-03,SKU03210,196,0,7,54
2025-06-03,SKU03347,210,0,7,38
2025-06-03,SKU03375,349,0,7,65
2025-06-03,SKU03457,390,0,7,94
2025-06-03,SKU03492,371,0,7,79
2025-06-03,SKU03580,156,0,7,33
2025-06-03,SKU03583,267,0,7,79
2025-06-03,SKU03592,286,0,7,48
2025-06-03,SKU03609,508,0,7,97
2025-06-03,SKU03624,171,0,7,41
2025-06-03,SKU03737,370,0,7,69
2025-06-03,SKU03828,198,0,7,61
2025-06-03,SKU03884,273,0,7,67
2025-06-03,SKU03905,349,0,7,68
2025-06-03,SKU03966,447,0,7,100
2025-06-03,SKU04073,401,0,7,95
2025-06-03,SKU04106,125,0,7,28
2025-06-03,SKU04107,311,0,7,82
2025-06-03,SKU04236,315,0,7,53
2025-06-03,SKU04249,533,0,7,98
2025-06-03,SKU04265,417,0,7,85
2025-06-03,SKU04319,732,0,7,129
2025-06-03,SKU04401,418,0,7,74
2025-06-03,SKU04468,180,0,7,33
2025-06-03,SKU04491,466,0,7,93
2025-06-03,SKU04554,299,0,7,78
2025-06-03,SKU04566,310,0,7,72
2025-06-03,SKU04636,85,0,7,27
2025-06-03,SKU04664,341,0,7,79
2025-06-03,SKU04690,134,0,7,33
2025-06-03,SKU04753,453,0,7,85
2025-06-03,SKU04768,772,0,7,153
2025-06-03,SKU04888,195,0,7,42
2025-06-03,SKU04901,208,0,7,48
2025-06-03,SKU04902,865,0,7,170
2025-06-03,SKU04955,939,0,7,176
2025-06-03,SKU04996,228,0,7,40
2025-06-04,SKU00024,169,0,7,35
2025-06-04,SKU00140,283,0,7,81
2025-06-04,SKU00150,384,0,7,93
2025-06-04,SKU00237,88,0,7,24
2025-06-04,SKU00386,92,0,7,20
2025-06-04,SKU00389,170,0,7,31
2025-06-04,SKU00402,309,0,7,66
2025-06-04,SKU00535,374,0,7,90
2025-06-04,SKU00551,315,0,7,89
2025-06-04,SKU00553,246,0,7,66
2025-06-04,SKU00608,285,0,7,63
2025-06-04,SKU00679,277,0,7,63
2025-06-04,SKU00706,256,0,7,58
2025-06-04,SKU00732,248,0,7,44
2025-06-04,SKU00749,174,0,7,42
2025-06-04,SKU00758,172,0,7,38
2025-06-04,SKU00821,180,0,7,38
2025-06-04,SKU00935,171,0,7,56
2025-06-04,SKU00978,74,0,7,21
2025-06-04,SKU00991,244,0,7,69
2025-06-04,SKU01038,369,0,7,86
2025-06-04,SKU01112,322,0,7,76
2025-06-04,SKU01167,75,0,7,20
2025-06-04,SKU01224,420,0,7,93
2025-06-04,SKU01303,120,0,7,38
2025-06-04,SKU01318,110,0,7,20
2025-06-04,SKU01339,490,0,7,94
2025-06-04,SKU01433,281,0,7,59
2025-06-04,SKU01558,568,0,7,97
2025-06-04,SKU01567,121,0,7,39
2025-06-04,SKU01568,77,0,7,21
2025-06-04,SKU01582,109,0,7,31
2025-06-04,SKU01645,530,0,7,99
2025-06-04,SKU01675,301,0,7,72
2025-06-04,SKU01684,214,0,7,57
2025-06-04,SKU01717,95,0,7,28
2025-06-04,SKU01762,291,0,7,85
2025-06-04,SKU01766,461,0,7,111
2025-06-04,SKU01822,290,0,7,82
2025-06-04,SKU01854,270,0,7,68
2025-06-04,SKU01915,643,0,7,137
2025-06-04,SKU01971,198,0,7,46
2025-06-04,SKU02075,114,0,7,21
2025-06-04,SKU02211,408,0,7,90
2025-06-04,SKU02217,200,0,7,42
2025-06-04,SKU02224,307,0,7,71
2025-06-04,SKU02255,145,0,7,33
2025-06-04,SKU02387,301,0,7,89
2025-06-04,SKU02471,399,0,7,70
2025-06-04,SKU02519,398,0,7,70
2025-06-04,SKU02558,210,0,7,58
2025-06-04,SKU02566,263,0,7,87
2025-06-04,SKU02584,300,0,7,53
2025-06-04,SKU02662,123,0,7,35
2025-06-04,SKU02700,209,0,7,53
2025-06-04,SKU02877,398,0,7,92
2025-06-04,SKU02907,380,0,7,80
2025-06-04,SKU02964,349,0,7,68
2025-06-04,SKU03090,151,0,7,41
2025-06-04,SKU03105,262,0,7,77
2025-06-04,SKU03230,117,0,7,20
2025-06-04,SKU03254,144,0,7,39
2025-06-04,SKU03257,205,0,7,38
2025-06-04,SKU03281,829,0,7,183
2025-06-04,SKU03290,330,0,7,91
2025-06-04,SKU03291,203,0,7,43
2025-06-04,SKU03347,203,0,7,62
2025-06-04,SKU03376,179,0,7,53
2025-06-04,SKU03484,137,0,7,28
2025-06-04,SKU03523,251,0,7,69
2025-06-04,SKU03562,205,0,7,35
2025-06-04,SKU03621,305,0,7,59
2025-06-04,SKU03627,111,0,7,32
2025-06-04,SKU03737,166,0,7,43
2025-06-04,SKU03805,822,0,7,188
2025-06-04,SKU03975,162,0,7,31
2025-06-04,SKU04019,117,0,7,21
2025-06-04,SKU04073,239,0,7,69
2025-06-04,SKU04144,245,0,7,42
2025-06-04,SKU04212,714,0,7,149
2025-06-04,SKU04222,210,0,7,39
2025-06-04,SKU04228,188,0,7,32
2025-06-04,SKU04261,132,0,7,33
2025-06-04,SKU04352,124,0,7,22
2025-06-04,SKU04414,170,0,7,43
2025-06-04,SKU04554,458,0,7,134
2025-06-04,SKU04591,317,0,7,53
2025-06-04,SKU04612,957,0,7,219
2025-06-04,SKU04643,86,0,7,20
2025-06-04,SKU04741,448,0,7,94
2025-06-04,SKU04757,249,0,7,63
2025-06-04,SKU04771,279,0,7,93
2025-06-04,SKU04894,107,0,7,26
2025-06-04,SKU04941,407,0,7,68
2025-06-05,SKU00075,232,0,7,63
2025-06-05,SKU00150,90,0,7,27
2025-06-05,SKU00170,160,0,7,51
2025-06-05,SKU00173,244,0,7,54
2025-06-05,SKU00262,503,0,7,96
2025-06-05,SKU00421,250,0,7,61
2025-06-05,SKU00521,349,0,7,73
2025-06-05,SKU00574,406,0,7,110
2025-06-05,SKU00679,175,0,7,34
2025-06-05,SKU00932,268,0,7,58
2025-06-05,SKU00936,301,0,7,93
2025-06-05,SKU00965,126,0,7,34
2025-06-05,SKU00986,349,0,7,69
2025-06-05,SKU01023,259,0,7,76
2025-06-05,SKU01038,248,0,7,65
2025-06-05,SKU01112,142,0,7,33
2025-06-05,SKU01133,183,0,7,49
2025-06-05,SKU01167,179,0,7,33
2025-06-05,SKU01171,515,0,7,88
2025-06-05,SKU01191,110,0,7,26
2025-06-05,SKU01264,94,0,7,24
2025-06-05,SKU01318,102,0,7,20
2025-06-05,SKU01339,420,0,7,81
2025-06-05,SKU01423,108,0,7,33
2025-06-05,SKU01495,214,0,7,59
2025-06-05,SKU01580,237,0,7,57
2025-06-05,SKU01605,362,0,7,92
2025-06-05,SKU01649,117,0,7,23
2025-06-05,SKU01674,153,0,7,49
2025-06-05,SKU01675,189,0,7,33
2025-06-05,SKU01696,130,0,7,38
2025-06-05,SKU01754,304,0,7,62
2025-06-05,SKU01854,288,0,7,78
2025-06-05,SKU01857,112,0,7,31
2025-06-05,SKU01863,297,0,7,64
2025-06-05,SKU01877,79,0,7,23
2025-06-05,SKU01903,510,0,7,97
2025-06-05,SKU01919,337,0,7,63
2025-06-05,SKU02094,348,0,7,88
2025-06-05,SKU02142,182,0,7,34
2025-06-05,SKU02164,205,0,7,61
2025-06-05,SKU02205,144,0,7,39
2025-06-05,SKU02277,473,0,7,97
2025-06-05,SKU02331,271,0,7,53
2025-06-05,SKU02421,156,0,7,39
2025-06-05,SKU02463,251,0,7,45
2025-06-05,SKU02519,374,0,7,72
2025-06-05,SKU02541,255,0,7,63
2025-06-05,SKU02546,247,0,7,74
2025-06-05,SKU02626,293,0,7,58
2025-06-05,SKU02710,202,0,7,47
2025-06-05,SKU02842,327,0,7,76
2025-06-05,SKU02907,568,0,7,123
2025-06-05,SKU03031,376,0,7,74
2025-06-05,SKU03036,581,0,7,130
2025-06-05,SKU03073,174,0,7,38
2025-06-05,SKU03105,219,0,7,60
2025-06-05,SKU03115,424,0,7,96
2025-06-05,SKU03139,283,0,7,51
2025-06-05,SKU03173,136,0,7,43
2025-06-05,SKU03177,135,0,7,26
2025-06-05,SKU03179,308,0,7,81
2025-06-05,SKU03257,383,0,7,77
2025-06-05,SKU03281,140,0,7,46
2025-06-05,SKU03320,443,0,7,84
2025-06-05,SKU03357,296,0,7,69
2025-06-05,SKU03414,351,0,7,84
2025-06-05,SKU03441,268,0,7,46
2025-06-05,SKU03454,335,0,7,59
2025-06-05,SKU03492,122,0,7,34
2025-06-05,SKU03548,237,0,7,66
2025-06-05,SKU03592,123,0,7,26
2025-06-05,SKU03603,349,0,7,60
2025-06-05,SKU03627,337,0,7,64
2025-06-05,SKU03634,237,0,7,43
2025-06-05,SKU03822,65,0,7,21
2025-06-05,SKU03823,364,0,7,78
2025-06-05,SKU03892,415,0,7,77
2025-06-05,SKU03966,373,0,7,65
2025-06-05,SKU03991,182,0,7,43
2025-06-05,SKU04018,211,0,7,45
2025-06-05,SKU04052,318,0,7,79
2025-06-05,SKU04062,120,0,7,31
2025-06-05,SKU04144,659,0,7,143
2025-06-05,SKU04215,267,0,7,89
2025-06-05,SKU04401,86,0,7,24
2025-06-05,SKU04461,136,0,7,41
2025-06-05,SKU04491,427,0,7,84
2025-06-05,SKU04612,179,0,7,39
2025-06-05,SKU04664,134,0,7,36
2025-06-05,SKU04693,212,0,7,50
2025-06-05,SKU04717,297,0,7,59
2025-06-05,SKU04887,173,0,7,30
2025-06-05,SKU04953,248,0,7,44
2025-06-05,SKU04987,232,0,7,60
2025-06-06,SKU00024,210,0,7,38
2025-06-06,SKU00032,359,0,7,81
2025-06-06,SKU00090,197,0,7,49
2025-06-06,SKU00105,329,0,7,76
2025-06-06,SKU00155,285,0,7,51
2025-06-06,SKU00173,197,0,7,39
2025-06-06,SKU00240,280,0,7,78
2025-06-06,SKU00262,235,0,7,77
2025-06-06,SKU00305,329,0,7,56
2025-06-06,SKU00330,271,0,7,68
2025-06-06,SKU00350,152,0,7,40
2025-06-06,SKU00402,569,0,7,123
2025-06-06,SKU00421,351,0,7,69
2025-06-06,SKU00498,274,0,7,56
2025-06-06,SKU00535,365,0,7,73
2025-06-06,SKU00574,137,0,7,45
2025-06-06,SKU00589,85,0,7,22
2025-06-06,SKU00592,959,0,7,181
2025-06-06,SKU00631,273,0,7,70
2025-06-06,SKU00706,96,0,7,29
2025-06-06,SKU00788,135,0,7,41
2025-06-06,SKU00821,84,0,7,22
2025-06-06,SKU00860,226,0,7,62
2025-06-06,SKU00954,368,0,7,99
2025-06-06,SKU00986,93,0,7,25
2025-06-06,SKU01046,193,0,7,38
2025-06-06,SKU01063,384,0,7,96
2025-06-06,SKU01075,70,0,7,20
2025-06-06,SKU01112,357,0,7,75
2025-06-06,SKU01174,193,0,7,38
2025-06-06,SKU01179,138,0,7,38
2025-06-06,SKU01264,146,0,7,29
2025-06-06,SKU01318,335,0,7,61
2025-06-06,SKU01339,440,0,7,88
2025-06-06,SKU01347,238,0,7,47
2025-06-06,SKU01423,503,0,7,99
2025-06-06,SKU01542,423,0,7,75
2025-06-06,SKU01605,242,0,7,43
2025-06-06,SKU01674,401,0,7,70
2025-06-06,SKU01717,97,0,7,30
2025-06-06,SKU01766,413,0,7,76
2025-06-06,SKU01822,90,0,7,30
2025-06-06,SKU01827,235,0,7,49
2025-06-06,SKU01877,74,0,7,20
2025-06-06,SKU01880,78,0,7,24
2025-06-06,SKU01911,316,0,7,58
2025-06-06,SKU01915,247,0,7,65
2025-06-06,SKU01981,234,0,7,43
2025-06-06,SKU02038,298,0,7,91
2025-06-06,SKU02094,232,0,7,62
2025-06-06,SKU02104,308,0,7,98
2025-06-06,SKU02112,223,0,7,48
2025-06-06,SKU02114,81,0,7,25
2025-06-06,SKU02223,318,0,7,55
2025-06-06,SKU02248,673,0,7,136
2025-06-06,SKU02290,295,0,7,73
2025-06-06,SKU02302,325,0,7,62
2025-06-06,SKU02329,357,0,7,65
2025-06-06,SKU02386,198,0,7,56
2025-06-06,SKU02421,140,0,7,38
2025-06-06,SKU02463,69,0,7,22
2025-06-06,SKU02519,755,0,7,160
2025-06-06,SKU02533,522,0,7,131
2025-06-06,SKU02558,135,0,7,28
2025-06-06,SKU02566,784,0,7,150
2025-06-06,SKU02567,107,0,7,28
2025-06-06,SKU02570,259,0,7,82
2025-06-06,SKU02580,298,0,7,76
2025-06-06,SKU02700,439,0,7,99
2025-06-06,SKU02722,291,0,7,73
2025-06-06,SKU02822,149,0,7,48
2025-06-06,SKU02829,192,0,7,52
2025-06-06,SKU02915,327,0,7,80
2025-06-06,SKU02969,329,0,7,55
2025-06-06,SKU03005,242,0,7,62
2025-06-06,SKU03036,469,0,7,89
2025-06-06,SKU03089,190,0,7,52
2025-06-06,SKU03105,572,0,7,97
2025-06-06,SKU03129,219,0,7,47
2025-06-06,SKU03179,469,0,7,126
2025-06-06,SKU03210,254,0,7,57
2025-06-06,SKU03230,435,0,7,78
2025-06-06,SKU03284,306,0,7,72
2025-06-06,SKU03349,185,0,7,35
2025-06-06,SKU03454,453,0,7,109
2025-06-06,SKU03520,492,0,7,100
2025-06-06,SKU03562,161,0,7,40
2025-06-06,SKU03592,153,0,7,48
2025-06-06,SKU03602,269,0,7,58
2025-06-06,SKU03603,171,0,7,30
2025-06-06,SKU03621,394,0,7,95
2025-06-06,SKU03749,365,0,7,77
2025-06-06,SKU03803,325,0,7,65
2025-06-06,SKU03932,403,0,7,94
2025-06-06,SKU03961,429,0,7,91
2025-06-06,SKU04018,499,0,7,88
2025-06-06,SKU04048,338,0,7,84
2025-06-06,SKU04053,378,0,7,100
2025-06-06,SKU04107,260,0,7,44
2025-06-06,SKU04147,279,0,7,52
2025-06-06,SKU04153,282,0,7,83
2025-06-06,SKU04222,306,0,7,63
2025-06-06,SKU04281,305,0,7,72
2025-06-06,SKU04319,95,0,7,29
2025-06-06,SKU04334,176,0,7,38
2025-06-06,SKU04442,568,0,7,120
2025-06-06,SKU04566,140,0,7,39
2025-06-06,SKU04607,188,0,7,38
2025-06-06,SKU04664,266,0,7,46
2025-06-06,SKU04690,106,0,7,21
2025-06-06,SKU04729,169,0,7,37
2025-06-06,SKU04747,397,0,7,91
2025-06-06,SKU04771,590,0,7,178
2025-06-06,SKU04831,307,0,7,89
2025-06-06,SKU04849,429,0,7,77
2025-06-06,SKU04887,221,0,7,58
2025-06-06,SKU04888,107,0,7,24
2025-06-06,SKU04919,273,0,7,73
2025-06-06,SKU04941,509,0,7,85
2025-06-07,SKU00032,353,0,7,94
2025-06-07,SKU00069,393,0,7,81
2025-06-07,SKU00105,269,0,7,45
2025-06-07,SKU00155,424,0,7,97
2025-06-07,SKU00167,151,0,7,29
2025-06-07,SKU00186,207,0,7,39
2025-06-07,SKU00355,132,0,7,31
2025-06-07,SKU00389,104,0,7,31
2025-06-07,SKU00507,476,0,7,86
2025-06-07,SKU00535,89,0,7,27
2025-06-07,SKU00550,224,0,7,68
2025-06-07,SKU00592,338,0,7,86
2025-06-07,SKU00645,303,0,7,80
2025-06-07,SKU00691,145,0,7,30
2025-06-07,SKU00740,362,0,7,64
2025-06-07,SKU00788,76,0,7,24
2025-06-07,SKU00821,165,0,7,30
2025-06-07,SKU00978,399,0,7,78
2025-06-07,SKU01017,405,0,7,92
2025-06-07,SKU01023,316,0,7,93
2025-06-07,SKU01042,357,0,7,100
2025-06-07,SKU01052,440,0,7,75
2025-06-07,SKU01063,242,0,7,75
2025-06-07,SKU01068,215,0,7,38
2025-06-07,SKU01104,222,0,7,56
2025-06-07,SKU01158,248,0,7,61
2025-06-07,SKU01187,252,0,7,45
2025-06-07,SKU01303,442,0,7,75
2025-06-07,SKU01340,325,0,7,79
2025-06-07,SKU01538,597,0,7,147
2025-06-07,SKU01592,415,0,7,84
2025-06-07,SKU01675,315,0,7,74
2025-06-07,SKU01717,402,0,7,88
2025-06-07,SKU01754,107,0,7,24
2025-06-07,SKU01781,489,0,7,100
2025-06-07,SKU01827,1011,0,7,212
2025-06-07,SKU01874,178,0,7,36
2025-06-07,SKU02014,481,0,7,95
2025-06-07,SKU02094,148,0,7,27
2025-06-07,SKU02103,197,0,7,33
2025-06-07,SKU02217,118,0,7,26
2025-06-07,SKU02224,154,0,7,37
2025-06-07,SKU02302,113,0,7,22
2025-06-07,SKU02386,318,0,7,67
2025-06-07,SKU02387,98,0,7,29
2025-06-07,SKU02408,289,0,7,70
2025-06-07,SKU02500,852,0,7,152
2025-06-07,SKU02541,473,0,7,85
2025-06-07,SKU02558,210,0,7,36
2025-06-07,SKU02570,326,0,7,60
2025-06-07,SKU02675,537,0,7,98
2025-06-07,SKU02722,252,0,7,70
2025-06-07,SKU02728,214,0,7,49
2025-06-07,SKU02877,218,0,7,46
2025-06-07,SKU02907,533,0,7,96
2025-06-07,SKU02911,182,0,7,42
2025-06-07,SKU02938,485,0,7,115
2025-06-07,SKU02999,271,0,7,46
2025-06-07,SKU03014,555,0,7,140
2025-06-07,SKU03031,318,0,7,92
2025-06-07,SKU03036,289,0,7,63
2025-06-07,SKU03210,425,0,7,100
2025-06-07,SKU03254,452,0,7,79
2025-06-07,SKU03266,468,0,7,94
2025-06-07,SKU03281,328,0,7,67
2025-06-07,SKU03284,351,0,7,83
2025-06-07,SKU03290,267,0,7,63
2025-06-07,SKU03311,276,0,7,82
2025-06-07,SKU03454,320,0,7,60
2025-06-07,SKU03491,252,0,7,83
2025-06-07,SKU03493,294,0,7,49
2025-06-07,SKU03574,384,0,7,89
2025-06-07,SKU03583,143,0,7,34
2025-06-07,SKU03600,341,0,7,99
2025-06-07,SKU03602,261,0,7,70
2025-06-07,SKU03744,635,0,7,119
2025-06-07,SKU03805,281,0,7,61
2025-06-07,SKU03823,997,0,7,190
2025-06-07,SKU03863,259,0,7,62
2025-06-07,SKU03941,122,0,7,26
2025-06-07,SKU03991,388,0,7,84
2025-06-07,SKU04048,268,0,7,49
2025-06-07,SKU04052,450,0,7,100
2025-06-07,SKU04054,426,0,7,98
2025-06-07,SKU04062,322,0,7,90
2025-06-07,SKU04073,94,0,7,25
2025-06-07,SKU04153,122,0,7,38
2025-06-07,SKU04158,199,0,7,47
2025-06-07,SKU04212,243,0,7,64
2025-06-07,SKU04215,333,0,7,62
2025-06-07,SKU04222,153,0,7,28
2025-06-07,SKU04236,318,0,7,94
2025-06-07,SKU04319,432,0,7,89
2025-06-07,SKU04334,187,0,7,43
2025-06-07,SKU04352,347,0,7,59
2025-06-07,SKU04409,316,0,7,69
2025-06-07,SKU04443,565,0,7,95
2025-06-07,SKU04499,186,0,7,51
2025-06-07,SKU04526,246,0,7,54
2025-06-07,SKU04554,529,0,7,99
2025-06-07,SKU04561,832,0,7,167
2025-06-07,SKU04670,283,0,7,51
2025-06-07,SKU04690,208,0,7,37
2025-06-07,SKU04798,188,0,7,40
2025-06-07,SKU04888,221,0,7,53
2025-06-07,SKU04953,307,0,7,56
2025-06-07,SKU04987,268,0,7,69
2025-06-07,SKU05000,112,0,7,27
2025-06-08,SKU00012,375,0,7,92
2025-06-08,SKU00105,343,0,7,66
2025-06-08,SKU00150,254,0,7,57
2025-06-08,SKU00173,665,0,7,127
2025-06-08,SKU00240,260,0,7,57
2025-06-08,SKU00386,94,0,7,23
2025-06-08,SKU00449,173,0,7,35
2025-06-08,SKU00502,457,0,7,92
2025-06-08,SKU00507,196,0,7,53
2025-06-08,SKU00521,114,0,7,23
2025-06-08,SKU00546,316,0,7,57
2025-06-08,SKU00550,117,0,7,30
2025-06-08,SKU00585,112,0,7,33
2025-06-08,SKU00638,396,0,7,85
2025-06-08,SKU00650,228,0,7,44
2025-06-08,SKU00662,526,0,7,94
2025-06-08,SKU00682,343,0,7,66
2025-06-08,SKU00691,192,0,7,44
2025-06-08,SKU00749,261,0,7,57
2025-06-08,SKU00906,127,0,7,39
2025-06-08,SKU00972,334,0,7,60
2025-06-08,SKU01023,337,0,7,86
2025-06-08,SKU01068,494,0,7,93
2025-06-08,SKU01133,408,0,7,93
2025-06-08,SKU01167,374,0,7,80
2025-06-08,SKU01179,573,0,7,126
2025-06-08,SKU01264,485,0,7,100
2025-06-08,SKU01303,305,0,7,72
2025-06-08,SKU01310,305,0,7,88
2025-06-08,SKU01318,124,0,7,31
2025-06-08,SKU01413,465,0,7,90
2025-06-08,SKU01495,235,0,7,72
2025-06-08,SKU01538,197,0,7,62
2025-06-08,SKU01568,280,0,7,75
2025-06-08,SKU01592,371,0,7,68
2025-06-08,SKU01649,337,0,7,96
2025-06-08,SKU01651,322,0,7,69
2025-06-08,SKU01696,322,0,7,92
2025-06-08,SKU01790,279,0,7,65
2025-06-08,SKU01822,230,0,7,70
2025-06-08,SKU01911,215,0,7,67
2025-06-08,SKU02014,287,0,7,70
2025-06-08,SKU02064,331,0,7,61
2025-06-08,SKU02128,197,0,7,48
2025-06-08,SKU02387,351,0,7,83
2025-06-08,SKU02425,100,0,7,27
2025-06-08,SKU02446,279,0,7,81
2025-06-08,SKU02471,491,0,7,94
2025-06-08,SKU02472,292,0,7,88
2025-06-08,SKU02514,126,0,7,27
2025-06-08,SKU02567,265,0,7,55
2025-06-08,SKU02576,337,0,7,80
2025-06-08,SKU02590,75,0,7,25
2025-06-08,SKU02662,418,0,7,98
2025-06-08,SKU02710,294,0,7,50
2025-06-08,SKU02768,264,0,7,52
2025-06-08,SKU02829,292,0,7,70
2025-06-08,SKU03230,246,0,7,75
2025-06-08,SKU03266,135,0,7,31
2025-06-08,SKU03291,177,0,7,39
2025-06-08,SKU03349,84,0,7,20
2025-06-08,SKU03357,263,0,7,62
2025-06-08,SKU03414,192,0,7,43
2025-06-08,SKU03428,456,0,7,94
2025-06-08,SKU03454,75,0,7,22
2025-06-08,SKU03484,93,0,7,22
2025-06-08,SKU03493,129,0,7,41
2025-06-08,SKU03574,478,0,7,96
2025-06-08,SKU03580,547,0,7,149
2025-06-08,SKU03624,277,0,7,57
2025-06-08,SKU03627,401,0,7,82
2025-06-08,SKU03737,212,0,7,49
2025-06-08,SKU03803,361,0,7,69
2025-06-08,SKU03823,472,0,7,99
2025-06-08,SKU03941,122,0,7,26
2025-06-08,SKU03991,257,0,7,73
2025-06-08,SKU04018,518,0,7,91
2025-06-08,SKU04048,197,0,7,35
2025-06-08,SKU04054,298,0,7,60
2025-06-08,SKU04250,94,0,7,23
2025-06-08,SKU04388,239,0,7,53
2025-06-08,SKU04414,271,0,7,50
2025-06-08,SKU04499,118,0,7,34
2025-06-08,SKU04526,352,0,7,66
2025-06-08,SKU04591,244,0,7,52
2025-06-08,SKU04652,94,0,7,23
2025-06-08,SKU04902,179,0,7,43
2025-06-08,SKU04941,443,0,7,75
2025-06-08,SKU04953,157,0,7,29
2025-06-08,SKU04955,274,0,7,75
2025-06-09,SKU00032,134,0,7,24
2025-06-09,SKU00127,343,0,7,72
2025-06-09,SKU00342,205,0,7,56
2025-06-09,SKU00385,175,0,7,41
2025-06-09,SKU00532,132,0,7,31
2025-06-09,SKU00553,101,0,7,20
2025-06-09,SKU00654,362,0,7,76
2025-06-09,SKU00679,268,0,7,52
2025-06-09,SKU00699,529,0,7,122
2025-06-09,SKU00749,199,0,7,51
2025-06-09,SKU00860,265,0,7,62
2025-06-09,SKU00986,1004,0,7,211
2025-06-09,SKU01187,257,0,7,85
2025-06-09,SKU01191,141,0,7,47
2025-06-09,SKU01224,618,0,7,118
2025-06-09,SKU01229,343,0,7,61
2025-06-09,SKU01287,426,0,7,104
2025-06-09,SKU01310,314,0,7,72
2025-06-09,SKU01318,329,0,7,68
2025-06-09,SKU01337,436,0,7,91
2025-06-09,SKU01340,355,0,7,71
2025-06-09,SKU01407,319,0,7,98
2025-06-09,SKU01542,415,0,7,96
2025-06-09,SKU01592,402,0,7,73
2025-06-09,SKU01781,381,0,7,102
2025-06-09,SKU01792,310,0,7,60
2025-06-09,SKU01805,235,0,7,43
2025-06-09,SKU01911,165,0,7,47
2025-06-09,SKU01939,355,0,7,68
2025-06-09,SKU01970,544,0,7,106
2025-06-09,SKU02070,162,0,7,34
2025-06-09,SKU02103,195,0,7,35
2025-06-09,SKU02142,329,0,7,77
2025-06-09,SKU02211,281,0,7,75
2025-06-09,SKU02253,510,0,7,97
2025-06-09,SKU02329,275,0,7,84
2025-06-09,SKU02386,448,0,7,87
2025-06-09,SKU02425,134,0,7,28
2025-06-09,SKU02576,359,0,7,89
2025-06-09,SKU02630,265,0,7,80
2025-06-09,SKU02700,417,0,7,75
2025-06-09,SKU02768,255,0,7,69
2025-06-09,SKU02877,128,0,7,28
2025-06-09,SKU02897,293,0,7,74
2025-06-09,SKU02915,73,0,7,20
2025-06-09,SKU02946,293,0,7,80
2025-06-09,SKU02997,94,0,7,22
2025-06-09,SKU03090,174,0,7,46
2025-06-09,SKU03281,588,0,7,100
2025-06-09,SKU03347,249,0,7,76
2025-06-09,SKU03357,293,0,7,51
2025-06-09,SKU03436,160,0,7,32
2025-06-09,SKU03484,133,0,7,39
2025-06-09,SKU03491,202,0,7,44
2025-06-09,SKU03520,205,0,7,42
2025-06-09,SKU03580,233,0,7,56
2025-06-09,SKU03624,380,0,7,79
2025-06-09,SKU03822,557,0,7,174
2025-06-09,SKU03823,247,0,7,48
2025-06-09,SKU03863,184,0,7,49
2025-06-09,SKU04019,470,0,7,90
2025-06-09,SKU04062,510,0,7,86
2025-06-09,SKU04102,185,0,7,47
2025-06-09,SKU04145,170,0,7,34
2025-06-09,SKU04153,314,0,7,63
2025-06-09,SKU04244,375,0,7,63
2025-06-09,SKU04249,117,0,7,33
2025-06-09,SKU04401,106,0,7,31
2025-06-09,SKU04470,233,0,7,44
2025-06-09,SKU04499,279,0,7,85
2025-06-09,SKU04526,153,0,7,47
2025-06-09,SKU04580,491,0,7,124
2025-06-09,SKU04652,259,0,7,61
2025-06-09,SKU04654,311,0,7,90
2025-06-09,SKU04670,158,0,7,31
2025-06-09,SKU04717,278,0,7,48
2025-06-09,SKU04741,112,0,7,25
2025-06-09,SKU04795,149,0,7,29
2025-06-09,SKU04854,125,0,7,36
2025-06-09,SKU04905,111,0,7,32
2025-06-09,SKU04953,180,0,7,60
2025-06-09,SKU04987,82,0,7,22
2025-06-10,SKU00083,195,0,7,37
2025-06-10,SKU00155,315,0,7,75
2025-06-10,SKU00237,329,0,7,57
2025-06-10,SKU00262,374,0,7,63
2025-06-10,SKU00342,73,0,7,20
2025-06-10,SKU00355,126,0,7,38
2025-06-10,SKU00389,192,0,7,55
2025-06-10,SKU00402,341,0,7,78
2025-06-10,SKU00584,482,0,7,117
2025-06-10,SKU00585,512,0,7,99
2025-06-10,SKU00598,148,0,7,26
2025-06-10,SKU00654,191,0,7,54
2025-06-10,SKU00682,260,0,7,44
2025-06-10,SKU00691,243,0,7,43
2025-06-10,SKU00734,307,0,7,82
2025-06-10,SKU00767,113,0,7,36
2025-06-10,SKU00775,275,0,7,85
2025-06-10,SKU00858,199,0,7,38
2025-06-10,SKU00906,281,0,7,51
2025-06-10,SKU00935,159,0,7,28
2025-06-10,SKU00972,187,0,7,33
2025-06-10,SKU01034,388,0,7,97
2025-06-10,SKU01052,217,0,7,43
2025-06-10,SKU01104,123,0,7,33
2025-06-10,SKU01264,173,0,7,47
2025-06-10,SKU01318,108,0,7,33
2025-06-10,SKU01392,424,0,7,75
2025-06-10,SKU01396,222,0,7,66
2025-06-10,SKU01407,337,0,7,62
2025-06-10,SKU01428,441,0,7,98
2025-06-10,SKU01441,196,0,7,46
2025-06-10,SKU01558,239,0,7,62
2025-06-10,SKU01675,131,0,7,37
2025-06-10,SKU01696,281,0,7,82
2025-06-10,SKU01762,136,0,7,25
2025-06-10,SKU01770,411,0,7,73
2025-06-10,SKU01818,280,0,7,59
2025-06-10,SKU01827,401,0,7,67
2025-06-10,SKU01830,214,0,7,49
2025-06-10,SKU01854,437,0,7,80
2025-06-10,SKU01911,461,0,7,79
2025-06-10,SKU02038,306,0,7,96
2025-06-10,SKU02094,315,0,7,53
2025-06-10,SKU02205,697,0,7,134
2025-06-10,SKU02255,149,0,7,25
2025-06-10,SKU02277,420,0,7,83
2025-06-10,SKU02302,443,0,7,97
2025-06-10,SKU02387,267,0,7,84
2025-06-10,SKU02421,584,0,7,148
2025-06-10,SKU02425,450,0,7,97
2025-06-10,SKU02463,550,0,7,94
2025-06-10,SKU02471,321,0,7,69
2025-06-10,SKU02472,170,0,7,49
2025-06-10,SKU02566,697,0,7,164
2025-06-10,SKU02570,396,0,7,92
2025-06-10,SKU02584,104,0,7,23
2025-06-10,SKU02681,414,0,7,70
2025-06-10,SKU02700,246,0,7,43
2025-06-10,SKU02728,313,0,7,80
2025-06-10,SKU02842,474,0,7,95
2025-06-10,SKU02997,409,0,7,83
2025-06-10,SKU03014,358,0,7,70
2025-06-10,SKU03058,228,0,7,58
2025-06-10,SKU03089,327,0,7,88
2025-06-10,SKU03108,103,0,7,31
2025-06-10,SKU03257,293,0,7,60
2025-06-10,SKU03295,236,0,7,71
2025-06-10,SKU03362,218,0,7,72
2025-06-10,SKU03441,458,0,7,86
2025-06-10,SKU03467,201,0,7,66
2025-06-10,SKU03491,192,0,7,50
2025-06-10,SKU03504,512,0,7,108
2025-06-10,SKU03600,290,0,7,90
2025-06-10,SKU03839,562,0,7,141
2025-06-10,SKU03848,448,0,7,86
2025-06-10,SKU03950,219,0,7,57
2025-06-10,SKU03961,348,0,7,94
2025-06-10,SKU03975,514,0,7,97
2025-06-10,SKU04048,303,0,7,53
2025-06-10,SKU04053,228,0,7,66
2025-06-10,SKU04144,289,0,7,96
2025-06-10,SKU04147,273,0,7,60
2025-06-10,SKU04217,232,0,7,57
2025-06-10,SKU04244,344,0,7,60
2025-06-10,SKU04250,578,0,7,98
2025-06-10,SKU04261,414,0,7,80
2025-06-10,SKU04281,339,0,7,63
2025-06-10,SKU04292,258,0,7,45
2025-06-10,SKU04352,586,0,7,98
2025-06-10,SKU04412,366,0,7,73
2025-06-10,SKU04414,115,0,7,24
2025-06-10,SKU04442,211,0,7,36
2025-06-10,SKU04607,154,0,7,47
2025-06-10,SKU04612,195,0,7,36
2025-06-10,SKU04670,325,0,7,76
2025-06-10,SKU04726,283,0,7,60
2025-06-10,SKU04856,241,0,7,49
2025-06-10,SKU04901,385,0,7,84
2025-06-10,SKU04902,355,0,7,84
2025-06-10,SKU04905,163,0,7,46
2025-06-10,SKU04919,213,0,7,43
2025-06-10,SKU04953,106,0,7,21
2025-06-10,SKU04987,455,0,7,99
2025-06-10,SKU04996,131,0,7,36
2025-06-11,SKU00012,258,0,7,51
2025-06-11,SKU00024,610,0,7,152
2025-06-11,SKU00032,163,0,7,38
2025-06-11,SKU00066,101,0,7,31
2025-06-11,SKU00075,298,0,7,84
2025-06-11,SKU00150,363,0,7,67
2025-06-11,SKU00170,196,0,7,62
2025-06-11,SKU00305,351,0,7,89
2025-06-11,SKU00330,290,0,7,77
2025-06-11,SKU00331,158,0,7,41
2025-06-11,SKU00342,172,0,7,47
2025-06-11,SKU00350,421,0,7,80
2025-06-11,SKU00386,434,0,7,78
2025-06-11,SKU00401,483,0,7,119
2025-06-11,SKU00421,443,0,7,79
2025-06-11,SKU00462,298,0,7,60
2025-06-11,SKU00466,172,0,7,32
2025-06-11,SKU00521,297,0,7,62
2025-06-11,SKU00524,146,0,7,36
2025-06-11,SKU00546,276,0,7,77
2025-06-11,SKU00584,473,0,7,88
2025-06-11,SKU00585,444,0,7,75
2025-06-11,SKU00592,394,0,7,89
2025-06-11,SKU00598,200,0,7,66
2025-06-11,SKU00631,173,0,7,39
2025-06-11,SKU00645,420,0,7,91
2025-06-11,SKU00649,378,0,7,80
2025-06-11,SKU00662,249,0,7,66
2025-06-11,SKU00721,275,0,7,55
2025-06-11,SKU00894,333,0,7,89
2025-06-11,SKU00936,213,0,7,60
2025-06-11,SKU00954,320,0,7,85
2025-06-11,SKU00958,278,0,7,65
2025-06-11,SKU01046,113,0,7,33
2025-06-11,SKU01303,270,0,7,46
2025-06-11,SKU01396,111,0,7,29
2025-06-11,SKU01441,398,0,7,76
2025-06-11,SKU01568,252,0,7,70
2025-06-11,SKU01651,191,0,7,38
2025-06-11,SKU01754,103,0,7,26
2025-06-11,SKU01834,370,0,7,65
2025-06-11,SKU01857,146,0,7,43
2025-06-11,SKU01880,159,0,7,50
2025-06-11,SKU01939,144,0,7,46
2025-06-11,SKU02075,400,0,7,70
2025-06-11,SKU02114,386,0,7,97
2025-06-11,SKU02172,449,0,7,95
2025-06-11,SKU02209,250,0,7,54
2025-06-11,SKU02223,295,0,7,95
2025-06-11,SKU02248,87,0,7,28
2025-06-11,SKU02302,402,0,7,68
2025-06-11,SKU02351,104,0,7,27
2025-06-11,SKU02376,450,0,7,89
2025-06-11,SKU02387,226,0,7,40
2025-06-11,SKU02421,202,0,7,35
2025-06-11,SKU02446,336,0,7,97
2025-06-11,SKU02520,95,0,7,22
2025-06-11,SKU02639,405,0,7,79
2025-06-11,SKU02662,328,0,7,55
2025-06-11,SKU02681,763,0,7,140
2025-06-11,SKU02842,355,0,7,70
2025-06-11,SKU02877,229,0,7,55
2025-06-11,SKU02946,113,0,7,31
2025-06-11,SKU03105,761,0,7,136
2025-06-11,SKU03251,334,0,7,74
2025-06-11,SKU03284,407,0,7,73
2025-06-11,SKU03311,193,0,7,44
2025-06-11,SKU03362,320,0,7,68
2025-06-11,SKU03436,359,0,7,85
2025-06-11,SKU03491,364,0,7,86
2025-06-11,SKU03523,145,0,7,27
2025-06-11,SKU03548,204,0,7,43
2025-06-11,SKU03574,145,0,7,40
2025-06-11,SKU03583,315,0,7,98
2025-06-11,SKU03592,184,0,7,33
2025-06-11,SKU03773,372,0,7,87
2025-06-11,SKU03823,245,0,7,75
2025-06-11,SKU03905,122,0,7,38
2025-06-11,SKU04053,156,0,7,49
2025-06-11,SKU04102,779,0,7,191
2025-06-11,SKU04118,353,0,7,59
2025-06-11,SKU04142,135,0,7,32
2025-06-11,SKU04152,351,0,7,64
2025-06-11,SKU04212,399,0,7,122
2025-06-11,SKU04352,127,0,7,41
2025-06-11,SKU04392,808,0,7,168
2025-06-11,SKU04401,354,0,7,91
2025-06-11,SKU04412,153,0,7,27
2025-06-11,SKU04414,410,0,7,88
2025-06-11,SKU04442,262,0,7,55
2025-06-11,SKU04580,143,0,7,47
2025-06-11,SKU04605,441,0,7,78
2025-06-11,SKU04607,305,0,7,66
2025-06-11,SKU04641,237,0,7,49
2025-06-11,SKU04717,222,0,7,65
2025-06-11,SKU04768,369,0,7,76
2025-06-11,SKU04771,249,0,7,78
2025-06-11,SKU04791,473,0,7,100
2025-06-11,SKU04797,863,0,7,197
2025-06-11,SKU04879,239,0,7,41
2025-06-11,SKU04955,212,0,7,48
2025-06-11,SKU05000,113,0,7,22
2025-06-12,SKU00075,376,0,7,81
2025-06-12,SKU00090,385,0,7,65
2025-06-12,SKU00150,367,0,7,87
2025-06-12,SKU00155,345,0,7,60
2025-06-12,SKU00237,251,0,7,52
2025-06-12,SKU00240,327,0,7,67
2025-06-12,SKU00462,232,0,7,44
2025-06-12,SKU00524,492,0,7,92
2025-06-12,SKU00546,264,0,7,49
2025-06-12,SKU00550,480,0,7,83
2025-06-12,SKU00585,337,0,7,72
2025-06-12,SKU00679,97,0,7,26
2025-06-12,SKU00706,421,0,7,93
2025-06-12,SKU00749,462,0,7,91
2025-06-12,SKU00758,280,0,7,70
2025-06-12,SKU00858,271,0,7,58
2025-06-12,SKU00906,580,0,7,128
2025-06-12,SKU00935,344,0,7,59
2025-06-12,SKU00936,283,0,7,77
2025-06-12,SKU00965,410,0,7,86
2025-06-12,SKU00978,221,0,7,57
2025-06-12,SKU01031,88,0,7,29
2025-06-12,SKU01034,516,0,7,96
2025-06-12,SKU01042,378,0,7,83
2025-06-12,SKU01052,369,0,7,79
2025-06-12,SKU01075,306,0,7,83
2025-06-12,SKU01112,370,0,7,89
2025-06-12,SKU01171,501,0,7,91
2025-06-12,SKU01179,71,0,7,22
2025-06-12,SKU01187,164,0,7,30
2025-06-12,SKU01200,162,0,7,30
2025-06-12,SKU01356,87,0,7,25
2025-06-12,SKU01423,386,0,7,72
2025-06-12,SKU01433,471,0,7,83
2025-06-12,SKU01495,190,0,7,50
2025-06-12,SKU01538,109,0,7,28
2025-06-12,SKU01567,227,0,7,60
2025-06-12,SKU01568,180,0,7,45
2025-06-12,SKU01580,151,0,7,30
2025-06-12,SKU01605,320,0,7,84
2025-06-12,SKU01643,262,0,7,83
2025-06-12,SKU01651,431,0,7,83
2025-06-12,SKU01674,408,0,7,74
2025-06-12,SKU01790,252,0,7,65
2025-06-12,SKU01805,427,0,7,79
2025-06-12,SKU01830,189,0,7,62
2025-06-12,SKU01857,180,0,7,35
2025-06-12,SKU01939,308,0,7,85
2025-06-12,SKU01981,442,0,7,99
2025-06-12,SKU02038,238,0,7,41
2025-06-12,SKU02103,481,0,7,143
2025-06-12,SKU02142,419,0,7,105
2025-06-12,SKU02172,104,0,7,30
2025-06-12,SKU02205,135,0,7,38
2025-06-12,SKU02209,306,0,7,60
2025-06-12,SKU02211,151,0,7,26
2025-06-12,SKU02248,181,0,7,39
2025-06-12,SKU02302,806,0,7,182
2025-06-12,SKU02421,433,0,7,78
2025-06-12,SKU02472,502,0,7,95
2025-06-12,SKU02501,261,0,7,68
2025-06-12,SKU02566,582,0,7,99
2025-06-12,SKU02567,270,0,7,63
2025-06-12,SKU02626,366,0,7,64
2025-06-12,SKU02630,401,0,7,89
2025-06-12,SKU02675,346,0,7,79
2025-06-12,SKU02686,152,0,7,35
2025-06-12,SKU02763,318,0,7,65
2025-06-12,SKU02780,327,0,7,57
2025-06-12,SKU02822,131,0,7,38
2025-06-12,SKU02964,234,0,7,39
2025-06-12,SKU02999,235,0,7,64
2025-06-12,SKU03043,214,0,7,56
2025-06-12,SKU03115,132,0,7,28
2025-06-12,SKU03139,281,0,7,50
2025-06-12,SKU03266,219,0,7,42
2025-06-12,SKU03414,353,0,7,75
2025-06-12,SKU03467,306,0,7,68
2025-06-12,SKU03520,286,0,7,72
2025-06-12,SKU03562,364,0,7,98
2025-06-12,SKU03580,123,0,7,30
2025-06-12,SKU03803,356,0,7,83
2025-06-12,SKU03833,203,0,7,46
2025-06-12,SKU03863,588,0,7,100
2025-06-12,SKU03905,275,0,7,83
2025-06-12,SKU03932,234,0,7,51
2025-06-12,SKU03941,607,0,7,189
2025-06-12,SKU03950,263,0,7,56
2025-06-12,SKU03968,266,0,7,66
2025-06-12,SKU03991,289,0,7,79
2025-06-12,SKU04052,288,0,7,85
2025-06-12,SKU04073,367,0,7,68
2025-06-12,SKU04107,287,0,7,89
2025-06-12,SKU04144,563,0,7,133
2025-06-12,SKU04145,345,0,7,75
2025-06-12,SKU04147,101,0,7,21
2025-06-12,SKU04194,253,0,7,43
2025-06-12,SKU04212,278,0,7,47
2025-06-12,SKU04228,392,0,7,80
2025-06-12,SKU04236,570,0,7,96
2025-06-12,SKU04334,475,0,7,94
2025-06-12,SKU04392,146,0,7,27
2025-06-12,SKU04641,355,0,7,65
2025-06-12,SKU04664,325,0,7,61
2025-06-12,SKU04670,440,0,7,84
2025-06-12,SKU04747,391,0,7,69
2025-06-12,SKU04791,89,0,7,22
2025-06-12,SKU04797,352,0,7,60
2025-06-12,SKU04831,463,0,7,91
2025-06-12,SKU04849,553,0,7,95
2025-06-12,SKU04905,214,0,7,40
2025-06-12,SKU04919,373,0,7,80
2025-06-12,SKU04941,410,0,7,70
2025-06-13,SKU00032,559,0,7,99
2025-06-13,SKU00075,367,0,7,87
2025-06-13,SKU00105,197,0,7,35
2025-06-13,SKU00127,283,0,7,52
2025-06-13,SKU00140,218,0,7,71
2025-06-13,SKU00262,155,0,7,47
2025-06-13,SKU00462,268,0,7,76
2025-06-13,SKU00466,367,0,7,84
2025-06-13,SKU00498,174,0,7,30
2025-06-13,SKU00532,172,0,7,52
2025-06-13,SKU00535,306,0,7,81
2025-06-13,SKU00551,429,0,7,78
2025-06-13,SKU00585,278,0,7,86
2025-06-13,SKU00654,273,0,7,82
2025-06-13,SKU00699,710,0,7,152
2025-06-13,SKU00721,194,0,7,52
2025-06-13,SKU00775,136,0,7,34
2025-06-13,SKU00821,104,0,7,32
2025-06-13,SKU00855,322,0,7,62
2025-06-13,SKU00860,364,0,7,85
2025-06-13,SKU00932,396,0,7,92
2025-06-13,SKU00954,123,0,7,40
2025-06-13,SKU00986,254,0,7,58
2025-06-13,SKU01017,682,0,7,163
2025-06-13,SKU01023,135,0,7,40
2025-06-13,SKU01264,229,0,7,58
2025-06-13,SKU01407,432,0,7,99
2025-06-13,SKU01457,478,0,7,90
2025-06-13,SKU01649,192,0,7,62
2025-06-13,SKU01762,347,0,7,95
2025-06-13,SKU01781,525,0,7,124
2025-06-13,SKU01805,554,0,7,99
2025-06-13,SKU01827,314,0,7,61
2025-06-13,SKU01834,212,0,7,43
2025-06-13,SKU01939,170,0,7,45
2025-06-13,SKU02094,82,0,7,21
2025-06-13,SKU02114,253,0,7,59
2025-06-13,SKU02142,357,0,7,86
2025-06-13,SKU02164,373,0,7,76
2025-06-13,SKU02194,290,0,7,60
2025-06-13,SKU02248,346,0,7,85
2025-06-13,SKU02255,478,0,7,104
2025-06-13,SKU02267,215,0,7,58
2025-06-13,SKU02277,284,0,7,51
2025-06-13,SKU02376,273,0,7,69
2025-06-13,SKU02408,238,0,7,52
2025-06-13,SKU02421,386,0,7,100
2025-06-13,SKU02471,414,0,7,93
2025-06-13,SKU02520,122,0,7,40
2025-06-13,SKU02533,459,0,7,90
2025-06-13,SKU02590,116,0,7,37
2025-06-13,SKU02630,279,0,7,63
2025-06-13,SKU02710,377,0,7,78
2025-06-13,SKU02718,237,0,7,55
2025-06-13,SKU02722,376,0,7,76
2025-06-13,SKU02822,295,0,7,58
2025-06-13,SKU02871,520,0,7,99
2025-06-13,SKU02911,227,0,7,42
2025-06-13,SKU02938,372,0,7,73
2025-06-13,SKU03014,199,0,7,57
2025-06-13,SKU03043,217,0,7,72
2025-06-13,SKU03108,478,0,7,83
2025-06-13,SKU03152,201,0,7,64
2025-06-13,SKU03257,380,0,7,66
2025-06-13,SKU03277,100,0,7,25
2025-06-13,SKU03286,283,0,7,81
2025-06-13,SKU03290,89,0,7,25
2025-06-13,SKU03414,163,0,7,45
2025-06-13,SKU03416,102,0,7,27
2025-06-13,SKU03504,233,0,7,66
2025-06-13,SKU03642,155,0,7,43
2025-06-13,SKU03744,281,0,7,63
2025-06-13,SKU03807,169,0,7,29
2025-06-13,SKU03863,67,0,7,22
2025-06-13,SKU03941,409,0,7,70
2025-06-13,SKU03968,278,0,7,55
2025-06-13,SKU03991,260,0,7,68
2025-06-13,SKU04062,165,0,7,52
2025-06-13,SKU04102,424,0,7,89
2025-06-13,SKU04118,463,0,7,81
2025-06-13,SKU04144,376,0,7,81
2025-06-13,SKU04152,183,0,7,38
2025-06-13,SKU04215,723,0,7,149
2025-06-13,SKU04217,125,0,7,24
2025-06-13,SKU04228,521,0,7,90
2025-06-13,SKU04249,273,0,7,86
2025-06-13,SKU04334,451,0,7,85
2025-06-13,SKU04401,415,0,7,70
2025-06-13,SKU04491,355,0,7,86
2025-06-13,SKU04554,507,0,7,93
2025-06-13,SKU04643,152,0,7,49
2025-06-13,SKU04664,210,0,7,55
2025-06-13,SKU04693,233,0,7,48
2025-06-13,SKU04706,552,0,7,116
2025-06-13,SKU04717,345,0,7,75
2025-06-13,SKU04791,336,0,7,89
2025-06-13,SKU04887,389,0,7,91
2025-06-13,SKU04905,358,0,7,80
2025-06-14,SKU00024,100,0,7,26
2025-06-14,SKU00032,245,0,7,52
2025-06-14,SKU00069,120,0,7,30
2025-06-14,SKU00083,486,0,7,93
2025-06-14,SKU00140,176,0,7,31
2025-06-14,SKU00173,309,0,7,100
2025-06-14,SKU00240,575,0,7,158
2025-06-14,SKU00331,156,0,7,42
2025-06-14,SKU00350,84,0,7,24
2025-06-14,SKU00371,290,0,7,49
2025-06-14,SKU00401,140,0,7,25
2025-06-14,SKU00437,363,0,7,75
2025-06-14,SKU00466,96,0,7,21
2025-06-14,SKU00507,390,0,7,67
2025-06-14,SKU00516,224,0,7,44
2025-06-14,SKU00535,477,0,7,84
2025-06-14,SKU00585,247,0,7,60
2025-06-14,SKU00592,309,0,7,79
2025-06-14,SKU00645,263,0,7,47
2025-06-14,SKU00699,412,0,7,72
2025-06-14,SKU00734,191,0,7,50
2025-06-14,SKU00860,129,0,7,34
2025-06-14,SKU00894,242,0,7,50
2025-06-14,SKU00906,121,0,7,26
2025-06-14,SKU00932,401,0,7,77
2025-06-14,SKU00935,285,0,7,91
2025-06-14,SKU00987,123,0,7,24
2025-06-14,SKU01038,267,0,7,53
2025-06-14,SKU01158,475,0,7,100
2025-06-14,SKU01224,382,0,7,86
2025-06-14,SKU01303,152,0,7,39
2025-06-14,SKU01441,289,0,7,65
2025-06-14,SKU01567,302,0,7,77
2025-06-14,SKU01582,270,0,7,82
2025-06-14,SKU01592,207,0,7,38
2025-06-14,SKU01678,271,0,7,79
2025-06-14,SKU01717,804,0,7,185
2025-06-14,SKU01766,387,0,7,94
2025-06-14,SKU01818,296,0,7,95
2025-06-14,SKU01834,1050,0,7,238
2025-06-14,SKU01857,396,0,7,80
2025-06-14,SKU01981,208,0,7,44
2025-06-14,SKU01986,306,0,7,58
2025-06-14,SKU02064,203,0,7,44
2025-06-14,SKU02104,107,0,7,29
2025-06-14,SKU02221,1195,0,7,221
2025-06-14,SKU02267,310,0,7,60
2025-06-14,SKU02302,533,0,7,94
2025-06-14,SKU02351,313,0,7,61
2025-06-14,SKU02375,378,0,7,98
2025-06-14,SKU02408,281,0,7,52
2025-06-14,SKU02463,209,0,7,53
2025-06-14,SKU02500,192,0,7,50
2025-06-14,SKU02580,366,0,7,79
2025-06-14,SKU02662,299,0,7,59
2025-06-14,SKU02780,214,0,7,36
2025-06-14,SKU02794,241,0,7,52
2025-06-14,SKU02822,400,0,7,95
2025-06-14,SKU02938,462,0,7,94
2025-06-14,SKU03115,452,0,7,76
2025-06-14,SKU03150,205,0,7,54
2025-06-14,SKU03290,240,0,7,52
2025-06-14,SKU03375,398,0,7,97
2025-06-14,SKU03484,266,0,7,69
2025-06-14,SKU03493,251,0,7,71
2025-06-14,SKU03562,404,0,7,68
2025-06-14,SKU03574,316,0,7,77
2025-06-14,SKU03583,121,0,7,22
2025-06-14,SKU03600,620,0,7,108
2025-06-14,SKU03627,352,0,7,63
2025-06-14,SKU03822,257,0,7,66
2025-06-14,SKU03823,128,0,7,26
2025-06-14,SKU03833,200,0,7,34
2025-06-14,SKU03839,443,0,7,96
2025-06-14,SKU03931,424,0,7,98
2025-06-14,SKU04144,209,0,7,46
2025-06-14,SKU04145,510,0,7,86
2025-06-14,SKU04152,585,0,7,99
2025-06-14,SKU04222,512,0,7,92
2025-06-14,SKU04249,282,0,7,56
2025-06-14,SKU04412,249,0,7,55
2025-06-14,SKU04461,227,0,7,48
2025-06-14,SKU04475,421,0,7,82
2025-06-14,SKU04566,255,0,7,80
2025-06-14,SKU04636,304,0,7,88
2025-06-14,SKU04690,542,0,7,92
2025-06-14,SKU04717,171,0,7,43
2025-06-14,SKU04753,310,0,7,80
2025-06-14,SKU04795,382,0,7,94
2025-06-14,SKU04856,228,0,7,60
2025-06-14,SKU04953,114,0,7,24
2025-06-14,SKU04955,388,0,7,74
2025-06-14,SKU04987,225,0,7,48
2025-06-15,SKU00024,160,0,7,39
2025-06-15,SKU00090,505,0,7,158
2025-06-15,SKU00167,155,0,7,29
2025-06-15,SKU00262,341,0,7,68
2025-06-15,SKU00305,399,0,7,107
2025-06-15,SKU00317,231,0,7,62
2025-06-15,SKU00402,352,0,7,84
2025-06-15,SKU00437,519,0,7,118
2025-06-15,SKU00462,254,0,7,52
2025-06-15,SKU00502,157,0,7,51
2025-06-15,SKU00638,983,0,7,173
2025-06-15,SKU00706,338,0,7,97
2025-06-15,SKU00734,119,0,7,23
2025-06-15,SKU00935,224,0,7,58
2025-06-15,SKU00958,325,0,7,95
2025-06-15,SKU00986,258,0,7,80
2025-06-15,SKU01032,449,0,7,118
2025-06-15,SKU01191,358,0,7,69
2025-06-15,SKU01264,206,0,7,61
2025-06-15,SKU01310,320,0,7,96
2025-06-15,SKU01396,425,0,7,71
2025-06-15,SKU01423,274,0,7,76
2025-06-15,SKU01538,378,0,7,80
2025-06-15,SKU01542,247,0,7,78
2025-06-15,SKU01592,277,0,7,62
2025-06-15,SKU01605,320,0,7,83
2025-06-15,SKU01643,313,0,7,81
2025-06-15,SKU01733,189,0,7,35
2025-06-15,SKU01766,200,0,7,55
2025-06-15,SKU01822,499,0,7,100
2025-06-15,SKU01827,492,0,7,128
2025-06-15,SKU01830,217,0,7,51
2025-06-15,SKU01877,97,0,7,31
2025-06-15,SKU01919,317,0,7,53
2025-06-15,SKU02104,393,0,7,71
2025-06-15,SKU02253,237,0,7,77
2025-06-15,SKU02277,147,0,7,45
2025-06-15,SKU02331,484,0,7,100
2025-06-15,SKU02365,401,0,7,98
2025-06-15,SKU02375,222,0,7,39
2025-06-15,SKU02387,338,0,7,91
2025-06-15,SKU02436,168,0,7,42
2025-06-15,SKU02446,261,0,7,44
2025-06-15,SKU02471,253,0,7,44
2025-06-15,SKU02558,151,0,7,48
2025-06-15,SKU02584,406,0,7,72
2025-06-15,SKU02686,415,0,7,77
2025-06-15,SKU02700,464,0,7,96
2025-06-15,SKU02710,490,0,7,87
2025-06-15,SKU02842,404,0,7,99
2025-06-15,SKU02938,457,0,7,96
2025-06-15,SKU03073,406,0,7,83
2025-06-15,SKU03090,420,0,7,90
2025-06-15,SKU03092,250,0,7,80
2025-06-15,SKU03152,145,0,7,26
2025-06-15,SKU03177,262,0,7,62
2025-06-15,SKU03192,453,0,7,92
2025-06-15,SKU03235,138,0,7,28
2025-06-15,SKU03266,232,0,7,64
2025-06-15,SKU03457,407,0,7,68
2025-06-15,SKU03491,252,0,7,55
2025-06-15,SKU03493,280,0,7,50
2025-06-15,SKU03523,129,0,7,37
2025-06-15,SKU03562,247,0,7,67
2025-06-15,SKU03574,159,0,7,28
2025-06-15,SKU03580,129,0,7,36
2025-06-15,SKU03583,147,0,7,33
2025-06-15,SKU03592,142,0,7,32
2025-06-15,SKU03603,361,0,7,76
2025-06-15,SKU03621,314,0,7,78
2025-06-15,SKU03627,133,0,7,40
2025-06-15,SKU03737,290,0,7,73
2025-06-15,SKU03740,172,0,7,48
2025-06-15,SKU03744,159,0,7,47
2025-06-15,SKU03749,171,0,7,33
2025-06-15,SKU03807,143,0,7,34
2025-06-15,SKU03932,388,0,7,89
2025-06-15,SKU03941,314,0,7,69
2025-06-15,SKU03975,415,0,7,88
2025-06-15,SKU04052,437,0,7,90
2025-06-15,SKU04054,226,0,7,63
2025-06-15,SKU04118,481,0,7,81
2025-06-15,SKU04147,266,0,7,62
2025-06-15,SKU04153,66,0,7,20
2025-06-15,SKU04265,329,0,7,73
2025-06-15,SKU04292,912,0,7,191
2025-06-15,SKU04392,143,0,7,42
2025-06-15,SKU04409,328,0,7,55
2025-06-15,SKU04442,237,0,7,48
2025-06-15,SKU04491,427,0,7,100
2025-06-15,SKU04526,327,0,7,74
2025-06-15,SKU04641,107,0,7,30
2025-06-15,SKU04679,593,0,7,99
2025-06-15,SKU04753,335,0,7,63
2025-06-15,SKU04919,499,0,7,88
2025-06-15,SKU04996,384,0,7,93
2025-06-15,SKU05000,137,0,7,35
2025-06-16,SKU00012,457,0,7,96
2025-06-16,SKU00237,273,0,7,76
2025-06-16,SKU00385,338,0,7,60
2025-06-16,SKU00402,369,0,7,69
2025-06-16,SKU00466,122,0,7,26
2025-06-16,SKU00501,286,0,7,49
2025-06-16,SKU00521,114,0,7,27
2025-06-16,SKU00532,319,0,7,64
2025-06-16,SKU00550,415,0,7,75
2025-06-16,SKU00553,320,0,7,63
2025-06-16,SKU00631,67,0,7,21
2025-06-16,SKU00682,143,0,7,31
2025-06-16,SKU00732,176,0,7,51
2025-06-16,SKU00837,110,0,7,26
2025-06-16,SKU00894,132,0,7,25
2025-06-16,SKU00935,261,0,7,70
2025-06-16,SKU00965,521,0,7,112
2025-06-16,SKU00991,375,0,7,78
2025-06-16,SKU01038,662,0,7,143
2025-06-16,SKU01075,87,0,7,28
2025-06-16,SKU01171,153,0,7,35
2025-06-16,SKU01229,164,0,7,41
2025-06-16,SKU01287,151,0,7,44
2025-06-16,SKU01303,191,0,7,44
2025-06-16,SKU01310,105,0,7,20
2025-06-16,SKU01356,111,0,7,31
2025-06-16,SKU01392,335,0,7,78
2025-06-16,SKU01407,837,0,7,164
2025-06-16,SKU01433,120,0,7,25
2025-06-16,SKU01441,362,0,7,85
2025-06-16,SKU01582,280,0,7,85
2025-06-16,SKU01649,525,0,7,94
2025-06-16,SKU01675,261,0,7,58
2025-06-16,SKU01906,323,0,7,65
2025-06-16,SKU01970,1435,0,7,334
2025-06-16,SKU01986,261,0,7,69
2025-06-16,SKU02104,383,0,7,69
2025-06-16,SKU02194,144,0,7,33
2025-06-16,SKU02205,181,0,7,54
2025-06-16,SKU02253,201,0,7,51
2025-06-16,SKU02255,150,0,7,44
2025-06-16,SKU02446,202,0,7,64
2025-06-16,SKU02463,223,0,7,42
2025-06-16,SKU02500,167,0,7,49
2025-06-16,SKU02520,162,0,7,28
2025-06-16,SKU02681,223,0,7,43
2025-06-16,SKU02686,203,0,7,47
2025-06-16,SKU02700,165,0,7,31
2025-06-16,SKU02728,354,0,7,99
2025-06-16,SKU02822,144,0,7,39
2025-06-16,SKU02999,569,0,7,97
2025-06-16,SKU03014,202,0,7,40
2025-06-16,SKU03058,274,0,7,82
2025-06-16,SKU03129,228,0,7,68
2025-06-16,SKU03220,197,0,7,34
2025-06-16,SKU03235,294,0,7,62
2025-06-16,SKU03277,106,0,7,21
2025-06-16,SKU03284,84,0,7,20
2025-06-16,SKU03362,536,0,7,94
2025-06-16,SKU03467,222,0,7,38
2025-06-16,SKU03583,234,0,7,68
2025-06-16,SKU03609,224,0,7,70
2025-06-16,SKU03740,478,0,7,80
2025-06-16,SKU03744,372,0,7,65
2025-06-16,SKU03749,124,0,7,22
2025-06-16,SKU03837,165,0,7,48
2025-06-16,SKU03863,299,0,7,64
2025-06-16,SKU03884,429,0,7,81
2025-06-16,SKU03966,661,0,7,119
2025-06-16,SKU03975,197,0,7,53
2025-06-16,SKU04048,298,0,7,72
2025-06-16,SKU04053,241,0,7,63
2025-06-16,SKU04054,220,0,7,37
2025-06-16,SKU04236,377,0,7,85
2025-06-16,SKU04281,341,0,7,74
2025-06-16,SKU04414,562,0,7,98
2025-06-16,SKU04442,324,0,7,65
2025-06-16,SKU04561,491,0,7,82
2025-06-16,SKU04566,77,0,7,25
2025-06-16,SKU04580,240,0,7,74
2025-06-16,SKU04653,344,0,7,73
2025-06-16,SKU04664,374,0,7,97
2025-06-16,SKU04729,295,0,7,79
2025-06-16,SKU04741,138,0,7,41
2025-06-16,SKU04747,259,0,7,79
2025-06-16,SKU04757,405,0,7,92
2025-06-16,SKU04768,296,0,7,81
2025-06-16,SKU04879,278,0,7,62
2025-06-16,SKU04905,316,0,7,73
2025-06-16,SKU04958,207,0,7,64
2025-06-16,SKU04996,420,0,7,88
2025-06-17,SKU00069,409,0,7,111
2025-06-17,SKU00155,425,0,7,95
2025-06-17,SKU00173,120,0,7,32
2025-06-17,SKU00251,183,0,7,35
2025-06-17,SKU00355,422,0,7,91
2025-06-17,SKU00389,204,0,7,47
2025-06-17,SKU00419,181,0,7,51
2025-06-17,SKU00421,368,0,7,62
2025-06-17,SKU00501,193,0,7,39
2025-06-17,SKU00507,81,0,7,24
2025-06-17,SKU00516,260,0,7,52
2025-06-17,SKU00532,217,0,7,39
2025-06-17,SKU00546,143,0,7,29
2025-06-17,SKU00551,535,0,7,119
2025-06-17,SKU00553,215,0,7,62
2025-06-17,SKU00631,233,0,7,55
2025-06-17,SKU00645,284,0,7,53
2025-06-17,SKU00821,270,0,7,77
2025-06-17,SKU00932,810,0,7,170
2025-06-17,SKU00935,182,0,7,31
2025-06-17,SKU00958,67,0,7,20
2025-06-17,SKU00978,174,0,7,36
2025-06-17,SKU00986,343,0,7,69
2025-06-17,SKU00991,459,0,7,94
2025-06-17,SKU01031,236,0,7,67
2025-06-17,SKU01032,149,0,7,28
2025-06-17,SKU01034,343,0,7,69
2025-06-17,SKU01174,99,0,7,23
2025-06-17,SKU01179,250,0,7,52
2025-06-17,SKU01191,295,0,7,82
2025-06-17,SKU01407,197,0,7,64
2025-06-17,SKU01428,289,0,7,66
2025-06-17,SKU01567,131,0,7,40
2025-06-17,SKU01717,181,0,7,42
2025-06-17,SKU01766,335,0,7,76
2025-06-17,SKU01770,359,0,7,60
2025-06-17,SKU01851,274,0,7,61
2025-06-17,SKU01863,164,0,7,39
2025-06-17,SKU01874,69,0,7,23
2025-06-17,SKU01880,255,0,7,60
2025-06-17,SKU01915,318,0,7,100
2025-06-17,SKU01919,582,0,7,114
2025-06-17,SKU01939,241,0,7,46
2025-06-17,SKU02104,319,0,7,69
2025-06-17,SKU02129,314,0,7,90
2025-06-17,SKU02224,171,0,7,29
2025-06-17,SKU02253,401,0,7,98
2025-06-17,SKU02365,337,0,7,57
2025-06-17,SKU02386,273,0,7,86
2025-06-17,SKU02387,982,0,7,196
2025-06-17,SKU02500,207,0,7,65
2025-06-17,SKU02590,277,0,7,71
2025-06-17,SKU02662,435,0,7,86
2025-06-17,SKU02710,203,0,7,34
2025-06-17,SKU02911,480,0,7,91
2025-06-17,SKU02946,427,0,7,94
2025-06-17,SKU03014,108,0,7,26
2025-06-17,SKU03043,348,0,7,89
2025-06-17,SKU03058,177,0,7,39
2025-06-17,SKU03089,358,0,7,67
2025-06-17,SKU03108,134,0,7,25
2025-06-17,SKU03150,166,0,7,44
2025-06-17,SKU03177,318,0,7,61
2025-06-17,SKU03254,137,0,7,23
2025-06-17,SKU03257,510,0,7,87
2025-06-17,SKU03286,163,0,7,32
2025-06-17,SKU03290,374,0,7,65
2025-06-17,SKU03295,377,0,7,77
2025-06-17,SKU03320,382,0,7,80
2025-06-17,SKU03428,365,0,7,65
2025-06-17,SKU03457,687,0,7,136
2025-06-17,SKU03491,89,0,7,22
2025-06-17,SKU03562,199,0,7,39
2025-06-17,SKU03600,327,0,7,59
2025-06-17,SKU03803,82,0,7,24
2025-06-17,SKU03848,284,0,7,88
2025-06-17,SKU03932,474,0,7,109
2025-06-17,SKU03975,259,0,7,63
2025-06-17,SKU03991,277,0,7,79
2025-06-17,SKU04048,519,0,7,92
2025-06-17,SKU04053,288,0,7,52
2025-06-17,SKU04073,339,0,7,86
2025-06-17,SKU04118,473,0,7,96
2025-06-17,SKU04142,314,0,7,93
2025-06-17,SKU04144,327,0,7,85
2025-06-17,SKU04145,167,0,7,40
2025-06-17,SKU04212,123,0,7,37
2025-06-17,SKU04249,422,0,7,95
2025-06-17,SKU04352,280,0,7,52
2025-06-17,SKU04470,307,0,7,90
2025-06-17,SKU04641,269,0,7,79
2025-06-17,SKU04653,232,0,7,74
2025-06-17,SKU04795,340,0,7,89
2025-06-17,SKU04798,172,0,7,35
2025-06-17,SKU04831,220,0,7,44
2025-06-17,SKU04919,242,0,7,44
2025-06-17,SKU04953,158,0,7,49
2025-06-18,SKU00012,241,0,7,48
2025-06-18,SKU00066,149,0,7,27
2025-06-18,SKU00355,407,0,7,75
2025-06-18,SKU00421,339,0,7,95
2025-06-18,SKU00502,390,0,7,81
2025-06-18,SKU00507,285,0,7,48
2025-06-18,SKU00535,346,0,7,100
2025-06-18,SKU00546,513,0,7,98
2025-06-18,SKU00608,247,0,7,46
2025-06-18,SKU00650,235,0,7,71
2025-06-18,SKU00691,735,0,7,138
2025-06-18,SKU00732,120,0,7,22
2025-06-18,SKU00749,863,0,7,176
2025-06-18,SKU00758,479,0,7,93
2025-06-18,SKU00821,283,0,7,59
2025-06-18,SKU00858,474,0,7,115
2025-06-18,SKU00906,84,0,7,26
2025-06-18,SKU00958,253,0,7,48
2025-06-18,SKU01032,207,0,7,37
2025-06-18,SKU01046,195,0,7,53
2025-06-18,SKU01104,246,0,7,42
2025-06-18,SKU01167,580,0,7,148
2025-06-18,SKU01179,91,0,7,30
2025-06-18,SKU01310,214,0,7,66
2025-06-18,SKU01337,546,0,7,92
2025-06-18,SKU01347,198,0,7,36
2025-06-18,SKU01542,424,0,7,93
2025-06-18,SKU01651,306,0,7,59
2025-06-18,SKU01717,311,0,7,74
2025-06-18,SKU01770,392,0,7,86
2025-06-18,SKU01834,362,0,7,81
2025-06-18,SKU01854,217,0,7,44
2025-06-18,SKU01874,141,0,7,27
2025-06-18,SKU01880,244,0,7,50
2025-06-18,SKU01906,299,0,7,51
2025-06-18,SKU02014,130,0,7,26
2025-06-18,SKU02057,269,0,7,47
2025-06-18,SKU02064,283,0,7,56
2025-06-18,SKU02164,282,0,7,85
2025-06-18,SKU02209,116,0,7,26
2025-06-18,SKU02211,385,0,7,67
2025-06-18,SKU02253,100,0,7,21
2025-06-18,SKU02267,298,0,7,92
2025-06-18,SKU02365,291,0,7,88
2025-06-18,SKU02446,195,0,7,45
2025-06-18,SKU02472,111,0,7,21
2025-06-18,SKU02514,158,0,7,38
2025-06-18,SKU02519,151,0,7,49
2025-06-18,SKU02570,332,0,7,63
2025-06-18,SKU02580,239,0,7,55
2025-06-18,SKU02722,751,0,7,144
2025-06-18,SKU02763,118,0,7,37
2025-06-18,SKU02822,386,0,7,91
2025-06-18,SKU02871,372,0,7,87
2025-06-18,SKU02969,243,0,7,58
2025-06-18,SKU03014,267,0,7,47
2025-06-18,SKU03043,249,0,7,72
2025-06-18,SKU03073,545,0,7,93
2025-06-18,SKU03105,532,0,7,90
2025-06-18,SKU03108,109,0,7,29
2025-06-18,SKU03139,326,0,7,86
2025-06-18,SKU03150,303,0,7,81
2025-06-18,SKU03192,293,0,7,74
2025-06-18,SKU03254,422,0,7,92
2025-06-18,SKU03295,314,0,7,87
2025-06-18,SKU03375,114,0,7,35
2025-06-18,SKU03441,386,0,7,70
2025-06-18,SKU03491,78,0,7,22
2025-06-18,SKU03492,145,0,7,46
2025-06-18,SKU03582,724,0,7,140
2025-06-18,SKU03627,204,0,7,66
2025-06-18,SKU03642,246,0,7,67
2025-06-18,SKU03740,354,0,7,74
2025-06-18,SKU03773,239,0,7,54
2025-06-18,SKU03803,374,0,7,83
2025-06-18,SKU03805,182,0,7,42
2025-06-18,SKU03828,169,0,7,54
2025-06-18,SKU03837,435,0,7,97
2025-06-18,SKU03848,314,0,7,76
2025-06-18,SKU03941,205,0,7,38
2025-06-18,SKU03961,144,0,7,30
2025-06-18,SKU04152,197,0,7,55
2025-06-18,SKU04222,242,0,7,77
2025-06-18,SKU04236,393,0,7,69
2025-06-18,SKU04265,400,0,7,70
2025-06-18,SKU04388,280,0,7,82
2025-06-18,SKU04409,341,0,7,70
2025-06-18,SKU04414,283,0,7,60
2025-06-18,SKU04505,452,0,7,97
2025-06-18,SKU04526,194,0,7,35
2025-06-18,SKU04566,362,0,7,70
2025-06-18,SKU04607,389,0,7,79
2025-06-18,SKU04643,210,0,7,57
2025-06-18,SKU04665,162,0,7,46
2025-06-18,SKU04717,868,0,7,195
2025-06-18,SKU04726,568,0,7,162
2025-06-18,SKU04798,423,0,7,84
2025-06-18,SKU04888,213,0,7,65
2025-06-18,SKU04894,430,0,7,75
2025-06-18,SKU04901,138,0,7,36
2025-06-18,SKU04902,298,0,7,93
2025-06-18,SKU04945,500,0,7,92
2025-06-18,SKU04958,518,0,7,89
2025-06-18,SKU04996,436,0,7,94
2025-06-19,SKU00012,177,0,7,33
2025-06-19,SKU00052,206,0,7,35
2025-06-19,SKU00083,412,0,7,89
2025-06-19,SKU00090,577,0,7,97
2025-06-19,SKU00173,149,0,7,39
2025-06-19,SKU00317,144,0,7,39
2025-06-19,SKU00385,217,0,7,56
2025-06-19,SKU00401,75,0,7,23
2025-06-19,SKU00421,670,0,7,148
2025-06-19,SKU00449,385,0,7,86
2025-06-19,SKU00501,71,0,7,22
2025-06-19,SKU00502,257,0,7,84
2025-06-19,SKU00535,140,0,7,41
2025-06-19,SKU00550,388,0,7,97
2025-06-19,SKU00732,239,0,7,48
2025-06-19,SKU00775,193,0,7,48
2025-06-19,SKU00972,262,0,7,46
2025-06-19,SKU00978,384,0,7,88
2025-06-19,SKU00991,248,0,7,50
2025-06-19,SKU01017,159,0,7,39
2025-06-19,SKU01031,412,0,7,77
2025-06-19,SKU01042,168,0,7,39
2025-06-19,SKU01046,267,0,7,70
2025-06-19,SKU01063,152,0,7,28
2025-06-19,SKU01133,159,0,7,46
2025-06-19,SKU01191,380,0,7,85
2025-06-19,SKU01356,319,0,7,83
2025-06-19,SKU01567,588,0,7,109
2025-06-19,SKU01568,374,0,7,63
2025-06-19,SKU01651,247,0,7,59
2025-06-19,SKU01792,191,0,7,41
2025-06-19,SKU01830,162,0,7,31
2025-06-19,SKU01863,221,0,7,54
2025-06-19,SKU01903,211,0,7,62
2025-06-19,SKU01919,461,0,7,101
2025-06-19,SKU01971,123,0,7,32
2025-06-19,SKU02038,158,0,7,34
2025-06-19,SKU02057,258,0,7,45
2025-06-19,SKU02075,171,0,7,51
2025-06-19,SKU02375,132,0,7,27
2025-06-19,SKU02408,556,0,7,98
2025-06-19,SKU02421,349,0,7,92
2025-06-19,SKU02463,371,0,7,97
2025-06-19,SKU02519,314,0,7,95
2025-06-19,SKU02520,452,0,7,85
2025-06-19,SKU02533,367,0,7,75
2025-06-19,SKU02541,415,0,7,93
2025-06-19,SKU02546,339,0,7,63
2025-06-19,SKU02566,74,0,7,22
2025-06-19,SKU02710,87,0,7,21
2025-06-19,SKU02728,210,0,7,35
2025-06-19,SKU02780,121,0,7,24
2025-06-19,SKU02842,557,0,7,96
2025-06-19,SKU02871,448,0,7,75
2025-06-19,SKU02915,271,0,7,47
2025-06-19,SKU02938,204,0,7,52
2025-06-19,SKU02999,305,0,7,85
2025-06-19,SKU03014,254,0,7,58
2025-06-19,SKU03058,593,0,7,129
2025-06-19,SKU03073,555,0,7,98
2025-06-19,SKU03089,271,0,7,67
2025-06-19,SKU03090,251,0,7,56
2025-06-19,SKU03108,255,0,7,51
2025-06-19,SKU03150,449,0,7,80
2025-06-19,SKU03210,214,0,7,40
2025-06-19,SKU03220,576,0,7,142
2025-06-19,SKU03266,177,0,7,34
2025-06-19,SKU03311,96,0,7,21
2025-06-19,SKU03357,269,0,7,45
2025-06-19,SKU03414,199,0,7,38
2025-06-19,SKU03428,84,0,7,21
2025-06-19,SKU03441,141,0,7,24
2025-06-19,SKU03454,431,0,7,85
2025-06-19,SKU03621,157,0,7,45
2025-06-19,SKU03624,141,0,7,26
2025-06-19,SKU03737,161,0,7,44
2025-06-19,SKU03773,395,0,7,94
2025-06-19,SKU03837,267,0,7,84
2025-06-19,SKU03941,306,0,7,66
2025-06-19,SKU03950,214,0,7,68
2025-06-19,SKU03968,288,0,7,73
2025-06-19,SKU04102,871,0,7,158
2025-06-19,SKU04142,173,0,7,42
2025-06-19,SKU04147,280,0,7,83
2025-06-19,SKU04153,851,0,7,170
2025-06-19,SKU04158,213,0,7,37
2025-06-19,SKU04160,153,0,7,26
2025-06-19,SKU04215,142,0,7,29
2025-06-19,SKU04236,263,0,7,55
2025-06-19,SKU04250,408,0,7,114
2025-06-19,SKU04281,226,0,7,54
2025-06-19,SKU04334,144,0,7,31
2025-06-19,SKU04401,177,0,7,42
2025-06-19,SKU04409,409,0,7,72
2025-06-19,SKU04425,629,0,7,119
2025-06-19,SKU04442,173,0,7,39
2025-06-19,SKU04470,205,0,7,64
2025-06-19,SKU04491,179,0,7,38
2025-06-19,SKU04499,494,0,7,91
2025-06-19,SKU04566,347,0,7,76
2025-06-19,SKU04741,344,0,7,77
2025-06-19,SKU04768,492,0,7,93
2025-06-19,SKU04771,81,0,7,23
2025-06-19,SKU04791,229,0,7,72
2025-06-19,SKU04795,345,0,7,72
2025-06-19,SKU04887,177,0,7,52
2025-06-19,SKU04905,205,0,7,36
2025-06-19,SKU04958,192,0,7,57
2025-06-19,SKU04996,266,0,7,83
2025-06-20,SKU00032,312,0,7,90
2025-06-20,SKU00052,358,0,7,80
2025-06-20,SKU00066,152,0,7,28
2025-06-20,SKU00090,192,0,7,46
2025-06-20,SKU00127,297,0,7,82
2025-06-20,SKU00240,756,0,7,171
2025-06-20,SKU00251,306,0,7,61
2025-06-20,SKU00401,228,0,7,61
2025-06-20,SKU00466,307,0,7,59
2025-06-20,SKU00507,206,0,7,50
2025-06-20,SKU00546,318,0,7,58
2025-06-20,SKU00553,230,0,7,50
2025-06-20,SKU00584,235,0,7,56
2025-06-20,SKU00598,902,0,7,167
2025-06-20,SKU00682,356,0,7,95
2025-06-20,SKU00758,128,0,7,22
2025-06-20,SKU00775,400,0,7,69
2025-06-20,SKU00860,393,0,7,66
2025-06-20,SKU00890,391,0,7,97
2025-06-20,SKU00936,223,0,7,38
2025-06-20,SKU00958,290,0,7,50
2025-06-20,SKU01068,374,0,7,66
2025-06-20,SKU01104,126,0,7,21
2025-06-20,SKU01191,277,0,7,53
2025-06-20,SKU01310,533,0,7,92
2025-06-20,SKU01396,311,0,7,72
2025-06-20,SKU01423,576,0,7,100
2025-06-20,SKU01428,184,0,7,49
2025-06-20,SKU01542,518,0,7,100
2025-06-20,SKU01592,515,0,7,92
2025-06-20,SKU01645,587,0,7,98
2025-06-20,SKU01696,396,0,7,77
2025-06-20,SKU01754,80,0,7,23
2025-06-20,SKU01762,290,0,7,55
2025-06-20,SKU01766,149,0,7,42
2025-06-20,SKU01915,113,0,7,32
2025-06-20,SKU02057,477,0,7,81
2025-06-20,SKU02075,272,0,7,82
2025-06-20,SKU02302,644,0,7,150
2025-06-20,SKU02375,213,0,7,56
2025-06-20,SKU02387,170,0,7,34
2025-06-20,SKU02436,294,0,7,66
2025-06-20,SKU02514,706,0,7,197
2025-06-20,SKU02520,127,0,7,24
2025-06-20,SKU02534,458,0,7,92
2025-06-20,SKU02570,373,0,7,70
2025-06-20,SKU02576,87,0,7,26
2025-06-20,SKU02584,276,0,7,58
2025-06-20,SKU02681,167,0,7,51
2025-06-20,SKU02722,311,0,7,81
2025-06-20,SKU02842,253,0,7,61
2025-06-20,SKU02907,97,0,7,32
2025-06-20,SKU02915,354,0,7,100
2025-06-20,SKU02946,365,0,7,72
2025-06-20,SKU03005,245,0,7,68
2025-06-20,SKU03031,616,0,7,133
2025-06-20,SKU03058,253,0,7,58
2025-06-20,SKU03173,199,0,7,39
2025-06-20,SKU03192,418,0,7,80
2025-06-20,SKU03257,270,0,7,64
2025-06-20,SKU03277,329,0,7,77
2025-06-20,SKU03284,213,0,7,62
2025-06-20,SKU03349,580,0,7,111
2025-06-20,SKU03362,493,0,7,103
2025-06-20,SKU03375,119,0,7,24
2025-06-20,SKU03414,118,0,7,38
2025-06-20,SKU03492,167,0,7,34
2025-06-20,SKU03504,345,0,7,84
2025-06-20,SKU03523,287,0,7,61
2025-06-20,SKU03580,545,0,7,118
2025-06-20,SKU03642,106,0,7,29
2025-06-20,SKU03833,124,0,7,22
2025-06-20,SKU03837,248,0,7,67
2025-06-20,SKU03848,400,0,7,92
2025-06-20,SKU03975,224,0,7,52
2025-06-20,SKU04019,186,0,7,60
2025-06-20,SKU04062,95,0,7,23
2025-06-20,SKU04073,367,0,7,91
2025-06-20,SKU04142,238,0,7,44
2025-06-20,SKU04212,329,0,7,58
2025-06-20,SKU04222,159,0,7,34
2025-06-20,SKU04250,457,0,7,80
2025-06-20,SKU04281,448,0,7,83
2025-06-20,SKU04392,117,0,7,20
2025-06-20,SKU04409,232,0,7,56
2025-06-20,SKU04414,423,0,7,81
2025-06-20,SKU04470,347,0,7,81
2025-06-20,SKU04505,244,0,7,41
2025-06-20,SKU04554,410,0,7,80
2025-06-20,SKU04652,111,0,7,21
2025-06-20,SKU04665,160,0,7,27
2025-06-20,SKU04706,226,0,7,54
2025-06-20,SKU04791,493,0,7,94
2025-06-20,SKU04831,138,0,7,45
2025-06-20,SKU04879,263,0,7,84
2025-06-20,SKU04901,167,0,7,55
2025-06-21,SKU00066,285,0,7,95
2025-06-21,SKU00069,199,0,7,34
2025-06-21,SKU00075,697,0,7,158
2025-06-21,SKU00090,350,0,7,84
2025-06-21,SKU00105,523,0,7,97
2025-06-21,SKU00140,279,0,7,50
2025-06-21,SKU00150,353,0,7,85
2025-06-21,SKU00167,72,0,7,22
2025-06-21,SKU00331,220,0,7,50
2025-06-21,SKU00355,260,0,7,62
2025-06-21,SKU00371,523,0,7,96
2025-06-21,SKU00437,229,0,7,62
2025-06-21,SKU00532,243,0,7,53
2025-06-21,SKU00550,330,0,7,79
2025-06-21,SKU00571,117,0,7,34
2025-06-21,SKU00585,257,0,7,47
2025-06-21,SKU00598,276,0,7,63
2025-06-21,SKU00631,528,0,7,100
2025-06-21,SKU00682,255,0,7,85
2025-06-21,SKU00732,625,0,7,109
2025-06-21,SKU00734,212,0,7,70
2025-06-21,SKU00749,109,0,7,23
2025-06-21,SKU00775,283,0,7,54
2025-06-21,SKU01038,175,0,7,46
2025-06-21,SKU01318,372,0,7,81
2025-06-21,SKU01347,257,0,7,45
2025-06-21,SKU01356,550,0,7,92
2025-06-21,SKU01396,278,0,7,85
2025-06-21,SKU01457,340,0,7,90
2025-06-21,SKU01542,185,0,7,34
2025-06-21,SKU01645,1022,0,7,187
2025-06-21,SKU01649,300,0,7,58
2025-06-21,SKU01754,235,0,7,66
2025-06-21,SKU01805,440,0,7,110
2025-06-21,SKU01906,404,0,7,84
2025-06-21,SKU01915,400,0,7,124
2025-06-21,SKU01971,308,0,7,79
2025-06-21,SKU02014,70,0,7,23
2025-06-21,SKU02064,260,0,7,75
2025-06-21,SKU02164,100,0,7,30
2025-06-21,SKU02277,307,0,7,57
2025-06-21,SKU02351,169,0,7,52
2025-06-21,SKU02375,323,0,7,58
2025-06-21,SKU02425,271,0,7,52
2025-06-21,SKU02500,367,0,7,99
2025-06-21,SKU02534,83,0,7,21
2025-06-21,SKU02541,602,0,7,145
2025-06-21,SKU02584,185,0,7,31
2025-06-21,SKU02662,703,0,7,177
2025-06-21,SKU02718,387,0,7,68
2025-06-21,SKU02780,348,0,7,70
2025-06-21,SKU02911,298,0,7,52
2025-06-21,SKU02938,81,0,7,20
2025-06-21,SKU03108,381,0,7,93
2025-06-21,SKU03115,421,0,7,91
2025-06-21,SKU03139,514,0,7,90
2025-06-21,SKU03150,117,0,7,37
2025-06-21,SKU03177,191,0,7,50
2025-06-21,SKU03192,114,0,7,36
2025-06-21,SKU03290,351,0,7,67
2025-06-21,SKU03295,346,0,7,60
2025-06-21,SKU03347,638,0,7,133
2025-06-21,SKU03357,435,0,7,87
2025-06-21,SKU03375,143,0,7,28
2025-06-21,SKU03376,205,0,7,46
2025-06-21,SKU03441,253,0,7,50
2025-06-21,SKU03467,180,0,7,41
2025-06-21,SKU03520,221,0,7,63
2025-06-21,SKU03582,364,0,7,73
2025-06-21,SKU03603,102,0,7,26
2025-06-21,SKU03737,277,0,7,81
2025-06-21,SKU03740,360,0,7,70
2025-06-21,SKU03807,294,0,7,56
2025-06-21,SKU03864,183,0,7,43
2025-06-21,SKU03884,147,0,7,35
2025-06-21,SKU04019,278,0,7,81
2025-06-21,SKU04107,107,0,7,23
2025-06-21,SKU04160,431,0,7,99
2025-06-21,SKU04215,248,0,7,71
2025-06-21,SKU04222,440,0,7,120
2025-06-21,SKU04228,144,0,7,46
2025-06-21,SKU04249,150,0,7,26
2025-06-21,SKU04281,278,0,7,64
2025-06-21,SKU04442,321,0,7,79
2025-06-21,SKU04468,314,0,7,72
2025-06-21,SKU04470,285,0,7,67
2025-06-21,SKU04504,98,0,7,20
2025-06-21,SKU04526,116,0,7,36
2025-06-21,SKU04566,191,0,7,32
2025-06-21,SKU04605,246,0,7,48
2025-06-21,SKU04653,74,0,7,23
2025-06-21,SKU04654,168,0,7,54
2025-06-21,SKU04665,513,0,7,93
2025-06-21,SKU04795,367,0,7,92
2025-06-21,SKU04797,113,0,7,24
2025-06-21,SKU04831,470,0,7,106
2025-06-21,SKU04905,303,0,7,76
2025-06-21,SKU04919,157,0,7,35
2025-06-21,SKU05000,407,0,7,93
2025-06-22,SKU00032,175,0,7,58
2025-06-22,SKU00262,452,0,7,78
2025-06-22,SKU00317,129,0,7,23
2025-06-22,SKU00331,442,0,7,100
2025-06-22,SKU00354,352,0,7,66
2025-06-22,SKU00355,289,0,7,53
2025-06-22,SKU00402,492,0,7,133
2025-06-22,SKU00498,218,0,7,52
2025-06-22,SKU00550,233,0,7,76
2025-06-22,SKU00584,206,0,7,41
2025-06-22,SKU00589,91,0,7,24
2025-06-22,SKU00638,172,0,7,31
2025-06-22,SKU00775,232,0,7,56
2025-06-22,SKU00837,377,0,7,79
2025-06-22,SKU00855,460,0,7,84
2025-06-22,SKU00932,322,0,7,74
2025-06-22,SKU00972,110,0,7,23
2025-06-22,SKU00978,438,0,7,88
2025-06-22,SKU00986,245,0,7,65
2025-06-22,SKU01023,206,0,7,57
2025-06-22,SKU01034,340,0,7,69
2025-06-22,SKU01068,96,0,7,21
2025-06-22,SKU01224,314,0,7,85
2025-06-22,SKU01303,284,0,7,68
2025-06-22,SKU01318,285,0,7,70
2025-06-22,SKU01339,148,0,7,28
2025-06-22,SKU01428,175,0,7,35
2025-06-22,SKU01538,358,0,7,89
2025-06-22,SKU01649,366,0,7,84
2025-06-22,SKU01674,182,0,7,48
2025-06-22,SKU01766,271,0,7,87
2025-06-22,SKU01790,106,0,7,28
2025-06-22,SKU01792,358,0,7,92
2025-06-22,SKU01803,111,0,7,24
2025-06-22,SKU01805,550,0,7,92
2025-06-22,SKU01874,217,0,7,55
2025-06-22,SKU01906,300,0,7,58
2025-06-22,SKU01915,558,0,7,95
2025-06-22,SKU01970,432,0,7,97
2025-06-22,SKU01986,413,0,7,71
2025-06-22,SKU02103,366,0,7,93
2025-06-22,SKU02129,313,0,7,79
2025-06-22,SKU02164,221,0,7,73
2025-06-22,SKU02211,246,0,7,65
2025-06-22,SKU02223,280,0,7,52
2025-06-22,SKU02255,557,0,7,94
2025-06-22,SKU02277,269,0,7,47
2025-06-22,SKU02279,373,0,7,78
2025-06-22,SKU02290,452,0,7,80
2025-06-22,SKU02351,300,0,7,83
2025-06-22,SKU02408,502,0,7,89
2025-06-22,SKU02472,181,0,7,38
2025-06-22,SKU02541,219,0,7,67
2025-06-22,SKU02546,340,0,7,93
2025-06-22,SKU02566,240,0,7,51
2025-06-22,SKU02570,451,0,7,92
2025-06-22,SKU02580,235,0,7,57
2025-06-22,SKU02590,187,0,7,59
2025-06-22,SKU02710,253,0,7,83
2025-06-22,SKU02728,515,0,7,93
2025-06-22,SKU02780,380,0,7,98
2025-06-22,SKU02907,270,0,7,60
2025-06-22,SKU02915,273,0,7,73
2025-06-22,SKU02997,629,0,7,140
2025-06-22,SKU03031,448,0,7,85
2025-06-22,SKU03036,716,0,7,175
2025-06-22,SKU03152,188,0,7,40
2025-06-22,SKU03177,103,0,7,20
2025-06-22,SKU03220,159,0,7,44
2025-06-22,SKU03251,164,0,7,40
2025-06-22,SKU03257,70,0,7,23
2025-06-22,SKU03277,157,0,7,49
2025-06-22,SKU03290,103,0,7,30
2025-06-22,SKU03428,252,0,7,53
2025-06-22,SKU03441,453,0,7,100
2025-06-22,SKU03492,335,0,7,72
2025-06-22,SKU03523,417,0,7,82
2025-06-22,SKU03609,351,0,7,76
2025-06-22,SKU03621,296,0,7,65
2025-06-22,SKU03624,309,0,7,69
2025-06-22,SKU03642,148,0,7,34
2025-06-22,SKU03709,514,0,7,92
2025-06-22,SKU03749,176,0,7,30
2025-06-22,SKU03932,298,0,7,88
2025-06-22,SKU03935,198,0,7,51
2025-06-22,SKU04018,409,0,7,80
2025-06-22,SKU04052,151,0,7,36
2025-06-22,SKU04053,323,0,7,87
2025-06-22,SKU04118,277,0,7,52
2025-06-22,SKU04142,284,0,7,85
2025-06-22,SKU04160,493,0,7,121
2025-06-22,SKU04236,289,0,7,86
2025-06-22,SKU04334,459,0,7,89
2025-06-22,SKU04388,267,0,7,53
2025-06-22,SKU04425,94,0,7,29
2025-06-22,SKU04442,352,0,7,61
2025-06-22,SKU04504,120,0,7,38
2025-06-22,SKU04505,255,0,7,63
2025-06-22,SKU04532,287,0,7,58
2025-06-22,SKU04554,387,0,7,84
2025-06-22,SKU04561,364,0,7,87
2025-06-22,SKU04653,415,0,7,90
2025-06-22,SKU04665,196,0,7,33
2025-06-22,SKU04717,445,0,7,99
2025-06-22,SKU04741,924,0,7,165
2025-06-22,SKU04747,306,0,7,98
2025-06-22,SKU04753,199,0,7,34
2025-06-22,SKU04795,169,0,7,38
2025-06-22,SKU04797,239,0,7,41
2025-06-22,SKU04854,361,0,7,63
2025-06-22,SKU04856,186,0,7,53
2025-06-22,SKU04901,439,0,7,75
2025-06-23,SKU00075,90,0,7,24
2025-06-23,SKU00155,382,0,7,88
2025-06-23,SKU00402,219,0,7,66
2025-06-23,SKU00437,245,0,7,49
2025-06-23,SKU00462,238,0,7,46
2025-06-23,SKU00507,132,0,7,33
2025-06-23,SKU00516,275,0,7,51
2025-06-23,SKU00521,222,0,7,37
2025-06-23,SKU00546,260,0,7,66
2025-06-23,SKU00598,434,0,7,104
2025-06-23,SKU00662,265,0,7,54
2025-06-23,SKU00732,417,0,7,72
2025-06-23,SKU00749,335,0,7,90
2025-06-23,SKU00758,428,0,7,73
2025-06-23,SKU00858,359,0,7,91
2025-06-23,SKU00860,209,0,7,49
2025-06-23,SKU00894,440,0,7,81
2025-06-23,SKU00958,487,0,7,100
2025-06-23,SKU00978,127,0,7,25
2025-06-23,SKU01017,116,0,7,27
2025-06-23,SKU01023,184,0,7,45
2025-06-23,SKU01032,447,0,7,80
2025-06-23,SKU01104,479,0,7,86
2025-06-23,SKU01112,153,0,7,43
2025-06-23,SKU01229,347,0,7,86
2025-06-23,SKU01287,469,0,7,89
2025-06-23,SKU01310,297,0,7,53
2025-06-23,SKU01457,338,0,7,74
2025-06-23,SKU01558,291,0,7,78
2025-06-23,SKU01580,505,0,7,93
2025-06-23,SKU01643,182,0,7,53
2025-06-23,SKU01649,424,0,7,80
2025-06-23,SKU01684,503,0,7,97
2025-06-23,SKU01733,78,0,7,22
2025-06-23,SKU01781,228,0,7,40
2025-06-23,SKU01803,290,0,7,95
2025-06-23,SKU01805,211,0,7,39
2025-06-23,SKU01827,238,0,7,71
2025-06-23,SKU01830,282,0,7,79
2025-06-23,SKU01851,643,0,7,114
2025-06-23,SKU01863,170,0,7,33
2025-06-23,SKU01874,157,0,7,29
2025-06-23,SKU01939,854,0,7,198
2025-06-23,SKU01971,142,0,7,44
2025-06-23,SKU02038,305,0,7,94
2025-06-23,SKU02070,219,0,7,37
2025-06-23,SKU02104,173,0,7,34
2025-06-23,SKU02194,328,0,7,84
2025-06-23,SKU02205,491,0,7,133
2025-06-23,SKU02211,345,0,7,69
2025-06-23,SKU02217,507,0,7,121
2025-06-23,SKU02302,102,0,7,28
2025-06-23,SKU02329,407,0,7,68
2025-06-23,SKU02425,439,0,7,100
2025-06-23,SKU02436,350,0,7,86
2025-06-23,SKU02463,448,0,7,89
2025-06-23,SKU02472,600,0,7,119
2025-06-23,SKU02519,88,0,7,29
2025-06-23,SKU02534,495,0,7,90
2025-06-23,SKU02558,333,0,7,72
2025-06-23,SKU02566,178,0,7,47
2025-06-23,SKU02675,212,0,7,63
2025-06-23,SKU02686,258,0,7,61
2025-06-23,SKU02700,426,0,7,71
2025-06-23,SKU02710,203,0,7,39
2025-06-23,SKU02768,64,0,7,21
2025-06-23,SKU02969,259,0,7,59
2025-06-23,SKU03036,76,0,7,22
2025-06-23,SKU03073,490,0,7,89
2025-06-23,SKU03281,104,0,7,26
2025-06-23,SKU03295,462,0,7,91
2025-06-23,SKU03311,273,0,7,50
2025-06-23,SKU03347,126,0,7,29
2025-06-23,SKU03375,427,0,7,95
2025-06-23,SKU03416,220,0,7,71
2025-06-23,SKU03467,317,0,7,68
2025-06-23,SKU03520,701,0,7,135
2025-06-23,SKU03621,184,0,7,52
2025-06-23,SKU03634,164,0,7,33
2025-06-23,SKU03823,353,0,7,99
2025-06-23,SKU04062,214,0,7,61
2025-06-23,SKU04073,440,0,7,99
2025-06-23,SKU04102,355,0,7,84
2025-06-23,SKU04244,288,0,7,78
2025-06-23,SKU04249,149,0,7,46
2025-06-23,SKU04250,716,0,7,183
2025-06-23,SKU04261,302,0,7,84
2025-06-23,SKU04265,105,0,7,24
2025-06-23,SKU04388,306,0,7,87
2025-06-23,SKU04409,147,0,7,45
2025-06-23,SKU04412,105,0,7,30
2025-06-23,SKU04504,421,0,7,91
2025-06-23,SKU04505,284,0,7,62
2025-06-23,SKU04612,316,0,7,54
2025-06-23,SKU04641,374,0,7,82
2025-06-23,SKU04643,281,0,7,48
2025-06-23,SKU04654,96,0,7,31
2025-06-23,SKU04693,255,0,7,60
2025-06-23,SKU04831,462,0,7,96
2025-06-23,SKU04894,525,0,7,110
2025-06-23,SKU04901,535,0,7,137
2025-06-23,SKU04955,175,0,7,50
2025-06-23,SKU04958,152,0,7,36
2025-06-24,SKU00066,201,0,7,42
2025-06-24,SKU00105,166,0,7,37
2025-06-24,SKU00140,175,0,7,30
2025-06-24,SKU00150,397,0,7,98
2025-06-24,SKU00186,346,0,7,83
2025-06-24,SKU00237,395,0,7,70
2025-06-24,SKU00240,357,0,7,91
2025-06-24,SKU00331,161,0,7,39
2025-06-24,SKU00401,183,0,7,50
2025-06-24,SKU00449,509,0,7,91
2025-06-24,SKU00501,173,0,7,32
2025-06-24,SKU00524,432,0,7,74
2025-06-24,SKU00550,119,0,7,24
2025-06-24,SKU00574,498,0,7,98
2025-06-24,SKU00584,373,0,7,91
2025-06-24,SKU00598,227,0,7,41
2025-06-24,SKU00645,373,0,7,71
2025-06-24,SKU00662,347,0,7,68
2025-06-24,SKU00682,135,0,7,38
2025-06-24,SKU00767,186,0,7,44
2025-06-24,SKU00906,483,0,7,89
2025-06-24,SKU00972,344,0,7,78
2025-06-24,SKU01017,315,0,7,95
2025-06-24,SKU01034,505,0,7,90
2025-06-24,SKU01042,112,0,7,33
2025-06-24,SKU01075,209,0,7,35
2025-06-24,SKU01171,308,0,7,95
2025-06-24,SKU01200,321,0,7,83
2025-06-24,SKU01318,436,0,7,88
2025-06-24,SKU01392,268,0,7,85
2025-06-24,SKU01542,261,0,7,63
2025-06-24,SKU01582,321,0,7,59
2025-06-24,SKU01674,151,0,7,28
2025-06-24,SKU01675,192,0,7,49
2025-06-24,SKU01678,109,0,7,32
2025-06-24,SKU01733,136,0,7,38
2025-06-24,SKU01770,105,0,7,20
2025-06-24,SKU01828,447,0,7,95
2025-06-24,SKU01854,328,0,7,62
2025-06-24,SKU01877,302,0,7,60
2025-06-24,SKU01971,485,0,7,100
2025-06-24,SKU02014,264,0,7,61
2025-06-24,SKU02064,185,0,7,40
2025-06-24,SKU02104,343,0,7,90
2025-06-24,SKU02112,78,0,7,20
2025-06-24,SKU02128,370,0,7,83
2025-06-24,SKU02172,244,0,7,53
2025-06-24,SKU02205,333,0,7,69
2025-06-24,SKU02211,121,0,7,23
2025-06-24,SKU02221,456,0,7,91
2025-06-24,SKU02248,352,0,7,84
2025-06-24,SKU02267,346,0,7,80
2025-06-24,SKU02279,293,0,7,66
2025-06-24,SKU02387,214,0,7,49
2025-06-24,SKU02408,132,0,7,42
2025-06-24,SKU02471,100,0,7,28
2025-06-24,SKU02567,151,0,7,50
2025-06-24,SKU02626,111,0,7,21
2025-06-24,SKU02662,271,0,7,62
2025-06-24,SKU02794,244,0,7,48
2025-06-24,SKU02997,308,0,7,53
2025-06-24,SKU03031,363,0,7,88
2025-06-24,SKU03036,228,0,7,45
2025-06-24,SKU03043,782,0,7,156
2025-06-24,SKU03058,521,0,7,98
2025-06-24,SKU03139,307,0,7,68
2025-06-24,SKU03150,325,0,7,67
2025-06-24,SKU03220,334,0,7,98
2025-06-24,SKU03286,269,0,7,69
2025-06-24,SKU03290,432,0,7,75
2025-06-24,SKU03347,600,0,7,126
2025-06-24,SKU03436,304,0,7,80
2025-06-24,SKU03491,918,0,7,183
2025-06-24,SKU03504,370,0,7,99
2025-06-24,SKU03548,504,0,7,86
2025-06-24,SKU03580,351,0,7,86
2025-06-24,SKU03603,298,0,7,63
2025-06-24,SKU03737,329,0,7,87
2025-06-24,SKU03744,304,0,7,94
2025-06-24,SKU03828,515,0,7,93
2025-06-24,SKU03968,196,0,7,51
2025-06-24,SKU04018,111,0,7,33
2025-06-24,SKU04144,251,0,7,53
2025-06-24,SKU04228,458,0,7,88
2025-06-24,SKU04236,462,0,7,98
2025-06-24,SKU04250,621,0,7,140
2025-06-24,SKU04281,241,0,7,41
2025-06-24,SKU04292,280,0,7,52
2025-06-24,SKU04319,86,0,7,21
2025-06-24,SKU04401,316,0,7,84
2025-06-24,SKU04504,157,0,7,29
2025-06-24,SKU04591,148,0,7,44
2025-06-24,SKU04643,352,0,7,92
2025-06-24,SKU04654,242,0,7,78
2025-06-24,SKU04670,275,0,7,81
2025-06-24,SKU04690,292,0,7,56
2025-06-24,SKU04798,225,0,7,62
2025-06-24,SKU04831,190,0,7,61
2025-06-24,SKU04849,233,0,7,46
2025-06-24,SKU04856,199,0,7,42
2025-06-24,SKU04894,350,0,7,100
2025-06-24,SKU04941,489,0,7,84
2025-06-24,SKU04945,296,0,7,50
2025-06-25,SKU00155,321,0,7,74
2025-06-25,SKU00354,477,0,7,80
2025-06-25,SKU00421,338,0,7,87
2025-06-25,SKU00507,417,0,7,88
2025-06-25,SKU00551,217,0,7,44
2025-06-25,SKU00592,254,0,7,65
2025-06-25,SKU00691,300,0,7,86
2025-06-25,SKU00732,459,0,7,96
2025-06-25,SKU00775,205,0,7,45
2025-06-25,SKU00860,152,0,7,50
2025-06-25,SKU00890,560,0,7,94
2025-06-25,SKU01046,125,0,7,32
2025-06-25,SKU01068,586,0,7,135
2025-06-25,SKU01075,145,0,7,26
2025-06-25,SKU01104,462,0,7,118
2025-06-25,SKU01171,493,0,7,89
2025-06-25,SKU01287,552,0,7,100
2025-06-25,SKU01407,394,0,7,111
2025-06-25,SKU01678,135,0,7,34
2025-06-25,SKU01770,645,0,7,158
2025-06-25,SKU01818,205,0,7,57
2025-06-25,SKU01903,260,0,7,60
2025-06-25,SKU01906,467,0,7,100
2025-06-25,SKU01986,237,0,7,69
2025-06-25,SKU02064,114,0,7,21
2025-06-25,SKU02103,428,0,7,79
2025-06-25,SKU02104,199,0,7,42
2025-06-25,SKU02172,191,0,7,41
2025-06-25,SKU02194,259,0,7,44
2025-06-25,SKU02209,263,0,7,70
2025-06-25,SKU02221,236,0,7,40
2025-06-25,SKU02248,457,0,7,78
2025-06-25,SKU02533,263,0,7,68
2025-06-25,SKU02567,398,0,7,88
2025-06-25,SKU02570,157,0,7,34
2025-06-25,SKU02576,346,0,7,97
2025-06-25,SKU02686,717,0,7,187
2025-06-25,SKU02710,194,0,7,37
2025-06-25,SKU02718,197,0,7,42
2025-06-25,SKU02822,296,0,7,68
2025-06-25,SKU02871,459,0,7,100
2025-06-25,SKU02938,468,0,7,81
2025-06-25,SKU02997,90,0,7,25
2025-06-25,SKU03014,146,0,7,33
2025-06-25,SKU03036,196,0,7,34
2025-06-25,SKU03058,326,0,7,68
2025-06-25,SKU03105,209,0,7,47
2025-06-25,SKU03129,511,0,7,89
2025-06-25,SKU03150,712,0,7,140
2025-06-25,SKU03177,400,0,7,76
2025-06-25,SKU03235,281,0,7,79
2025-06-25,SKU03254,266,0,7,84
2025-06-25,SKU03257,402,0,7,68
2025-06-25,SKU03266,533,0,7,89
2025-06-25,SKU03291,191,0,7,54
2025-06-25,SKU03362,136,0,7,24
2025-06-25,SKU03491,125,0,7,22
2025-06-25,SKU03548,230,0,7,48
2025-06-25,SKU03737,742,0,7,128
2025-06-25,SKU03749,227,0,7,44
2025-06-25,SKU03805,578,0,7,100
2025-06-25,SKU03828,178,0,7,48
2025-06-25,SKU04054,240,0,7,78
2025-06-25,SKU04073,298,0,7,84
2025-06-25,SKU04107,439,0,7,92
2025-06-25,SKU04147,114,0,7,33
2025-06-25,SKU04152,254,0,7,71
2025-06-25,SKU04160,214,0,7,45
2025-06-25,SKU04212,485,0,7,92
2025-06-25,SKU04281,409,0,7,88
2025-06-25,SKU04334,332,0,7,95
2025-06-25,SKU04392,335,0,7,100
2025-06-25,SKU04499,201,0,7,50
2025-06-25,SKU04504,275,0,7,63
2025-06-25,SKU04580,224,0,7,46
2025-06-25,SKU04607,204,0,7,42
2025-06-25,SKU04636,195,0,7,42
2025-06-25,SKU04654,152,0,7,45
2025-06-25,SKU04690,186,0,7,39
2025-06-25,SKU04729,600,0,7,130
2025-06-25,SKU04747,315,0,7,69
2025-06-25,SKU04887,566,0,7,95
2025-06-25,SKU04888,273,0,7,46
2025-06-25,SKU04919,327,0,7,84
2025-06-25,SKU04996,551,0,7,94
2025-06-26,SKU00052,315,0,7,59
2025-06-26,SKU00083,299,0,7,61
2025-06-26,SKU00170,294,0,7,84
2025-06-26,SKU00386,491,0,7,82
2025-06-26,SKU00401,411,0,7,75
2025-06-26,SKU00437,65,0,7,21
2025-06-26,SKU00502,839,0,7,156
2025-06-26,SKU00524,228,0,7,70
2025-06-26,SKU00535,351,0,7,60
2025-06-26,SKU00584,114,0,7,33
2025-06-26,SKU00662,320,0,7,69
2025-06-26,SKU00706,200,0,7,59
2025-06-26,SKU00734,441,0,7,88
2025-06-26,SKU00740,387,0,7,89
2025-06-26,SKU00775,498,0,7,84
2025-06-26,SKU00906,197,0,7,58
2025-06-26,SKU00932,122,0,7,30
2025-06-26,SKU01032,76,0,7,25
2025-06-26,SKU01042,449,0,7,77
2025-06-26,SKU01046,104,0,7,30
2025-06-26,SKU01052,127,0,7,31
2025-06-26,SKU01063,705,0,7,157
2025-06-26,SKU01264,416,0,7,80
2025-06-26,SKU01310,407,0,7,76
2025-06-26,SKU01347,776,0,7,135
2025-06-26,SKU01433,159,0,7,27
2025-06-26,SKU01495,323,0,7,88
2025-06-26,SKU01558,423,0,7,72
2025-06-26,SKU01568,180,0,7,49
2025-06-26,SKU01605,366,0,7,93
2025-06-26,SKU01649,533,0,7,101
2025-06-26,SKU01717,446,0,7,95
2025-06-26,SKU01770,258,0,7,66
2025-06-26,SKU01781,388,0,7,75
2025-06-26,SKU01822,355,0,7,67
2025-06-26,SKU01828,146,0,7,37
2025-06-26,SKU01863,106,0,7,34
2025-06-26,SKU02129,234,0,7,50
2025-06-26,SKU02164,310,0,7,84
2025-06-26,SKU02172,397,0,7,79
2025-06-26,SKU02205,155,0,7,26
2025-06-26,SKU02221,328,0,7,80
2025-06-26,SKU02277,130,0,7,28
2025-06-26,SKU02302,309,0,7,83
2025-06-26,SKU02375,355,0,7,92
2025-06-26,SKU02436,324,0,7,78
2025-06-26,SKU02533,149,0,7,29
2025-06-26,SKU02780,275,0,7,74
2025-06-26,SKU02842,239,0,7,68
2025-06-26,SKU02877,238,0,7,43
2025-06-26,SKU02897,298,0,7,71
2025-06-26,SKU02964,151,0,7,38
2025-06-26,SKU03179,253,0,7,62
2025-06-26,SKU03192,803,0,7,191
2025-06-26,SKU03277,248,0,7,60
2025-06-26,SKU03281,220,0,7,48
2025-06-26,SKU03347,177,0,7,57
2025-06-26,SKU03376,229,0,7,39
2025-06-26,SKU03491,460,0,7,91
2025-06-26,SKU03504,205,0,7,57
2025-06-26,SKU03562,419,0,7,119
2025-06-26,SKU03592,396,0,7,66
2025-06-26,SKU03603,679,0,7,144
2025-06-26,SKU03619,461,0,7,84
2025-06-26,SKU03634,152,0,7,46
2025-06-26,SKU03740,552,0,7,140
2025-06-26,SKU03828,303,0,7,76
2025-06-26,SKU03839,75,0,7,23
2025-06-26,SKU03848,359,0,7,82
2025-06-26,SKU03864,386,0,7,99
2025-06-26,SKU03931,175,0,7,57
2025-06-26,SKU03991,127,0,7,41
2025-06-26,SKU04019,415,0,7,72
2025-06-26,SKU04053,215,0,7,39
2025-06-26,SKU04062,217,0,7,55
2025-06-26,SKU04142,398,0,7,97
2025-06-26,SKU04145,542,0,7,121
2025-06-26,SKU04160,133,0,7,26
2025-06-26,SKU04228,310,0,7,71
2025-06-26,SKU04244,363,0,7,65
2025-06-26,SKU04261,489,0,7,88
2025-06-26,SKU04334,498,0,7,94
2025-06-26,SKU04352,366,0,7,62
2025-06-26,SKU04392,539,0,7,91
2025-06-26,SKU04412,256,0,7,69
2025-06-26,SKU04414,540,0,7,99
2025-06-26,SKU04442,284,0,7,54
2025-06-26,SKU04591,83,0,7,20
2025-06-26,SKU04605,411,0,7,92
2025-06-26,SKU04665,361,0,7,71
2025-06-26,SKU04757,403,0,7,85
2025-06-26,SKU04831,166,0,7,32
2025-06-26,SKU04919,248,0,7,49
2025-06-26,SKU05000,256,0,7,65
2025-06-27,SKU00075,447,0,7,92
2025-06-27,SKU00090,404,0,7,85
2025-06-27,SKU00150,339,0,7,67
2025-06-27,SKU00170,334,0,7,61
2025-06-27,SKU00173,206,0,7,51
2025-06-27,SKU00237,476,0,7,96
2025-06-27,SKU00331,136,0,7,41
2025-06-27,SKU00354,260,0,7,84
2025-06-27,SKU00386,345,0,7,74
2025-06-27,SKU00389,469,0,7,89
2025-06-27,SKU00421,183,0,7,38
2025-06-27,SKU00449,98,0,7,22
2025-06-27,SKU00524,344,0,7,75
2025-06-27,SKU00535,405,0,7,82
2025-06-27,SKU00550,259,0,7,51
2025-06-27,SKU00638,201,0,7,37
2025-06-27,SKU00679,171,0,7,29
2025-06-27,SKU00682,379,0,7,82
2025-06-27,SKU00721,243,0,7,45
2025-06-27,SKU00894,114,0,7,23
2025-06-27,SKU00935,516,0,7,94
2025-06-27,SKU00987,410,0,7,91
2025-06-27,SKU00991,102,0,7,26
2025-06-27,SKU01063,356,0,7,99
2025-06-27,SKU01158,340,0,7,85
2025-06-27,SKU01167,101,0,7,27
2025-06-27,SKU01171,319,0,7,79
2025-06-27,SKU01174,291,0,7,74
2025-06-27,SKU01179,317,0,7,77
2025-06-27,SKU01224,749,0,7,149
2025-06-27,SKU01347,326,0,7,91
2025-06-27,SKU01423,385,0,7,74
2025-06-27,SKU01428,79,0,7,25
2025-06-27,SKU01433,238,0,7,43
2025-06-27,SKU01558,141,0,7,33
2025-06-27,SKU01675,185,0,7,43
2025-06-27,SKU01770,493,0,7,91
2025-06-27,SKU01792,257,0,7,49
2025-06-27,SKU01970,154,0,7,49
2025-06-27,SKU02064,295,0,7,59
2025-06-27,SKU02205,155,0,7,30
2025-06-27,SKU02209,122,0,7,39
2025-06-27,SKU02217,500,0,7,89
2025-06-27,SKU02221,537,0,7,99
2025-06-27,SKU02253,225,0,7,60
2025-06-27,SKU02267,400,0,7,85
2025-06-27,SKU02290,626,0,7,122
2025-06-27,SKU02302,506,0,7,88
2025-06-27,SKU02329,119,0,7,38
2025-06-27,SKU02351,134,0,7,29
2025-06-27,SKU02519,367,0,7,72
2025-06-27,SKU02567,212,0,7,57
2025-06-27,SKU02580,130,0,7,28
2025-06-27,SKU02639,422,0,7,105
2025-06-27,SKU02662,265,0,7,53
2025-06-27,SKU02675,368,0,7,94
2025-06-27,SKU02829,256,0,7,47
2025-06-27,SKU03036,156,0,7,33
2025-06-27,SKU03043,327,0,7,63
2025-06-27,SKU03089,444,0,7,78
2025-06-27,SKU03092,204,0,7,44
2025-06-27,SKU03139,357,0,7,72
2025-06-27,SKU03173,216,0,7,67
2025-06-27,SKU03311,394,0,7,76
2025-06-27,SKU03362,272,0,7,48
2025-06-27,SKU03376,262,0,7,78
2025-06-27,SKU03416,305,0,7,55
2025-06-27,SKU03428,239,0,7,55
2025-06-27,SKU03454,386,0,7,65
2025-06-27,SKU03491,327,0,7,58
2025-06-27,SKU03493,314,0,7,54
2025-06-27,SKU03592,211,0,7,47
2025-06-27,SKU03634,83,0,7,21
2025-06-27,SKU03773,243,0,7,70
2025-06-27,SKU03828,421,0,7,94
2025-06-27,SKU03864,443,0,7,90
2025-06-27,SKU03932,310,0,7,70
2025-06-27,SKU04054,77,0,7,23
2025-06-27,SKU04062,326,0,7,63
2025-06-27,SKU04102,499,0,7,95
2025-06-27,SKU04147,424,0,7,97
2025-06-27,SKU04152,283,0,7,70
2025-06-27,SKU04281,271,0,7,55
2025-06-27,SKU04401,396,0,7,100
2025-06-27,SKU04412,292,0,7,88
2025-06-27,SKU04425,159,0,7,44
2025-06-27,SKU04475,822,0,7,149
2025-06-27,SKU04612,619,0,7,117
2025-06-27,SKU04690,333,0,7,73
2025-06-27,SKU04726,360,0,7,67
2025-06-27,SKU04831,529,0,7,97
2025-06-27,SKU04894,290,0,7,61
2025-06-27,SKU04902,93,0,7,23
2025-06-27,SKU04996,343,0,7,72
2025-06-28,SKU00052,726,0,7,176
2025-06-28,SKU00069,487,0,7,85
2025-06-28,SKU00140,829,0,7,181
2025-06-28,SKU00167,489,0,7,94
2025-06-28,SKU00170,169,0,7,31
2025-06-28,SKU00342,109,0,7,36
2025-06-28,SKU00449,506,0,7,99
2025-06-28,SKU00498,286,0,7,59
2025-06-28,SKU00524,396,0,7,67
2025-06-28,SKU00546,260,0,7,75
2025-06-28,SKU00550,337,0,7,75
2025-06-28,SKU00553,75,0,7,20
2025-06-28,SKU00571,422,0,7,98
2025-06-28,SKU00598,308,0,7,100
2025-06-28,SKU00691,156,0,7,48
2025-06-28,SKU00699,138,0,7,33
2025-06-28,SKU00732,290,0,7,67
2025-06-28,SKU00734,107,0,7,22
2025-06-28,SKU00758,183,0,7,54
2025-06-28,SKU00788,237,0,7,76
2025-06-28,SKU00936,193,0,7,47
2025-06-28,SKU00991,447,0,7,106
2025-06-28,SKU01032,192,0,7,57
2025-06-28,SKU01174,67,0,7,21
2025-06-28,SKU01179,357,0,7,79
2025-06-28,SKU01310,612,0,7,179
2025-06-28,SKU01407,143,0,7,32
2025-06-28,SKU01428,119,0,7,30
2025-06-28,SKU01651,288,0,7,95
2025-06-28,SKU01770,234,0,7,45
2025-06-28,SKU01805,422,0,7,80
2025-06-28,SKU01863,765,0,7,158
2025-06-28,SKU01880,248,0,7,49
2025-06-28,SKU01919,456,0,7,136
2025-06-28,SKU01939,302,0,7,64
2025-06-28,SKU02070,376,0,7,81
2025-06-28,SKU02112,237,0,7,54
2025-06-28,SKU02114,404,0,7,97
2025-06-28,SKU02375,260,0,7,67
2025-06-28,SKU02386,179,0,7,33
2025-06-28,SKU02408,233,0,7,41
2025-06-28,SKU02558,85,0,7,23
2025-06-28,SKU02567,172,0,7,36
2025-06-28,SKU02580,259,0,7,50
2025-06-28,SKU02584,170,0,7,30
2025-06-28,SKU02662,204,0,7,41
2025-06-28,SKU02897,372,0,7,99
2025-06-28,SKU02946,235,0,7,65
2025-06-28,SKU03090,138,0,7,25
2025-06-28,SKU03129,306,0,7,93
2025-06-28,SKU03210,523,0,7,93
2025-06-28,SKU03220,79,0,7,26
2025-06-28,SKU03277,232,0,7,64
2025-06-28,SKU03320,442,0,7,94
2025-06-28,SKU03347,91,0,7,22
2025-06-28,SKU03416,302,0,7,99
2025-06-28,SKU03436,142,0,7,36
2025-06-28,SKU03562,465,0,7,117
2025-06-28,SKU03574,410,0,7,88
2025-06-28,SKU03592,195,0,7,52
2025-06-28,SKU03627,461,0,7,78
2025-06-28,SKU03740,213,0,7,37
2025-06-28,SKU03749,195,0,7,53
2025-06-28,SKU03773,541,0,7,91
2025-06-28,SKU03822,223,0,7,41
2025-06-28,SKU03950,414,0,7,79
2025-06-28,SKU04062,126,0,7,32
2025-06-28,SKU04073,337,0,7,60
2025-06-28,SKU04142,320,0,7,60
2025-06-28,SKU04153,526,0,7,88
2025-06-28,SKU04236,294,0,7,84
2025-06-28,SKU04244,151,0,7,35
2025-06-28,SKU04319,199,0,7,51
2025-06-28,SKU04388,112,0,7,28
2025-06-28,SKU04401,146,0,7,45
2025-06-28,SKU04612,334,0,7,87
2025-06-28,SKU04641,451,0,7,78
2025-06-28,SKU04652,123,0,7,35
2025-06-28,SKU04654,120,0,7,30
2025-06-28,SKU04665,484,0,7,86
2025-06-28,SKU04693,591,0,7,99
2025-06-28,SKU04717,202,0,7,58
2025-06-28,SKU04757,136,0,7,39
2025-06-28,SKU04791,127,0,7,27
2025-06-28,SKU04831,331,0,7,78
2025-06-28,SKU04856,313,0,7,73
2025-06-28,SKU04888,305,0,7,55
2025-06-28,SKU04905,288,0,7,67
2025-06-28,SKU04955,153,0,7,38
2025-06-29,SKU00012,157,0,7,47
2025-06-29,SKU00069,142,0,7,36
2025-06-29,SKU00167,456,0,7,84
2025-06-29,SKU00350,387,0,7,94
2025-06-29,SKU00385,282,0,7,89
2025-06-29,SKU00421,254,0,7,71
2025-06-29,SKU00449,246,0,7,50
2025-06-29,SKU00524,245,0,7,64
2025-06-29,SKU00551,132,0,7,29
2025-06-29,SKU00553,90,0,7,20
2025-06-29,SKU00574,538,0,7,121
2025-06-29,SKU00749,94,0,7,20
2025-06-29,SKU00767,388,0,7,99
2025-06-29,SKU00775,86,0,7,21
2025-06-29,SKU00837,466,0,7,117
2025-06-29,SKU00874,479,0,7,103
2025-06-29,SKU00935,218,0,7,38
2025-06-29,SKU00965,296,0,7,78
2025-06-29,SKU00978,569,0,7,120
2025-06-29,SKU01075,279,0,7,50
2025-06-29,SKU01104,365,0,7,82
2025-06-29,SKU01112,314,0,7,75
2025-06-29,SKU01191,236,0,7,43
2025-06-29,SKU01229,264,0,7,80
2025-06-29,SKU01318,92,0,7,24
2025-06-29,SKU01337,139,0,7,38
2025-06-29,SKU01428,529,0,7,122
2025-06-29,SKU01567,196,0,7,38
2025-06-29,SKU01582,400,0,7,81
2025-06-29,SKU01651,284,0,7,70
2025-06-29,SKU01675,226,0,7,38
2025-06-29,SKU01733,90,0,7,23
2025-06-29,SKU01770,407,0,7,85
2025-06-29,SKU01792,306,0,7,72
2025-06-29,SKU01805,266,0,7,52
2025-06-29,SKU01830,237,0,7,42
2025-06-29,SKU01970,166,0,7,44
2025-06-29,SKU01981,384,0,7,65
2025-06-29,SKU01986,135,0,7,31
2025-06-29,SKU02038,265,0,7,54
2025-06-29,SKU02070,84,0,7,20
2025-06-29,SKU02104,445,0,7,118
2025-06-29,SKU02128,79,0,7,21
2025-06-29,SKU02211,344,0,7,65
2025-06-29,SKU02267,155,0,7,29
2025-06-29,SKU02279,285,0,7,90
2025-06-29,SKU02365,222,0,7,54
2025-06-29,SKU02421,266,0,7,49
2025-06-29,SKU02436,89,0,7,22
2025-06-29,SKU02471,361,0,7,93
2025-06-29,SKU02472,173,0,7,38
2025-06-29,SKU02500,333,0,7,76
2025-06-29,SKU02580,669,0,7,123
2025-06-29,SKU02662,94,0,7,26
2025-06-29,SKU02681,423,0,7,84
2025-06-29,SKU02722,312,0,7,79
2025-06-29,SKU02915,296,0,7,98
2025-06-29,SKU02997,428,0,7,81
2025-06-29,SKU03036,88,0,7,21
2025-06-29,SKU03089,369,0,7,75
2025-06-29,SKU03092,408,0,7,100
2025-06-29,SKU03179,357,0,7,86
2025-06-29,SKU03266,177,0,7,33
2025-06-29,SKU03357,190,0,7,56
2025-06-29,SKU03375,413,0,7,84
2025-06-29,SKU03441,239,0,7,66
2025-06-29,SKU03493,323,0,7,85
2025-06-29,SKU03609,391,0,7,76
2025-06-29,SKU03621,321,0,7,59
2025-06-29,SKU03634,198,0,7,50
2025-06-29,SKU03737,344,0,7,97
2025-06-29,SKU03749,272,0,7,78
2025-06-29,SKU03837,313,0,7,71
2025-06-29,SKU03839,291,0,7,65
2025-06-29,SKU03863,84,0,7,28
2025-06-29,SKU03884,128,0,7,38
2025-06-29,SKU03941,302,0,7,81
2025-06-29,SKU04118,210,0,7,57
2025-06-29,SKU04152,260,0,7,46
2025-06-29,SKU04215,386,0,7,72
2025-06-29,SKU04228,495,0,7,94
2025-06-29,SKU04244,157,0,7,52
2025-06-29,SKU04334,323,0,7,80
2025-06-29,SKU04392,453,0,7,98
2025-06-29,SKU04412,325,0,7,57
2025-06-29,SKU04475,571,0,7,112
2025-06-29,SKU04491,711,0,7,138
2025-06-29,SKU04505,274,0,7,46
2025-06-29,SKU04554,218,0,7,63
2025-06-29,SKU04580,270,0,7,71
2025-06-29,SKU04591,472,0,7,99
2025-06-29,SKU04605,305,0,7,64
2025-06-29,SKU04652,96,0,7,24
2025-06-29,SKU04664,203,0,7,55
2025-06-29,SKU04679,122,0,7,23
2025-06-29,SKU04693,82,0,7,23
2025-06-29,SKU04717,378,0,7,80
2025-06-29,SKU04753,142,0,7,31
2025-06-29,SKU04771,307,0,7,62
2025-06-29,SKU04945,315,0,7,68
2025-06-29,SKU04955,321,0,7,58
2025-06-30,SKU00012,78,0,7,22
2025-06-30,SKU00069,495,0,7,85
2025-06-30,SKU00167,118,0,7,28
2025-06-30,SKU00350,261,0,7,47
2025-06-30,SKU00354,224,0,7,45
2025-06-30,SKU00355,214,0,7,49
2025-06-30,SKU00385,502,0,7,95
2025-06-30,SKU00421,132,0,7,36
2025-06-30,SKU00498,76,0,7,21
2025-06-30,SKU00501,255,0,7,77
2025-06-30,SKU00507,507,0,7,85
2025-06-30,SKU00516,135,0,7,32
2025-06-30,SKU00551,240,0,7,43
2025-06-30,SKU00574,530,0,7,91
2025-06-30,SKU00584,329,0,7,58
2025-06-30,SKU00699,200,0,7,49
2025-06-30,SKU00740,208,0,7,39
2025-06-30,SKU00788,124,0,7,32
2025-06-30,SKU00935,322,0,7,66
2025-06-30,SKU00986,324,0,7,93
2025-06-30,SKU01023,173,0,7,37
2025-06-30,SKU01031,268,0,7,49
2025-06-30,SKU01042,133,0,7,31
2025-06-30,SKU01133,279,0,7,63
2025-06-30,SKU01174,398,0,7,96
2025-06-30,SKU01179,379,0,7,84
2025-06-30,SKU01200,368,0,7,74
2025-06-30,SKU01256,132,0,7,43
2025-06-30,SKU01303,276,0,7,61
2025-06-30,SKU01310,531,0,7,95
2025-06-30,SKU01340,138,0,7,45
2025-06-30,SKU01542,146,0,7,35
2025-06-30,SKU01567,145,0,7,31
2025-06-30,SKU01580,350,0,7,93
2025-06-30,SKU01643,199,0,7,54
2025-06-30,SKU01645,252,0,7,79
2025-06-30,SKU01649,490,0,7,83
2025-06-30,SKU01651,81,0,7,25
2025-06-30,SKU01754,210,0,7,46
2025-06-30,SKU01766,535,0,7,99
2025-06-30,SKU01770,322,0,7,98
2025-06-30,SKU01822,112,0,7,22
2025-06-30,SKU01834,354,0,7,61
2025-06-30,SKU01854,128,0,7,28
2025-06-30,SKU01903,361,0,7,94
2025-06-30,SKU01911,144,0,7,27
2025-06-30,SKU01939,227,0,7,55
2025-06-30,SKU02038,358,0,7,71
2025-06-30,SKU02094,101,0,7,22
2025-06-30,SKU02114,342,0,7,99
2025-06-30,SKU02128,381,0,7,72
2025-06-30,SKU02205,364,0,7,92
2025-06-30,SKU02248,223,0,7,67
2025-06-30,SKU02255,512,0,7,95
2025-06-30,SKU02277,688,0,7,157
2025-06-30,SKU02408,272,0,7,79
2025-06-30,SKU02471,389,0,7,80
2025-06-30,SKU02500,227,0,7,39
2025-06-30,SKU02533,198,0,7,36
2025-06-30,SKU02584,238,0,7,44
2025-06-30,SKU02700,288,0,7,87
2025-06-30,SKU02842,567,0,7,95
2025-06-30,SKU02946,465,0,7,96
2025-06-30,SKU02964,177,0,7,53
2025-06-30,SKU03014,119,0,7,24
2025-06-30,SKU03036,146,0,7,26
2025-06-30,SKU03043,447,0,7,77
2025-06-30,SKU03092,268,0,7,76
2025-06-30,SKU03139,235,0,7,45
2025-06-30,SKU03152,323,0,7,95
2025-06-30,SKU03177,170,0,7,43
2025-06-30,SKU03220,142,0,7,39
2025-06-30,SKU03251,335,0,7,100
2025-06-30,SKU03284,237,0,7,65
2025-06-30,SKU03286,245,0,7,56
2025-06-30,SKU03311,123,0,7,39
2025-06-30,SKU03362,352,0,7,76
2025-06-30,SKU03376,714,0,7,161
2025-06-30,SKU03493,332,0,7,84
2025-06-30,SKU03609,511,0,7,98
2025-06-30,SKU03627,230,0,7,76
2025-06-30,SKU03737,278,0,7,82
2025-06-30,SKU03744,283,0,7,56
2025-06-30,SKU03884,231,0,7,39
2025-06-30,SKU03941,396,0,7,89
2025-06-30,SKU03975,541,0,7,96
2025-06-30,SKU04106,289,0,7,49
2025-06-30,SKU04107,271,0,7,52
2025-06-30,SKU04144,242,0,7,62
2025-06-30,SKU04147,280,0,7,49
2025-06-30,SKU04152,245,0,7,66
2025-06-30,SKU04153,128,0,7,26
2025-06-30,SKU04194,239,0,7,49
2025-06-30,SKU04265,325,0,7,76
2025-06-30,SKU04281,387,0,7,118
2025-06-30,SKU04292,322,0,7,93
2025-06-30,SKU04334,103,0,7,32
2025-06-30,SKU04352,333,0,7,71
2025-06-30,SKU04443,320,0,7,95
2025-06-30,SKU04475,302,0,7,61
2025-06-30,SKU04505,321,0,7,82
2025-06-30,SKU04641,359,0,7,79
2025-06-30,SKU04652,216,0,7,63
2025-06-30,SKU04670,144,0,7,44
2025-06-30,SKU04729,241,0,7,63
2025-06-30,SKU04795,100,0,7,24
2025-06-30,SKU04856,118,0,7,33
2025-06-30,SKU04879,176,0,7,39
2025-07-01,SKU00155,199,0,7,65
2025-07-01,SKU00167,286,0,7,83
2025-07-01,SKU00170,167,0,7,34
2025-07-01,SKU00251,497,0,7,129
2025-07-01,SKU00330,224,0,7,49
2025-07-01,SKU00354,499,0,7,99
2025-07-01,SKU00386,132,0,7,40
2025-07-01,SKU00401,391,0,7,69
2025-07-01,SKU00421,355,0,7,68
2025-07-01,SKU00466,145,0,7,38
2025-07-01,SKU00498,260,0,7,47
2025-07-01,SKU00501,512,0,7,87
2025-07-01,SKU00502,775,0,7,197
2025-07-01,SKU00507,184,0,7,32
2025-07-01,SKU00516,431,0,7,81
2025-07-01,SKU00535,129,0,7,43
2025-07-01,SKU00546,711,0,7,146
2025-07-01,SKU00584,81,0,7,23
2025-07-01,SKU00589,499,0,7,87
2025-07-01,SKU00706,238,0,7,45
2025-07-01,SKU00821,242,0,7,73
2025-07-01,SKU00855,346,0,7,81
2025-07-01,SKU00858,227,0,7,72
2025-07-01,SKU00894,254,0,7,78
2025-07-01,SKU00906,316,0,7,69
2025-07-01,SKU00972,157,0,7,47
2025-07-01,SKU00986,157,0,7,41
2025-07-01,SKU01070,680,0,7,139
2025-07-01,SKU01075,238,0,7,55
2025-07-01,SKU01112,207,0,7,52
2025-07-01,SKU01133,302,0,7,70
2025-07-01,SKU01158,110,0,7,20
2025-07-01,SKU01179,170,0,7,31
2025-07-01,SKU01229,127,0,7,22
2025-07-01,SKU01303,197,0,7,65
2025-07-01,SKU01318,83,0,7,27
2025-07-01,SKU01407,83,0,7,23
2025-07-01,SKU01568,360,0,7,100
2025-07-01,SKU01649,171,0,7,38
2025-07-01,SKU01754,159,0,7,35
2025-07-01,SKU01766,225,0,7,66
2025-07-01,SKU01781,389,0,7,70
2025-07-01,SKU01790,332,0,7,57
2025-07-01,SKU01792,422,0,7,76
2025-07-01,SKU01805,215,0,7,56
2025-07-01,SKU01818,299,0,7,50
2025-07-01,SKU01830,305,0,7,55
2025-07-01,SKU01854,245,0,7,50
2025-07-01,SKU01903,285,0,7,88
2025-07-01,SKU01906,207,0,7,59
2025-07-01,SKU01919,165,0,7,34
2025-07-01,SKU01971,373,0,7,74
2025-07-01,SKU01981,397,0,7,79
2025-07-01,SKU02014,352,0,7,67
2025-07-01,SKU02055,152,0,7,38
2025-07-01,SKU02064,281,0,7,58
2025-07-01,SKU02103,111,0,7,31
2025-07-01,SKU02128,428,0,7,141
2025-07-01,SKU02277,331,0,7,56
2025-07-01,SKU02386,235,0,7,65
2025-07-01,SKU02471,305,0,7,58
2025-07-01,SKU02472,566,0,7,127
2025-07-01,SKU02501,99,0,7,31
2025-07-01,SKU02519,370,0,7,67
2025-07-01,SKU02662,192,0,7,43
2025-07-01,SKU02822,210,0,7,60
2025-07-01,SKU02829,195,0,7,51
2025-07-01,SKU02842,264,0,7,63
2025-07-01,SKU02907,217,0,7,62
2025-07-01,SKU02969,352,0,7,60
2025-07-01,SKU02999,310,0,7,89
2025-07-01,SKU03043,473,0,7,86
2025-07-01,SKU03089,317,0,7,55
2025-07-01,SKU03173,86,0,7,27
2025-07-01,SKU03220,309,0,7,93
2025-07-01,SKU03230,335,0,7,73
2025-07-01,SKU03254,313,0,7,71
2025-07-01,SKU03286,182,0,7,45
2025-07-01,SKU03349,377,0,7,79
2025-07-01,SKU03375,217,0,7,37
2025-07-01,SKU03376,516,0,7,100
2025-07-01,SKU03414,195,0,7,57
2025-07-01,SKU03441,94,0,7,20
2025-07-01,SKU03454,231,0,7,55
2025-07-01,SKU03484,367,0,7,77
2025-07-01,SKU03492,565,0,7,104
2025-07-01,SKU03493,105,0,7,32
2025-07-01,SKU03504,365,0,7,62
2025-07-01,SKU03548,386,0,7,70
2025-07-01,SKU03600,390,0,7,73
2025-07-01,SKU03737,274,0,7,65
2025-07-01,SKU03828,351,0,7,60
2025-07-01,SKU03837,339,0,7,93
2025-07-01,SKU03961,126,0,7,24
2025-07-01,SKU04052,295,0,7,71
2025-07-01,SKU04053,274,0,7,74
2025-07-01,SKU04073,216,0,7,65
2025-07-01,SKU04142,122,0,7,21
2025-07-01,SKU04160,139,0,7,38
2025-07-01,SKU04217,220,0,7,51
2025-07-01,SKU04222,116,0,7,33
2025-07-01,SKU04228,247,0,7,71
2025-07-01,SKU04261,602,0,7,125
2025-07-01,SKU04281,325,0,7,64
2025-07-01,SKU04352,136,0,7,28
2025-07-01,SKU04425,404,0,7,74
2025-07-01,SKU04443,536,0,7,94
2025-07-01,SKU04461,253,0,7,44
2025-07-01,SKU04532,134,0,7,29
2025-07-01,SKU04591,402,0,7,77
2025-07-01,SKU04607,348,0,7,83
2025-07-01,SKU04654,474,0,7,121
2025-07-01,SKU04693,290,0,7,93
2025-07-01,SKU04879,369,0,7,70
2025-07-01,SKU04901,215,0,7,43
2025-07-01,SKU04919,108,0,7,36
2025-07-01,SKU04955,83,0,7,26
2025-07-02,SKU00012,216,0,7,47
2025-07-02,SKU00024,105,0,7,33
2025-07-02,SKU00127,241,0,7,56
2025-07-02,SKU00150,360,0,7,75
2025-07-02,SKU00173,213,0,7,55
2025-07-02,SKU00237,447,0,7,78
2025-07-02,SKU00240,557,0,7,127
2025-07-02,SKU00317,168,0,7,40
2025-07-02,SKU00419,332,0,7,90
2025-07-02,SKU00437,222,0,7,73
2025-07-02,SKU00462,114,0,7,20
2025-07-02,SKU00524,421,0,7,88
2025-07-02,SKU00550,427,0,7,91
2025-07-02,SKU00574,283,0,7,79
2025-07-02,SKU00608,161,0,7,35
2025-07-02,SKU00682,260,0,7,48
2025-07-02,SKU00706,755,0,7,148
2025-07-02,SKU00721,274,0,7,74
2025-07-02,SKU00740,334,0,7,61
2025-07-02,SKU00788,492,0,7,92
2025-07-02,SKU01031,204,0,7,64
2025-07-02,SKU01042,242,0,7,54
2025-07-02,SKU01104,525,0,7,92
2025-07-02,SKU01167,197,0,7,64
2025-07-02,SKU01174,468,0,7,83
2025-07-02,SKU01264,164,0,7,29
2025-07-02,SKU01287,749,0,7,149
2025-07-02,SKU01413,361,0,7,61
2025-07-02,SKU01582,494,0,7,99
2025-07-02,SKU01643,207,0,7,35
2025-07-02,SKU01674,297,0,7,73
2025-07-02,SKU01754,310,0,7,56
2025-07-02,SKU01762,138,0,7,45
2025-07-02,SKU01903,287,0,7,62
2025-07-02,SKU01915,213,0,7,64
2025-07-02,SKU02038,362,0,7,98
2025-07-02,SKU02114,269,0,7,87
2025-07-02,SKU02375,291,0,7,70
2025-07-02,SKU02546,457,0,7,85
2025-07-02,SKU02570,133,0,7,28
2025-07-02,SKU02584,138,0,7,42
2025-07-02,SKU02630,126,0,7,24
2025-07-02,SKU02710,384,0,7,64
2025-07-02,SKU02728,148,0,7,40
2025-07-02,SKU02763,165,0,7,28
2025-07-02,SKU02780,78,0,7,24
2025-07-02,SKU02969,531,0,7,95
2025-07-02,SKU02997,255,0,7,47
2025-07-02,SKU03043,362,0,7,64
2025-07-02,SKU03058,341,0,7,75
2025-07-02,SKU03090,429,0,7,82
2025-07-02,SKU03092,216,0,7,63
2025-07-02,SKU03129,200,0,7,40
2025-07-02,SKU03139,149,0,7,31
2025-07-02,SKU03152,637,0,7,139
2025-07-02,SKU03235,429,0,7,99
2025-07-02,SKU03290,71,0,7,20
2025-07-02,SKU03416,556,0,7,100
2025-07-02,SKU03441,522,0,7,96
2025-07-02,SKU03454,175,0,7,41
2025-07-02,SKU03484,524,0,7,98
2025-07-02,SKU03491,513,0,7,88
2025-07-02,SKU03562,76,0,7,25
2025-07-02,SKU03603,144,0,7,26
2025-07-02,SKU03621,378,0,7,72
2025-07-02,SKU03642,450,0,7,102
2025-07-02,SKU03740,247,0,7,73
2025-07-02,SKU03803,733,0,7,141
2025-07-02,SKU03807,449,0,7,87
2025-07-02,SKU03833,237,0,7,51
2025-07-02,SKU03932,465,0,7,81
2025-07-02,SKU03950,237,0,7,60
2025-07-02,SKU03968,235,0,7,40
2025-07-02,SKU04019,236,0,7,72
2025-07-02,SKU04052,225,0,7,70
2025-07-02,SKU04118,461,0,7,96
2025-07-02,SKU04142,259,0,7,76
2025-07-02,SKU04212,274,0,7,73
2025-07-02,SKU04217,247,0,7,68
2025-07-02,SKU04222,570,0,7,147
2025-07-02,SKU04249,535,0,7,92
2025-07-02,SKU04319,1052,0,7,215
2025-07-02,SKU04401,151,0,7,33
2025-07-02,SKU04443,70,0,7,22
2025-07-02,SKU04475,194,0,7,63
2025-07-02,SKU04504,118,0,7,29
2025-07-02,SKU04526,306,0,7,61
2025-07-02,SKU04636,142,0,7,45
2025-07-02,SKU04641,385,0,7,89
2025-07-02,SKU04643,249,0,7,65
2025-07-02,SKU04652,99,0,7,20
2025-07-02,SKU04653,287,0,7,59
2025-07-02,SKU04664,234,0,7,74
2025-07-02,SKU04729,216,0,7,72
2025-07-02,SKU04741,668,0,7,155
2025-07-02,SKU04768,179,0,7,32
2025-07-02,SKU04791,360,0,7,67
2025-07-02,SKU04887,297,0,7,69
2025-07-02,SKU04888,323,0,7,68
2025-07-03,SKU00083,102,0,7,33
2025-07-03,SKU00140,203,0,7,38
2025-07-03,SKU00167,123,0,7,30
2025-07-03,SKU00331,254,0,7,50
2025-07-03,SKU00342,206,0,7,56
2025-07-03,SKU00389,462,0,7,100
2025-07-03,SKU00507,79,0,7,26
2025-07-03,SKU00524,234,0,7,40
2025-07-03,SKU00535,241,0,7,71
2025-07-03,SKU00550,153,0,7,37
2025-07-03,SKU00584,369,0,7,70
2025-07-03,SKU00592,433,0,7,79
2025-07-03,SKU00631,489,0,7,136
2025-07-03,SKU00662,373,0,7,88
2025-07-03,SKU00721,272,0,7,54
2025-07-03,SKU00734,306,0,7,56
2025-07-03,SKU00775,195,0,7,54
2025-07-03,SKU00858,199,0,7,37
2025-07-03,SKU00860,120,0,7,27
2025-07-03,SKU01023,383,0,7,95
2025-07-03,SKU01031,180,0,7,47
2025-07-03,SKU01032,380,0,7,77
2025-07-03,SKU01038,184,0,7,39
2025-07-03,SKU01063,229,0,7,52
2025-07-03,SKU01167,206,0,7,39
2025-07-03,SKU01179,175,0,7,40
2025-07-03,SKU01392,275,0,7,62
2025-07-03,SKU01495,437,0,7,89
2025-07-03,SKU01538,298,0,7,52
2025-07-03,SKU01568,80,0,7,21
2025-07-03,SKU01592,81,0,7,23
2025-07-03,SKU01651,158,0,7,42
2025-07-03,SKU01674,359,0,7,75
2025-07-03,SKU01827,585,0,7,118
2025-07-03,SKU01854,273,0,7,64
2025-07-03,SKU01874,173,0,7,31
2025-07-03,SKU01915,83,0,7,23
2025-07-03,SKU02055,406,0,7,91
2025-07-03,SKU02057,356,0,7,67
2025-07-03,SKU02164,405,0,7,87
2025-07-03,SKU02277,342,0,7,83
2025-07-03,SKU02302,319,0,7,68
2025-07-03,SKU02351,225,0,7,41
2025-07-03,SKU02376,114,0,7,33
2025-07-03,SKU02387,193,0,7,39
2025-07-03,SKU02472,182,0,7,60
2025-07-03,SKU02519,415,0,7,83
2025-07-03,SKU02520,534,0,7,97
2025-07-03,SKU02541,130,0,7,43
2025-07-03,SKU02567,368,0,7,77
2025-07-03,SKU02584,585,0,7,148
2025-07-03,SKU02681,210,0,7,63
2025-07-03,SKU02763,311,0,7,85
2025-07-03,SKU02822,642,0,7,125
2025-07-03,SKU02964,160,0,7,52
2025-07-03,SKU03108,914,0,7,176
2025-07-03,SKU03173,295,0,7,65
2025-07-03,SKU03230,100,0,7,24
2025-07-03,SKU03251,77,0,7,22
2025-07-03,SKU03284,318,0,7,74
2025-07-03,SKU03291,329,0,7,58
2025-07-03,SKU03311,812,0,7,165
2025-07-03,SKU03357,166,0,7,41
2025-07-03,SKU03414,383,0,7,83
2025-07-03,SKU03416,281,0,7,90
2025-07-03,SKU03441,166,0,7,34
2025-07-03,SKU03454,235,0,7,53
2025-07-03,SKU03504,453,0,7,78
2025-07-03,SKU03574,775,0,7,149
2025-07-03,SKU03634,323,0,7,77
2025-07-03,SKU03749,201,0,7,37
2025-07-03,SKU03805,155,0,7,38
2025-07-03,SKU03833,104,0,7,28
2025-07-03,SKU03837,257,0,7,75
2025-07-03,SKU03935,406,0,7,72
2025-07-03,SKU04106,81,0,7,24
2025-07-03,SKU04107,135,0,7,23
2025-07-03,SKU04142,360,0,7,93
2025-07-03,SKU04147,151,0,7,36
2025-07-03,SKU04158,287,0,7,69
2025-07-03,SKU04265,219,0,7,41
2025-07-03,SKU04292,350,0,7,65
2025-07-03,SKU04334,265,0,7,86
2025-07-03,SKU04401,322,0,7,65
2025-07-03,SKU04443,113,0,7,37
2025-07-03,SKU04470,134,0,7,24
2025-07-03,SKU04532,262,0,7,65
2025-07-03,SKU04612,293,0,7,59
2025-07-03,SKU04652,504,0,7,100
2025-07-03,SKU04747,252,0,7,71
2025-07-03,SKU04849,209,0,7,60
2025-07-03,SKU04887,423,0,7,79
2025-07-03,SKU04905,433,0,7,75
2025-07-03,SKU04955,307,0,7,76
2025-07-04,SKU00105,126,0,7,28
2025-07-04,SKU00155,341,0,7,59
2025-07-04,SKU00167,172,0,7,52
2025-07-04,SKU00237,156,0,7,46
2025-07-04,SKU00462,538,0,7,108
2025-07-04,SKU00498,150,0,7,41
2025-07-04,SKU00507,414,0,7,74
2025-07-04,SKU00571,185,0,7,40
2025-07-04,SKU00592,79,0,7,26
2025-07-04,SKU00691,299,0,7,74
2025-07-04,SKU00706,296,0,7,59
2025-07-04,SKU00732,404,0,7,89
2025-07-04,SKU00775,342,0,7,94
2025-07-04,SKU00821,161,0,7,34
2025-07-04,SKU00860,94,0,7,25
2025-07-04,SKU00958,142,0,7,37
2025-07-04,SKU00986,259,0,7,67
2025-07-04,SKU01034,104,0,7,21
2025-07-04,SKU01042,307,0,7,52
2025-07-04,SKU01046,377,0,7,71
2025-07-04,SKU01070,346,0,7,82
2025-07-04,SKU01075,311,0,7,52
2025-07-04,SKU01112,291,0,7,64
2025-07-04,SKU01133,182,0,7,58
2025-07-04,SKU01187,292,0,7,63
2025-07-04,SKU01229,230,0,7,59
2025-07-04,SKU01643,345,0,7,79
2025-07-04,SKU01651,403,0,7,82
2025-07-04,SKU01674,322,0,7,76
2025-07-04,SKU01766,166,0,7,44
2025-07-04,SKU01803,136,0,7,34
2025-07-04,SKU01828,119,0,7,38
2025-07-04,SKU01830,185,0,7,56
2025-07-04,SKU01915,445,0,7,78
2025-07-04,SKU02038,494,0,7,87
2025-07-04,SKU02267,155,0,7,49
2025-07-04,SKU02329,683,0,7,120
2025-07-04,SKU02421,82,0,7,20
2025-07-04,SKU02501,623,0,7,119
2025-07-04,SKU02534,311,0,7,96
2025-07-04,SKU02546,373,0,7,79
2025-07-04,SKU02675,522,0,7,94
2025-07-04,SKU02700,165,0,7,34
2025-07-04,SKU02722,425,0,7,97
2025-07-04,SKU02794,174,0,7,32
2025-07-04,SKU02877,215,0,7,64
2025-07-04,SKU02907,669,0,7,158
2025-07-04,SKU03014,184,0,7,53
2025-07-04,SKU03031,208,0,7,58
2025-07-04,SKU03058,351,0,7,77
2025-07-04,SKU03090,384,0,7,89
2025-07-04,SKU03266,390,0,7,69
2025-07-04,SKU03277,322,0,7,57
2025-07-04,SKU03281,205,0,7,55
2025-07-04,SKU03375,219,0,7,54
2025-07-04,SKU03457,298,0,7,96
2025-07-04,SKU03491,663,0,7,128
2025-07-04,SKU03548,94,0,7,26
2025-07-04,SKU03602,89,0,7,21
2025-07-04,SKU03805,497,0,7,95
2025-07-04,SKU03822,386,0,7,81
2025-07-04,SKU03905,71,0,7,23
2025-07-04,SKU03975,280,0,7,78
2025-07-04,SKU04106,156,0,7,45
2025-07-04,SKU04107,376,0,7,77
2025-07-04,SKU04144,255,0,7,49
2025-07-04,SKU04153,98,0,7,24
2025-07-04,SKU04160,381,0,7,81
2025-07-04,SKU04244,379,0,7,75
2025-07-04,SKU04281,234,0,7,56
2025-07-04,SKU04334,190,0,7,33
2025-07-04,SKU04412,323,0,7,74
2025-07-04,SKU04526,199,0,7,58
2025-07-04,SKU04580,280,0,7,88
2025-07-04,SKU04605,366,0,7,64
2025-07-04,SKU04636,320,0,7,66
2025-07-04,SKU04654,236,0,7,71
2025-07-04,SKU04664,172,0,7,40
2025-07-04,SKU04726,480,0,7,88
2025-07-04,SKU04729,239,0,7,43
2025-07-04,SKU04798,275,0,7,80
2025-07-04,SKU04831,257,0,7,78
2025-07-04,SKU04905,264,0,7,45
2025-07-04,SKU04958,539,0,7,116
2025-07-05,SKU00066,406,0,7,97
2025-07-05,SKU00069,486,0,7,85
2025-07-05,SKU00083,337,0,7,63
2025-07-05,SKU00127,401,0,7,75
2025-07-05,SKU00140,324,0,7,99
2025-07-05,SKU00305,388,0,7,96
2025-07-05,SKU00342,201,0,7,37
2025-07-05,SKU00350,330,0,7,85
2025-07-05,SKU00371,463,0,7,93
2025-07-05,SKU00386,833,0,7,163
2025-07-05,SKU00437,270,0,7,76
2025-07-05,SKU00462,431,0,7,91
2025-07-05,SKU00521,76,0,7,21
2025-07-05,SKU00524,320,0,7,82
2025-07-05,SKU00532,134,0,7,31
2025-07-05,SKU00585,240,0,7,55
2025-07-05,SKU00589,196,0,7,56
2025-07-05,SKU00592,373,0,7,93
2025-07-05,SKU00645,469,0,7,97
2025-07-05,SKU00649,415,0,7,84
2025-07-05,SKU00679,122,0,7,25
2025-07-05,SKU00682,496,0,7,86
2025-07-05,SKU00706,238,0,7,66
2025-07-05,SKU00734,113,0,7,26
2025-07-05,SKU00767,200,0,7,60
2025-07-05,SKU00775,358,0,7,83
2025-07-05,SKU00890,624,0,7,134
2025-07-05,SKU00954,287,0,7,58
2025-07-05,SKU00965,234,0,7,71
2025-07-05,SKU00972,232,0,7,49
2025-07-05,SKU00978,499,0,7,89
2025-07-05,SKU00987,407,0,7,84
2025-07-05,SKU01031,437,0,7,97
2025-07-05,SKU01034,374,0,7,92
2025-07-05,SKU01171,167,0,7,51
2025-07-05,SKU01407,802,0,7,151
2025-07-05,SKU01413,190,0,7,42
2025-07-05,SKU01441,163,0,7,34
2025-07-05,SKU01580,365,0,7,97
2025-07-05,SKU01645,109,0,7,31
2025-07-05,SKU01770,303,0,7,89
2025-07-05,SKU01818,208,0,7,50
2025-07-05,SKU01827,262,0,7,44
2025-07-05,SKU01830,145,0,7,28
2025-07-05,SKU01851,385,0,7,96
2025-07-05,SKU01877,242,0,7,74
2025-07-05,SKU01915,297,0,7,52
2025-07-05,SKU01970,375,0,7,100
2025-07-05,SKU02070,150,0,7,35
2025-07-05,SKU02104,215,0,7,65
2025-07-05,SKU02114,233,0,7,40
2025-07-05,SKU02279,307,0,7,54
2025-07-05,SKU02501,329,0,7,74
2025-07-05,SKU02514,445,0,7,100
2025-07-05,SKU02533,395,0,7,84
2025-07-05,SKU02558,328,0,7,75
2025-07-05,SKU02590,344,0,7,81
2025-07-05,SKU02639,429,0,7,72
2025-07-05,SKU02662,398,0,7,75
2025-07-05,SKU02686,599,0,7,107
2025-07-05,SKU02718,130,0,7,24
2025-07-05,SKU02768,419,0,7,84
2025-07-05,SKU02780,224,0,7,44
2025-07-05,SKU02915,150,0,7,37
2025-07-05,SKU02938,369,0,7,83
2025-07-05,SKU02964,347,0,7,66
2025-07-05,SKU02997,441,0,7,84
2025-07-05,SKU03036,382,0,7,64
2025-07-05,SKU03043,196,0,7,65
2025-07-05,SKU03115,592,0,7,99
2025-07-05,SKU03139,116,0,7,22
2025-07-05,SKU03173,476,0,7,98
2025-07-05,SKU03179,703,0,7,146
2025-07-05,SKU03281,388,0,7,77
2025-07-05,SKU03290,200,0,7,37
2025-07-05,SKU03357,117,0,7,31
2025-07-05,SKU03362,398,0,7,91
2025-07-05,SKU03520,337,0,7,93
2025-07-05,SKU03523,294,0,7,61
2025-07-05,SKU03580,98,0,7,20
2025-07-05,SKU03602,502,0,7,102
2025-07-05,SKU03627,349,0,7,81
2025-07-05,SKU03642,169,0,7,37
2025-07-05,SKU03709,490,0,7,124
2025-07-05,SKU03737,131,0,7,32
2025-07-05,SKU03805,295,0,7,72
2025-07-05,SKU03807,94,0,7,21
2025-07-05,SKU03839,550,0,7,93
2025-07-05,SKU03863,424,0,7,95
2025-07-05,SKU03864,301,0,7,73
2025-07-05,SKU03931,229,0,7,75
2025-07-05,SKU03932,413,0,7,83
2025-07-05,SKU03935,107,0,7,23
2025-07-05,SKU03941,145,0,7,47
2025-07-05,SKU03950,327,0,7,82
2025-07-05,SKU03975,123,0,7,23
2025-07-05,SKU04106,343,0,7,61
2025-07-05,SKU04142,622,0,7,133
2025-07-05,SKU04145,176,0,7,36
2025-07-05,SKU04215,433,0,7,87
2025-07-05,SKU04249,384,0,7,98
2025-07-05,SKU04442,489,0,7,92
2025-07-05,SKU04443,287,0,7,76
2025-07-05,SKU04605,228,0,7,47
2025-07-05,SKU04607,128,0,7,26
2025-07-05,SKU04641,267,0,7,56
2025-07-05,SKU04654,86,0,7,24
2025-07-05,SKU04757,114,0,7,30
2025-07-05,SKU04768,214,0,7,52
2025-07-05,SKU04771,265,0,7,80
2025-07-05,SKU04797,298,0,7,82
2025-07-05,SKU04798,181,0,7,55
2025-07-05,SKU04849,241,0,7,48
2025-07-06,SKU00105,226,0,7,42
2025-07-06,SKU00173,148,0,7,42
2025-07-06,SKU00186,242,0,7,56
2025-07-06,SKU00237,517,0,7,89
2025-07-06,SKU00251,155,0,7,30
2025-07-06,SKU00262,111,0,7,28
2025-07-06,SKU00385,352,0,7,59
2025-07-06,SKU00546,324,0,7,94
2025-07-06,SKU00550,172,0,7,45
2025-07-06,SKU00585,416,0,7,84
2025-07-06,SKU00592,311,0,7,90
2025-07-06,SKU00654,100,0,7,25
2025-07-06,SKU00699,377,0,7,65
2025-07-06,SKU00732,172,0,7,55
2025-07-06,SKU00749,244,0,7,51
2025-07-06,SKU00858,258,0,7,83
2025-07-06,SKU00894,138,0,7,29
2025-07-06,SKU00906,288,0,7,83
2025-07-06,SKU00986,261,0,7,68
2025-07-06,SKU01023,218,0,7,46
2025-07-06,SKU01042,149,0,7,45
2025-07-06,SKU01112,424,0,7,120
2025-07-06,SKU01167,245,0,7,43
2025-07-06,SKU01171,214,0,7,70
2025-07-06,SKU01174,319,0,7,71
2025-07-06,SKU01191,452,0,7,83
2025-07-06,SKU01256,328,0,7,92
2025-07-06,SKU01303,164,0,7,34
2025-07-06,SKU01337,755,0,7,144
2025-07-06,SKU01423,717,0,7,127
2025-07-06,SKU01538,435,0,7,97
2025-07-06,SKU01558,154,0,7,26
2025-07-06,SKU01605,264,0,7,73
2025-07-06,SKU01651,210,0,7,63
2025-07-06,SKU01696,122,0,7,30
2025-07-06,SKU01818,292,0,7,59
2025-07-06,SKU01828,114,0,7,21
2025-07-06,SKU01874,179,0,7,57
2025-07-06,SKU02014,391,0,7,66
2025-07-06,SKU02070,170,0,7,45
2025-07-06,SKU02112,347,0,7,100
2025-07-06,SKU02129,257,0,7,82
2025-07-06,SKU02164,71,0,7,20
2025-07-06,SKU02221,285,0,7,72
2025-07-06,SKU02248,411,0,7,98
2025-07-06,SKU02267,265,0,7,73
2025-07-06,SKU02279,254,0,7,46
2025-07-06,SKU02376,412,0,7,87
2025-07-06,SKU02387,328,0,7,62
2025-07-06,SKU02436,152,0,7,47
2025-07-06,SKU02514,575,0,7,99
2025-07-06,SKU02567,187,0,7,43
2025-07-06,SKU02580,313,0,7,88
2025-07-06,SKU02630,211,0,7,47
2025-07-06,SKU02686,92,0,7,21
2025-07-06,SKU02710,391,0,7,86
2025-07-06,SKU02768,74,0,7,22
2025-07-06,SKU02780,363,0,7,65
2025-07-06,SKU02911,123,0,7,31
2025-07-06,SKU03005,447,0,7,85
2025-07-06,SKU03014,85,0,7,21
2025-07-06,SKU03031,311,0,7,62
2025-07-06,SKU03089,334,0,7,88
2025-07-06,SKU03090,210,0,7,51
2025-07-06,SKU03092,109,0,7,34
2025-07-06,SKU03105,283,0,7,53
2025-07-06,SKU03115,372,0,7,67
2025-07-06,SKU03150,409,0,7,79
2025-07-06,SKU03173,230,0,7,42
2025-07-06,SKU03210,405,0,7,92
2025-07-06,SKU03220,262,0,7,80
2025-07-06,SKU03251,444,0,7,118
2025-07-06,SKU03257,386,0,7,79
2025-07-06,SKU03286,272,0,7,48
2025-07-06,SKU03349,156,0,7,47
2025-07-06,SKU03375,258,0,7,68
2025-07-06,SKU03436,245,0,7,73
2025-07-06,SKU03457,141,0,7,26
2025-07-06,SKU03467,96,0,7,23
2025-07-06,SKU03580,87,0,7,25
2025-07-06,SKU03609,254,0,7,65
2025-07-06,SKU03744,407,0,7,128
2025-07-06,SKU03749,380,0,7,77
2025-07-06,SKU03773,287,0,7,60
2025-07-06,SKU03805,154,0,7,32
2025-07-06,SKU03822,234,0,7,44
2025-07-06,SKU03839,221,0,7,71
2025-07-06,SKU03864,274,0,7,78
2025-07-06,SKU03932,192,0,7,49
2025-07-06,SKU03935,111,0,7,34
2025-07-06,SKU03950,281,0,7,84
2025-07-06,SKU03975,145,0,7,29
2025-07-06,SKU04019,361,0,7,99
2025-07-06,SKU04054,351,0,7,68
2025-07-06,SKU04073,523,0,7,92
2025-07-06,SKU04194,235,0,7,51
2025-07-06,SKU04217,117,0,7,38
2025-07-06,SKU04228,176,0,7,39
2025-07-06,SKU04425,165,0,7,51
2025-07-06,SKU04442,373,0,7,99
2025-07-06,SKU04468,393,0,7,73
2025-07-06,SKU04491,101,0,7,20
2025-07-06,SKU04526,504,0,7,124
2025-07-06,SKU04612,165,0,7,38
2025-07-06,SKU04636,153,0,7,26
2025-07-06,SKU04643,267,0,7,64
2025-07-06,SKU04653,427,0,7,98
2025-07-06,SKU04665,72,0,7,21
2025-07-06,SKU04726,433,0,7,79
2025-07-06,SKU04747,251,0,7,48
2025-07-06,SKU04797,372,0,7,88
2025-07-06,SKU04879,578,0,7,99
2025-07-06,SKU04887,345,0,7,69
2025-07-06,SKU04888,636,0,7,131
2025-07-06,SKU04902,572,0,7,96
2025-07-06,SKU04919,197,0,7,59
2025-07-06,SKU04987,111,0,7,23
2025-07-07,SKU00066,227,0,7,44
2025-07-07,SKU00237,585,0,7,99
2025-07-07,SKU00385,418,0,7,86
2025-07-07,SKU00401,285,0,7,67
2025-07-07,SKU00502,357,0,7,61
2025-07-07,SKU00532,307,0,7,62
2025-07-07,SKU00589,176,0,7,50
2025-07-07,SKU00721,390,0,7,92
2025-07-07,SKU00740,336,0,7,60
2025-07-07,SKU00758,220,0,7,62
2025-07-07,SKU00972,359,0,7,77
2025-07-07,SKU00978,467,0,7,91
2025-07-07,SKU00987,322,0,7,66
2025-07-07,SKU01042,246,0,7,60
2025-07-07,SKU01046,967,0,7,236
2025-07-07,SKU01070,322,0,7,54
2025-07-07,SKU01133,398,0,7,81
2025-07-07,SKU01229,291,0,7,65
2025-07-07,SKU01318,102,0,7,32
2025-07-07,SKU01605,637,0,7,139
2025-07-07,SKU01678,453,0,7,81
2025-07-07,SKU01770,98,0,7,28
2025-07-07,SKU01790,312,0,7,57
2025-07-07,SKU01830,498,0,7,93
2025-07-07,SKU01863,112,0,7,36
2025-07-07,SKU01903,164,0,7,36
2025-07-07,SKU01919,400,0,7,94
2025-07-07,SKU01939,214,0,7,55
2025-07-07,SKU01971,91,0,7,23
2025-07-07,SKU02055,501,0,7,87
2025-07-07,SKU02070,138,0,7,35
2025-07-07,SKU02075,198,0,7,36
2025-07-07,SKU02194,228,0,7,49
2025-07-07,SKU02279,675,0,7,184
2025-07-07,SKU02375,125,0,7,40
2025-07-07,SKU02376,335,0,7,83
2025-07-07,SKU02386,339,0,7,80
2025-07-07,SKU02501,306,0,7,79
2025-07-07,SKU02533,109,0,7,35
2025-07-07,SKU02534,227,0,7,42
2025-07-07,SKU02558,555,0,7,94
2025-07-07,SKU02700,366,0,7,98
2025-07-07,SKU02710,571,0,7,135
2025-07-07,SKU02718,309,0,7,88
2025-07-07,SKU02728,581,0,7,98
2025-07-07,SKU02780,332,0,7,71
2025-07-07,SKU02842,349,0,7,67
2025-07-07,SKU02938,196,0,7,62
2025-07-07,SKU03031,194,0,7,41
2025-07-07,SKU03090,345,0,7,100
2025-07-07,SKU03152,533,0,7,93
2025-07-07,SKU03179,236,0,7,77
2025-07-07,SKU03277,585,0,7,117
2025-07-07,SKU03357,355,0,7,74
2025-07-07,SKU03414,153,0,7,29
2025-07-07,SKU03428,349,0,7,88
2025-07-07,SKU03548,625,0,7,155
2025-07-07,SKU03574,242,0,7,48
2025-07-07,SKU03592,317,0,7,71
2025-07-07,SKU03602,292,0,7,72
2025-07-07,SKU03642,101,0,7,26
2025-07-07,SKU03744,257,0,7,62
2025-07-07,SKU03803,455,0,7,93
2025-07-07,SKU03805,332,0,7,62
2025-07-07,SKU03822,218,0,7,56
2025-07-07,SKU03863,275,0,7,87
2025-07-07,SKU03864,855,0,7,179
2025-07-07,SKU03931,305,0,7,91
2025-07-07,SKU03991,85,0,7,20
2025-07-07,SKU04153,507,0,7,98
2025-07-07,SKU04160,456,0,7,113
2025-07-07,SKU04194,533,0,7,132
2025-07-07,SKU04352,443,0,7,82
2025-07-07,SKU04401,550,0,7,92
2025-07-07,SKU04425,359,0,7,62
2025-07-07,SKU04468,263,0,7,62
2025-07-07,SKU04505,345,0,7,79
2025-07-07,SKU04580,298,0,7,79
2025-07-07,SKU04654,251,0,7,66
2025-07-07,SKU04741,204,0,7,57
2025-07-07,SKU04771,175,0,7,46
2025-07-07,SKU04854,374,0,7,99
2025-07-07,SKU04856,432,0,7,111
2025-07-07,SKU04887,423,0,7,85
2025-07-07,SKU04941,102,0,7,20
2025-07-08,SKU00140,262,0,7,73
2025-07-08,SKU00150,250,0,7,70
2025-07-08,SKU00305,306,0,7,67
2025-07-08,SKU00330,493,0,7,83
2025-07-08,SKU00331,173,0,7,29
2025-07-08,SKU00342,144,0,7,45
2025-07-08,SKU00385,252,0,7,73
2025-07-08,SKU00421,379,0,7,86
2025-07-08,SKU00462,437,0,7,78
2025-07-08,SKU00524,172,0,7,32
2025-07-08,SKU00550,204,0,7,45
2025-07-08,SKU00589,175,0,7,34
2025-07-08,SKU00699,142,0,7,43
2025-07-08,SKU00821,289,0,7,87
2025-07-08,SKU00906,384,0,7,80
2025-07-08,SKU00935,155,0,7,30
2025-07-08,SKU00991,220,0,7,60
2025-07-08,SKU01052,152,0,7,26
2025-07-08,SKU01104,522,0,7,100
2025-07-08,SKU01174,321,0,7,67
2025-07-08,SKU01256,143,0,7,24
2025-07-08,SKU01392,131,0,7,37
2025-07-08,SKU01396,405,0,7,78
2025-07-08,SKU01407,181,0,7,41
2025-07-08,SKU01558,303,0,7,85
2025-07-08,SKU01567,98,0,7,30
2025-07-08,SKU01580,108,0,7,20
2025-07-08,SKU01605,66,0,7,22
2025-07-08,SKU01645,165,0,7,43
2025-07-08,SKU01754,305,0,7,52
2025-07-08,SKU01770,210,0,7,68
2025-07-08,SKU01803,193,0,7,48
2025-07-08,SKU01818,395,0,7,71
2025-07-08,SKU01874,322,0,7,78
2025-07-08,SKU01906,187,0,7,54
2025-07-08,SKU01981,538,0,7,91
2025-07-08,SKU02038,243,0,7,55
2025-07-08,SKU02057,397,0,7,87
2025-07-08,SKU02075,186,0,7,54
2025-07-08,SKU02094,304,0,7,55
2025-07-08,SKU02104,185,0,7,45
2025-07-08,SKU02112,287,0,7,56
2025-07-08,SKU02114,126,0,7,26
2025-07-08,SKU02217,326,0,7,93
2025-07-08,SKU02253,278,0,7,53
2025-07-08,SKU02329,71,0,7,21
2025-07-08,SKU02386,127,0,7,22
2025-07-08,SKU02421,274,0,7,62
2025-07-08,SKU02472,263,0,7,83
2025-07-08,SKU02500,108,0,7,20
2025-07-08,SKU02533,117,0,7,24
2025-07-08,SKU02541,279,0,7,63
2025-07-08,SKU02567,260,0,7,74
2025-07-08,SKU02576,81,0,7,23
2025-07-08,SKU02590,796,0,7,182
2025-07-08,SKU02675,690,0,7,170
2025-07-08,SKU02710,315,0,7,86
2025-07-08,SKU02718,358,0,7,75
2025-07-08,SKU02763,95,0,7,24
2025-07-08,SKU02780,299,0,7,53
2025-07-08,SKU02794,186,0,7,38
2025-07-08,SKU02871,228,0,7,62
2025-07-08,SKU02911,215,0,7,40
2025-07-08,SKU02946,198,0,7,41
2025-07-08,SKU02999,423,0,7,101
2025-07-08,SKU03090,179,0,7,58
2025-07-08,SKU03105,396,0,7,93
2025-07-08,SKU03179,406,0,7,77
2025-07-08,SKU03311,233,0,7,77
2025-07-08,SKU03467,112,0,7,23
2025-07-08,SKU03484,324,0,7,56
2025-07-08,SKU03580,111,0,7,21
2025-07-08,SKU03582,294,0,7,60
2025-07-08,SKU03609,478,0,7,82
2025-07-08,SKU03805,207,0,7,64
2025-07-08,SKU03837,466,0,7,78
2025-07-08,SKU03839,484,0,7,83
2025-07-08,SKU03884,228,0,7,57
2025-07-08,SKU03950,518,0,7,105
2025-07-08,SKU03975,547,0,7,148
2025-07-08,SKU04054,445,0,7,75
2025-07-08,SKU04212,71,0,7,23
2025-07-08,SKU04217,671,0,7,135
2025-07-08,SKU04228,222,0,7,48
2025-07-08,SKU04236,212,0,7,42
2025-07-08,SKU04443,259,0,7,63
2025-07-08,SKU04499,109,0,7,22
2025-07-08,SKU04554,688,0,7,132
2025-07-08,SKU04561,327,0,7,64
2025-07-08,SKU04566,134,0,7,31
2025-07-08,SKU04591,498,0,7,94
2025-07-08,SKU04612,370,0,7,64
2025-07-08,SKU04653,261,0,7,52
2025-07-08,SKU04741,321,0,7,82
2025-07-08,SKU04753,126,0,7,33
2025-07-08,SKU04831,210,0,7,52
2025-07-08,SKU04958,499,0,7,90
2025-07-08,SKU04987,225,0,7,72
2025-07-08,SKU04996,336,0,7,73
2025-07-09,SKU00024,197,0,7,55
2025-07-09,SKU00032,337,0,7,66
2025-07-09,SKU00075,223,0,7,61
2025-07-09,SKU00083,282,0,7,94
2025-07-09,SKU00173,197,0,7,54
2025-07-09,SKU00342,492,0,7,83
2025-07-09,SKU00355,562,0,7,100
2025-07-09,SKU00449,132,0,7,38
2025-07-09,SKU00502,438,0,7,86
2025-07-09,SKU00571,263,0,7,50
2025-07-09,SKU00592,351,0,7,108
2025-07-09,SKU00650,175,0,7,32
2025-07-09,SKU00699,166,0,7,33
2025-07-09,SKU00706,436,0,7,98
2025-07-09,SKU00721,285,0,7,48
2025-07-09,SKU00740,117,0,7,21
2025-07-09,SKU00758,300,0,7,58
2025-07-09,SKU00860,165,0,7,32
2025-07-09,SKU00890,217,0,7,67
2025-07-09,SKU00936,257,0,7,50
2025-07-09,SKU00978,344,0,7,95
2025-07-09,SKU00987,168,0,7,49
2025-07-09,SKU01038,576,0,7,112
2025-07-09,SKU01070,233,0,7,64
2025-07-09,SKU01158,270,0,7,53
2025-07-09,SKU01179,129,0,7,42
2025-07-09,SKU01200,526,0,7,95
2025-07-09,SKU01224,415,0,7,77
2025-07-09,SKU01229,79,0,7,20
2025-07-09,SKU01256,361,0,7,89
2025-07-09,SKU01337,311,0,7,71
2025-07-09,SKU01339,223,0,7,45
2025-07-09,SKU01457,468,0,7,78
2025-07-09,SKU01495,140,0,7,30
2025-07-09,SKU01605,358,0,7,91
2025-07-09,SKU01684,191,0,7,41
2025-07-09,SKU01696,461,0,7,132
2025-07-09,SKU01770,785,0,7,170
2025-07-09,SKU01781,212,0,7,42
2025-07-09,SKU01851,120,0,7,30
2025-07-09,SKU01854,421,0,7,128
2025-07-09,SKU01970,327,0,7,91
2025-07-09,SKU01981,335,0,7,58
2025-07-09,SKU02014,465,0,7,87
2025-07-09,SKU02038,219,0,7,43
2025-07-09,SKU02057,219,0,7,44
2025-07-09,SKU02112,556,0,7,95
2025-07-09,SKU02114,242,0,7,80
2025-07-09,SKU02142,172,0,7,40
2025-07-09,SKU02194,310,0,7,75
2025-07-09,SKU02209,527,0,7,110
2025-07-09,SKU02267,330,0,7,89
2025-07-09,SKU02446,578,0,7,113
2025-07-09,SKU02519,203,0,7,45
2025-07-09,SKU02520,448,0,7,77
2025-07-09,SKU02533,177,0,7,34
2025-07-09,SKU02541,280,0,7,68
2025-07-09,SKU02710,186,0,7,35
2025-07-09,SKU02722,399,0,7,67
2025-07-09,SKU02780,431,0,7,98
2025-07-09,SKU02829,312,0,7,97
2025-07-09,SKU02871,108,0,7,22
2025-07-09,SKU02946,308,0,7,91
2025-07-09,SKU02999,159,0,7,45
2025-07-09,SKU03036,375,0,7,67
2025-07-09,SKU03090,289,0,7,67
2025-07-09,SKU03115,512,0,7,135
2025-07-09,SKU03129,237,0,7,40
2025-07-09,SKU03179,265,0,7,60
2025-07-09,SKU03210,293,0,7,57
2025-07-09,SKU03251,754,0,7,155
2025-07-09,SKU03266,223,0,7,63
2025-07-09,SKU03277,255,0,7,46
2025-07-09,SKU03284,179,0,7,39
2025-07-09,SKU03290,298,0,7,84
2025-07-09,SKU03295,578,0,7,123
2025-07-09,SKU03311,129,0,7,28
2025-07-09,SKU03320,166,0,7,45
2025-07-09,SKU03357,334,0,7,68
2025-07-09,SKU03484,220,0,7,59
2025-07-09,SKU03504,98,0,7,27
2025-07-09,SKU03548,230,0,7,45
2025-07-09,SKU03562,120,0,7,25
2025-07-09,SKU03582,222,0,7,65
2025-07-09,SKU03600,205,0,7,37
2025-07-09,SKU03823,488,0,7,93
2025-07-09,SKU04054,232,0,7,39
2025-07-09,SKU04147,307,0,7,75
2025-07-09,SKU04160,267,0,7,64
2025-07-09,SKU04217,729,0,7,149
2025-07-09,SKU04249,229,0,7,53
2025-07-09,SKU04409,483,0,7,92
2025-07-09,SKU04414,238,0,7,41
2025-07-09,SKU04532,552,0,7,110
2025-07-09,SKU04554,133,0,7,35
2025-07-09,SKU04561,357,0,7,100
2025-07-09,SKU04566,246,0,7,55
2025-07-09,SKU04636,154,0,7,34
2025-07-09,SKU04653,156,0,7,36
2025-07-09,SKU04665,319,0,7,96
2025-07-09,SKU04679,256,0,7,54
2025-07-09,SKU04747,270,0,7,51
2025-07-09,SKU04771,226,0,7,67
2025-07-09,SKU04791,142,0,7,26
2025-07-09,SKU04831,600,0,7,117
2025-07-09,SKU04854,424,0,7,90
2025-07-09,SKU04902,377,0,7,85
2025-07-10,SKU00032,169,0,7,54
2025-07-10,SKU00075,580,0,7,123
2025-07-10,SKU00083,126,0,7,27
2025-07-10,SKU00186,288,0,7,56
2025-07-10,SKU00240,149,0,7,29
2025-07-10,SKU00251,212,0,7,58
2025-07-10,SKU00305,175,0,7,50
2025-07-10,SKU00385,404,0,7,72
2025-07-10,SKU00389,443,0,7,90
2025-07-10,SKU00419,562,0,7,99
2025-07-10,SKU00462,129,0,7,22
2025-07-10,SKU00502,152,0,7,30
2025-07-10,SKU00532,218,0,7,39
2025-07-10,SKU00551,367,0,7,98
2025-07-10,SKU00571,524,0,7,93
2025-07-10,SKU00574,194,0,7,64
2025-07-10,SKU00585,389,0,7,85
2025-07-10,SKU00598,387,0,7,98
2025-07-10,SKU00691,178,0,7,59
2025-07-10,SKU00699,395,0,7,93
2025-07-10,SKU00706,414,0,7,82
2025-07-10,SKU00732,132,0,7,40
2025-07-10,SKU00758,197,0,7,56
2025-07-10,SKU00935,475,0,7,81
2025-07-10,SKU01034,167,0,7,29
2025-07-10,SKU01167,367,0,7,97
2025-07-10,SKU01174,512,0,7,111
2025-07-10,SKU01191,239,0,7,68
2025-07-10,SKU01224,404,0,7,75
2025-07-10,SKU01229,378,0,7,70
2025-07-10,SKU01264,429,0,7,76
2025-07-10,SKU01303,208,0,7,50
2025-07-10,SKU01356,479,0,7,98
2025-07-10,SKU01428,333,0,7,77
2025-07-10,SKU01538,283,0,7,67
2025-07-10,SKU01592,471,0,7,95
2025-07-10,SKU01605,221,0,7,55
2025-07-10,SKU01678,323,0,7,77
2025-07-10,SKU01822,197,0,7,44
2025-07-10,SKU01834,64,0,7,21
2025-07-10,SKU01851,130,0,7,32
2025-07-10,SKU01903,532,0,7,91
2025-07-10,SKU01906,159,0,7,34
2025-07-10,SKU01970,291,0,7,63
2025-07-10,SKU01981,677,0,7,161
2025-07-10,SKU02104,223,0,7,57
2025-07-10,SKU02114,346,0,7,92
2025-07-10,SKU02129,496,0,7,96
2025-07-10,SKU02172,340,0,7,96
2025-07-10,SKU02205,342,0,7,73
2025-07-10,SKU02209,119,0,7,26
2025-07-10,SKU02248,537,0,7,134
2025-07-10,SKU02277,124,0,7,37
2025-07-10,SKU02387,325,0,7,88
2025-07-10,SKU02472,288,0,7,67
2025-07-10,SKU02500,84,0,7,25
2025-07-10,SKU02501,388,0,7,67
2025-07-10,SKU02514,269,0,7,55
2025-07-10,SKU02639,367,0,7,67
2025-07-10,SKU02700,151,0,7,38
2025-07-10,SKU02722,67,0,7,20
2025-07-10,SKU02728,310,0,7,81
2025-07-10,SKU02842,190,0,7,52
2025-07-10,SKU03150,311,0,7,95
2025-07-10,SKU03257,171,0,7,37
2025-07-10,SKU03281,403,0,7,94
2025-07-10,SKU03291,155,0,7,35
2025-07-10,SKU03320,239,0,7,58
2025-07-10,SKU03347,397,0,7,68
2025-07-10,SKU03375,323,0,7,89
2025-07-10,SKU03454,296,0,7,62
2025-07-10,SKU03457,159,0,7,36
2025-07-10,SKU03523,341,0,7,77
2025-07-10,SKU03548,604,0,7,131
2025-07-10,SKU03603,162,0,7,37
2025-07-10,SKU03627,511,0,7,101
2025-07-10,SKU03634,91,0,7,25
2025-07-10,SKU03744,343,0,7,92
2025-07-10,SKU03773,252,0,7,63
2025-07-10,SKU03823,377,0,7,84
2025-07-10,SKU03848,106,0,7,20
2025-07-10,SKU03892,250,0,7,52
2025-07-10,SKU03932,270,0,7,55
2025-07-10,SKU03950,471,0,7,122
2025-07-10,SKU03968,446,0,7,87
2025-07-10,SKU04019,229,0,7,71
2025-07-10,SKU04054,351,0,7,88
2025-07-10,SKU04107,328,0,7,82
2025-07-10,SKU04142,284,0,7,53
2025-07-10,SKU04144,396,0,7,94
2025-07-10,SKU04215,183,0,7,50
2025-07-10,SKU04222,445,0,7,82
2025-07-10,SKU04228,61,0,7,20
2025-07-10,SKU04319,66,0,7,22
2025-07-10,SKU04412,239,0,7,68
2025-07-10,SKU04425,110,0,7,23
2025-07-10,SKU04505,190,0,7,35
2025-07-10,SKU04526,368,0,7,79
2025-07-10,SKU04641,283,0,7,70
2025-07-10,SKU04652,304,0,7,89
2025-07-10,SKU04664,138,0,7,42
2025-07-10,SKU04706,458,0,7,115
2025-07-10,SKU04747,325,0,7,82
2025-07-10,SKU04753,147,0,7,33
2025-07-10,SKU04771,471,0,7,96
2025-07-10,SKU04791,186,0,7,31
2025-07-10,SKU04849,162,0,7,29
2025-07-10,SKU04856,210,0,7,67
2025-07-10,SKU04901,423,0,7,87
2025-07-10,SKU04955,660,0,7,165
2025-07-10,SKU04996,229,0,7,51
2025-07-11,SKU00024,205,0,7,46
2025-07-11,SKU00127,355,0,7,92
2025-07-11,SKU00155,70,0,7,22
2025-07-11,SKU00170,255,0,7,67
2025-07-11,SKU00186,185,0,7,32
2025-07-11,SKU00237,319,0,7,64
2025-07-11,SKU00262,359,0,7,60
2025-07-11,SKU00317,117,0,7,38
2025-07-11,SKU00342,263,0,7,69
2025-07-11,SKU00350,456,0,7,77
2025-07-11,SKU00521,661,0,7,130
2025-07-11,SKU00585,497,0,7,88
2025-07-11,SKU00649,320,0,7,67
2025-07-11,SKU00682,403,0,7,93
2025-07-11,SKU00691,240,0,7,71
2025-07-11,SKU00734,517,0,7,96
2025-07-11,SKU00837,241,0,7,65
2025-07-11,SKU00954,222,0,7,72
2025-07-11,SKU00972,524,0,7,97
2025-07-11,SKU00978,119,0,7,21
2025-07-11,SKU01031,208,0,7,51
2025-07-11,SKU01133,368,0,7,97
2025-07-11,SKU01167,143,0,7,29
2025-07-11,SKU01174,454,0,7,80
2025-07-11,SKU01179,118,0,7,22
2025-07-11,SKU01337,82,0,7,21
2025-07-11,SKU01347,369,0,7,72
2025-07-11,SKU01392,259,0,7,69
2025-07-11,SKU01396,190,0,7,57
2025-07-11,SKU01407,427,0,7,87
2025-07-11,SKU01542,291,0,7,59
2025-07-11,SKU01567,440,0,7,94
2025-07-11,SKU01605,294,0,7,49
2025-07-11,SKU01651,299,0,7,54
2025-07-11,SKU01818,394,0,7,69
2025-07-11,SKU01863,232,0,7,53
2025-07-11,SKU01903,191,0,7,34
2025-07-11,SKU02112,283,0,7,86
2025-07-11,SKU02114,196,0,7,45
2025-07-11,SKU02128,224,0,7,64
2025-07-11,SKU02209,774,0,7,151
2025-07-11,SKU02290,165,0,7,35
2025-07-11,SKU02302,187,0,7,40
2025-07-11,SKU02331,261,0,7,83
2025-07-11,SKU02376,249,0,7,59
2025-07-11,SKU02408,125,0,7,32
2025-07-11,SKU02446,363,0,7,78
2025-07-11,SKU02471,410,0,7,74
2025-07-11,SKU02500,292,0,7,63
2025-07-11,SKU02541,481,0,7,94
2025-07-11,SKU02566,441,0,7,82
2025-07-11,SKU02630,86,0,7,23
2025-07-11,SKU02700,350,0,7,75
2025-07-11,SKU02710,509,0,7,98
2025-07-11,SKU02897,264,0,7,72
2025-07-11,SKU02907,607,0,7,165
2025-07-11,SKU02915,272,0,7,60
2025-07-11,SKU02969,406,0,7,75
2025-07-11,SKU02997,308,0,7,61
2025-07-11,SKU03058,105,0,7,28
2025-07-11,SKU03089,85,0,7,28
2025-07-11,SKU03090,176,0,7,39
2025-07-11,SKU03150,147,0,7,32
2025-07-11,SKU03179,197,0,7,48
2025-07-11,SKU03277,307,0,7,60
2025-07-11,SKU03284,172,0,7,52
2025-07-11,SKU03286,479,0,7,98
2025-07-11,SKU03347,495,0,7,98
2025-07-11,SKU03357,605,0,7,168
2025-07-11,SKU03375,258,0,7,45
2025-07-11,SKU03436,414,0,7,73
2025-07-11,SKU03457,279,0,7,56
2025-07-11,SKU03484,169,0,7,48
2025-07-11,SKU03493,318,0,7,58
2025-07-11,SKU03520,445,0,7,96
2025-07-11,SKU03609,448,0,7,133
2025-07-11,SKU03621,321,0,7,57
2025-07-11,SKU03627,897,0,7,199
2025-07-11,SKU03805,91,0,7,29
2025-07-11,SKU03837,201,0,7,36
2025-07-11,SKU03966,105,0,7,21
2025-07-11,SKU04106,172,0,7,31
2025-07-11,SKU04147,647,0,7,133
2025-07-11,SKU04153,336,0,7,59
2025-07-11,SKU04212,276,0,7,67
2025-07-11,SKU04265,224,0,7,51
2025-07-11,SKU04388,111,0,7,33
2025-07-11,SKU04442,849,0,7,160
2025-07-11,SKU04580,207,0,7,61
2025-07-11,SKU04591,362,0,7,75
2025-07-11,SKU04654,326,0,7,92
2025-07-11,SKU04665,328,0,7,60
2025-07-11,SKU04679,378,0,7,74
2025-07-11,SKU04693,609,0,7,117
2025-07-11,SKU04706,289,0,7,89
2025-07-11,SKU04757,370,0,7,80
2025-07-11,SKU04771,283,0,7,85
2025-07-11,SKU04856,317,0,7,59
2025-07-11,SKU04879,511,0,7,94
2025-07-11,SKU04887,567,0,7,97
2025-07-11,SKU04901,461,0,7,111
2025-07-11,SKU04945,118,0,7,26
2025-07-11,SKU04958,325,0,7,89
2025-07-11,SKU04987,206,0,7,52
2025-07-12,SKU00066,231,0,7,68
2025-07-12,SKU00075,159,0,7,43
2025-07-12,SKU00140,408,0,7,93
2025-07-12,SKU00355,219,0,7,53
2025-07-12,SKU00402,577,0,7,146
2025-07-12,SKU00532,126,0,7,34
2025-07-12,SKU00571,173,0,7,35
2025-07-12,SKU00598,150,0,7,45
2025-07-12,SKU00631,181,0,7,37
2025-07-12,SKU00654,184,0,7,31
2025-07-12,SKU00691,408,0,7,93
2025-07-12,SKU00767,111,0,7,22
2025-07-12,SKU00837,499,0,7,93
2025-07-12,SKU00894,245,0,7,43
2025-07-12,SKU00958,360,0,7,69
2025-07-12,SKU00986,244,0,7,43
2025-07-12,SKU01023,333,0,7,97
2025-07-12,SKU01052,389,0,7,89
2025-07-12,SKU01174,338,0,7,62
2025-07-12,SKU01229,510,0,7,94
2025-07-12,SKU01264,227,0,7,48
2025-07-12,SKU01303,122,0,7,34
2025-07-12,SKU01347,169,0,7,45
2025-07-12,SKU01356,299,0,7,79
2025-07-12,SKU01567,333,0,7,78
2025-07-12,SKU01592,377,0,7,77
2025-07-12,SKU01649,118,0,7,32
2025-07-12,SKU01696,260,0,7,53
2025-07-12,SKU01766,251,0,7,73
2025-07-12,SKU01781,223,0,7,53
2025-07-12,SKU01818,86,0,7,25
2025-07-12,SKU01830,344,0,7,74
2025-07-12,SKU01851,366,0,7,85
2025-07-12,SKU01854,392,0,7,93
2025-07-12,SKU01903,336,0,7,87
2025-07-12,SKU01915,313,0,7,77
2025-07-12,SKU01986,148,0,7,34
2025-07-12,SKU02128,134,0,7,33
2025-07-12,SKU02129,446,0,7,92
2025-07-12,SKU02142,343,0,7,65
2025-07-12,SKU02209,314,0,7,99
2025-07-12,SKU02211,344,0,7,59
2025-07-12,SKU02221,113,0,7,25
2025-07-12,SKU02329,141,0,7,36
2025-07-12,SKU02500,430,0,7,134
2025-07-12,SKU02520,160,0,7,35
2025-07-12,SKU02546,140,0,7,26
2025-07-12,SKU02580,534,0,7,89
2025-07-12,SKU02584,341,0,7,65
2025-07-12,SKU02630,440,0,7,93
2025-07-12,SKU02662,189,0,7,53
2025-07-12,SKU02686,258,0,7,76
2025-07-12,SKU02763,210,0,7,51
2025-07-12,SKU02780,347,0,7,70
2025-07-12,SKU02871,78,0,7,20
2025-07-12,SKU02938,329,0,7,56
2025-07-12,SKU03031,330,0,7,95
2025-07-12,SKU03043,389,0,7,96
2025-07-12,SKU03090,157,0,7,28
2025-07-12,SKU03139,176,0,7,55
2025-07-12,SKU03152,255,0,7,46
2025-07-12,SKU03177,304,0,7,69
2025-07-12,SKU03254,193,0,7,43
2025-07-12,SKU03281,237,0,7,67
2025-07-12,SKU03284,118,0,7,21
2025-07-12,SKU03290,183,0,7,41
2025-07-12,SKU03347,384,0,7,80
2025-07-12,SKU03349,375,0,7,84
2025-07-12,SKU03376,139,0,7,43
2025-07-12,SKU03414,463,0,7,93
2025-07-12,SKU03441,131,0,7,30
2025-07-12,SKU03523,318,0,7,57
2025-07-12,SKU03603,256,0,7,70
2025-07-12,SKU03621,376,0,7,77
2025-07-12,SKU03627,110,0,7,34
2025-07-12,SKU03749,346,0,7,74
2025-07-12,SKU03807,234,0,7,41
2025-07-12,SKU03828,391,0,7,108
2025-07-12,SKU03837,345,0,7,96
2025-07-12,SKU03975,456,0,7,80
2025-07-12,SKU04018,181,0,7,45
2025-07-12,SKU04107,215,0,7,47
2025-07-12,SKU04160,408,0,7,98
2025-07-12,SKU04215,335,0,7,99
2025-07-12,SKU04236,285,0,7,50
2025-07-12,SKU04249,177,0,7,48
2025-07-12,SKU04292,90,0,7,22
2025-07-12,SKU04352,159,0,7,52
2025-07-12,SKU04401,269,0,7,54
2025-07-12,SKU04442,98,0,7,31
2025-07-12,SKU04443,182,0,7,37
2025-07-12,SKU04475,515,0,7,132
2025-07-12,SKU04504,110,0,7,23
2025-07-12,SKU04532,686,0,7,142
2025-07-12,SKU04605,264,0,7,58
2025-07-12,SKU04612,182,0,7,34
2025-07-12,SKU04643,74,0,7,23
2025-07-12,SKU04665,490,0,7,82
2025-07-12,SKU04670,103,0,7,24
2025-07-12,SKU04726,120,0,7,27
2025-07-12,SKU04854,352,0,7,87
2025-07-12,SKU04856,480,0,7,86
2025-07-12,SKU04894,670,0,7,156
2025-07-12,SKU04919,238,0,7,53
2025-07-12,SKU04941,243,0,7,62
2025-07-13,SKU00075,267,0,7,61
2025-07-13,SKU00083,310,0,7,83
2025-07-13,SKU00127,481,0,7,87
2025-07-13,SKU00140,311,0,7,94
2025-07-13,SKU00155,321,0,7,57
2025-07-13,SKU00170,271,0,7,88
2025-07-13,SKU00240,195,0,7,33
2025-07-13,SKU00251,858,0,7,145
2025-07-13,SKU00317,132,0,7,22
2025-07-13,SKU00437,275,0,7,83
2025-07-13,SKU00449,329,0,7,71
2025-07-13,SKU00631,264,0,7,59
2025-07-13,SKU00649,139,0,7,34
2025-07-13,SKU00654,254,0,7,83
2025-07-13,SKU00721,233,0,7,41
2025-07-13,SKU00775,500,0,7,87
2025-07-13,SKU00935,170,0,7,54
2025-07-13,SKU00978,94,0,7,23
2025-07-13,SKU01017,112,0,7,21
2025-07-13,SKU01031,106,0,7,29
2025-07-13,SKU01038,221,0,7,45
2025-07-13,SKU01052,194,0,7,39
2025-07-13,SKU01174,541,0,7,95
2025-07-13,SKU01191,393,0,7,76
2025-07-13,SKU01224,357,0,7,90
2025-07-13,SKU01229,311,0,7,91
2025-07-13,SKU01428,236,0,7,55
2025-07-13,SKU01441,172,0,7,53
2025-07-13,SKU01495,189,0,7,46
2025-07-13,SKU01567,212,0,7,67
2025-07-13,SKU01580,185,0,7,39
2025-07-13,SKU01651,556,0,7,94
2025-07-13,SKU01674,386,0,7,66
2025-07-13,SKU01678,336,0,7,89
2025-07-13,SKU01770,152,0,7,29
2025-07-13,SKU01792,381,0,7,66
2025-07-13,SKU01822,401,0,7,95
2025-07-13,SKU01834,305,0,7,68
2025-07-13,SKU01854,149,0,7,28
2025-07-13,SKU01863,233,0,7,59
2025-07-13,SKU01874,156,0,7,31
2025-07-13,SKU01903,736,0,7,193
2025-07-13,SKU01911,266,0,7,57
2025-07-13,SKU02164,196,0,7,36
2025-07-13,SKU02194,342,0,7,58
2025-07-13,SKU02221,172,0,7,50
2025-07-13,SKU02387,137,0,7,32
2025-07-13,SKU02425,536,0,7,113
2025-07-13,SKU02463,387,0,7,66
2025-07-13,SKU02520,442,0,7,93
2025-07-13,SKU02576,191,0,7,57
2025-07-13,SKU02590,471,0,7,89
2025-07-13,SKU02681,307,0,7,63
2025-07-13,SKU02794,317,0,7,84
2025-07-13,SKU02964,396,0,7,72
2025-07-13,SKU03073,261,0,7,66
2025-07-13,SKU03090,303,0,7,57
2025-07-13,SKU03108,137,0,7,38
2025-07-13,SKU03115,838,0,7,187
2025-07-13,SKU03150,172,0,7,29
2025-07-13,SKU03230,106,0,7,32
2025-07-13,SKU03235,740,0,7,152
2025-07-13,SKU03251,272,0,7,53
2025-07-13,SKU03257,110,0,7,28
2025-07-13,SKU03311,206,0,7,57
2025-07-13,SKU03320,167,0,7,37
2025-07-13,SKU03454,231,0,7,47
2025-07-13,SKU03621,86,0,7,24
2025-07-13,SKU03642,378,0,7,97
2025-07-13,SKU03773,76,0,7,25
2025-07-13,SKU03807,505,0,7,88
2025-07-13,SKU03822,409,0,7,90
2025-07-13,SKU03892,146,0,7,26
2025-07-13,SKU04019,152,0,7,33
2025-07-13,SKU04054,754,0,7,173
2025-07-13,SKU04160,88,0,7,20
2025-07-13,SKU04222,419,0,7,72
2025-07-13,SKU04261,244,0,7,62
2025-07-13,SKU04319,751,0,7,138
2025-07-13,SKU04491,142,0,7,29
2025-07-13,SKU04554,483,0,7,98
2025-07-13,SKU04580,122,0,7,22
2025-07-13,SKU04653,364,0,7,67
2025-07-13,SKU04664,118,0,7,36
2025-07-13,SKU04670,408,0,7,74
2025-07-13,SKU04849,860,0,7,194
2025-07-13,SKU04902,632,0,7,133
2025-07-14,SKU00024,326,0,7,59
2025-07-14,SKU00032,252,0,7,61
2025-07-14,SKU00069,106,0,7,30
2025-07-14,SKU00090,467,0,7,83
2025-07-14,SKU00127,536,0,7,123
2025-07-14,SKU00150,135,0,7,30
2025-07-14,SKU00155,169,0,7,37
2025-07-14,SKU00170,241,0,7,56
2025-07-14,SKU00354,131,0,7,32
2025-07-14,SKU00355,297,0,7,53
2025-07-14,SKU00386,353,0,7,90
2025-07-14,SKU00389,190,0,7,33
2025-07-14,SKU00437,463,0,7,98
2025-07-14,SKU00462,478,0,7,83
2025-07-14,SKU00501,194,0,7,41
2025-07-14,SKU00535,222,0,7,72
2025-07-14,SKU00551,212,0,7,40
2025-07-14,SKU00553,411,0,7,73
2025-07-14,SKU00592,323,0,7,78
2025-07-14,SKU00631,365,0,7,84
2025-07-14,SKU00649,419,0,7,86
2025-07-14,SKU00837,203,0,7,58
2025-07-14,SKU00874,520,0,7,119
2025-07-14,SKU00935,147,0,7,42
2025-07-14,SKU00958,112,0,7,35
2025-07-14,SKU01031,448,0,7,96
2025-07-14,SKU01068,450,0,7,83
2025-07-14,SKU01347,187,0,7,47
2025-07-14,SKU01396,346,0,7,91
2025-07-14,SKU01538,190,0,7,44
2025-07-14,SKU01580,322,0,7,62
2025-07-14,SKU01643,159,0,7,41
2025-07-14,SKU01696,301,0,7,68
2025-07-14,SKU01805,303,0,7,91
2025-07-14,SKU01818,208,0,7,61
2025-07-14,SKU01822,513,0,7,116
2025-07-14,SKU01830,62,0,7,20
2025-07-14,SKU01874,495,0,7,83
2025-07-14,SKU01903,562,0,7,94
2025-07-14,SKU01919,137,0,7,25
2025-07-14,SKU01939,212,0,7,37
2025-07-14,SKU01986,156,0,7,27
2025-07-14,SKU02038,292,0,7,74
2025-07-14,SKU02103,277,0,7,49
2025-07-14,SKU02129,248,0,7,67
2025-07-14,SKU02211,263,0,7,80
2025-07-14,SKU02253,565,0,7,97
2025-07-14,SKU02279,435,0,7,78
2025-07-14,SKU02375,465,0,7,79
2025-07-14,SKU02514,442,0,7,90
2025-07-14,SKU02546,243,0,7,77
2025-07-14,SKU02590,343,0,7,86
2025-07-14,SKU02675,316,0,7,79
2025-07-14,SKU02710,495,0,7,86
2025-07-14,SKU02780,309,0,7,59
2025-07-14,SKU02822,266,0,7,61
2025-07-14,SKU03005,319,0,7,57
2025-07-14,SKU03014,318,0,7,65
2025-07-14,SKU03058,191,0,7,38
2025-07-14,SKU03092,538,0,7,98
2025-07-14,SKU03108,176,0,7,39
2025-07-14,SKU03139,99,0,7,29
2025-07-14,SKU03150,189,0,7,46
2025-07-14,SKU03152,244,0,7,42
2025-07-14,SKU03179,445,0,7,77
2025-07-14,SKU03254,414,0,7,83
2025-07-14,SKU03266,236,0,7,51
2025-07-14,SKU03277,288,0,7,61
2025-07-14,SKU03291,199,0,7,51
2025-07-14,SKU03357,206,0,7,49
2025-07-14,SKU03454,336,0,7,83
2025-07-14,SKU03484,277,0,7,72
2025-07-14,SKU03562,206,0,7,62
2025-07-14,SKU03580,725,0,7,141
2025-07-14,SKU03583,180,0,7,38
2025-07-14,SKU03602,368,0,7,80
2025-07-14,SKU03932,163,0,7,48
2025-07-14,SKU03941,96,0,7,22
2025-07-14,SKU04052,67,0,7,22
2025-07-14,SKU04102,366,0,7,98
2025-07-14,SKU04145,104,0,7,21
2025-07-14,SKU04215,290,0,7,76
2025-07-14,SKU04250,281,0,7,75
2025-07-14,SKU04442,366,0,7,69
2025-07-14,SKU04443,531,0,7,93
2025-07-14,SKU04654,346,0,7,97
2025-07-14,SKU04729,97,0,7,31
2025-07-14,SKU04753,363,0,7,64
2025-07-14,SKU04757,294,0,7,74
2025-07-14,SKU04771,200,0,7,55
2025-07-14,SKU04831,193,0,7,64
2025-07-14,SKU04905,239,0,7,63
2025-07-14,SKU04919,752,0,7,132
2025-07-14,SKU04941,418,0,7,81
2025-07-14,SKU04955,217,0,7,56
2025-07-14,SKU04987,310,0,7,88
2025-07-15,SKU00155,273,0,7,54
2025-07-15,SKU00167,510,0,7,86
2025-07-15,SKU00251,219,0,7,46
2025-07-15,SKU00354,136,0,7,29
2025-07-15,SKU00385,410,0,7,97
2025-07-15,SKU00401,844,0,7,203
2025-07-15,SKU00437,112,0,7,28
2025-07-15,SKU00449,120,0,7,38
2025-07-15,SKU00498,773,0,7,161
2025-07-15,SKU00502,255,0,7,85
2025-07-15,SKU00546,230,0,7,45
2025-07-15,SKU00645,408,0,7,69
2025-07-15,SKU00699,134,0,7,31
2025-07-15,SKU00749,139,0,7,27
2025-07-15,SKU00767,301,0,7,51
2025-07-15,SKU00821,211,0,7,44
2025-07-15,SKU00932,307,0,7,83
2025-07-15,SKU01034,372,0,7,78
2025-07-15,SKU01133,123,0,7,30
2025-07-15,SKU01179,515,0,7,89
2025-07-15,SKU01256,218,0,7,39
2025-07-15,SKU01340,666,0,7,170
2025-07-15,SKU01356,93,0,7,20
2025-07-15,SKU01433,151,0,7,38
2025-07-15,SKU01441,183,0,7,58
2025-07-15,SKU01542,324,0,7,77
2025-07-15,SKU01605,295,0,7,58
2025-07-15,SKU01696,241,0,7,49
2025-07-15,SKU01754,120,0,7,38
2025-07-15,SKU01790,331,0,7,98
2025-07-15,SKU01818,100,0,7,26
2025-07-15,SKU01827,179,0,7,43
2025-07-15,SKU01830,620,0,7,143
2025-07-15,SKU01834,280,0,7,82
2025-07-15,SKU01851,395,0,7,96
2025-07-15,SKU01854,181,0,7,50
2025-07-15,SKU01857,81,0,7,22
2025-07-15,SKU01880,220,0,7,72
2025-07-15,SKU02057,153,0,7,27
2025-07-15,SKU02164,407,0,7,95
2025-07-15,SKU02217,429,0,7,93
2025-07-15,SKU02302,424,0,7,84
2025-07-15,SKU02331,101,0,7,29
2025-07-15,SKU02463,268,0,7,80
2025-07-15,SKU02471,267,0,7,64
2025-07-15,SKU02472,209,0,7,39
2025-07-15,SKU02567,436,0,7,99
2025-07-15,SKU02576,270,0,7,74
2025-07-15,SKU02630,213,0,7,50
2025-07-15,SKU02710,149,0,7,40
2025-07-15,SKU02728,117,0,7,27
2025-07-15,SKU02763,83,0,7,20
2025-07-15,SKU02871,356,0,7,67
2025-07-15,SKU02997,213,0,7,50
2025-07-15,SKU03089,397,0,7,69
2025-07-15,SKU03139,94,0,7,24
2025-07-15,SKU03192,374,0,7,64
2025-07-15,SKU03251,381,0,7,65
2025-07-15,SKU03291,168,0,7,31
2025-07-15,SKU03295,309,0,7,56
2025-07-15,SKU03375,298,0,7,62
2025-07-15,SKU03428,329,0,7,68
2025-07-15,SKU03436,412,0,7,77
2025-07-15,SKU03504,401,0,7,91
2025-07-15,SKU03562,296,0,7,62
2025-07-15,SKU03580,82,0,7,20
2025-07-15,SKU03592,178,0,7,30
2025-07-15,SKU03773,231,0,7,54
2025-07-15,SKU03833,699,0,7,137
2025-07-15,SKU03863,180,0,7,33
2025-07-15,SKU03884,733,0,7,187
2025-07-15,SKU03892,462,0,7,94
2025-07-15,SKU03931,284,0,7,85
2025-07-15,SKU03935,181,0,7,32
2025-07-15,SKU03941,196,0,7,44
2025-07-15,SKU03961,298,0,7,56
2025-07-15,SKU04142,324,0,7,66
2025-07-15,SKU04145,264,0,7,54
2025-07-15,SKU04152,218,0,7,60
2025-07-15,SKU04212,161,0,7,53
2025-07-15,SKU04392,324,0,7,65
2025-07-15,SKU04401,415,0,7,92
2025-07-15,SKU04470,263,0,7,58
2025-07-15,SKU04491,115,0,7,37
2025-07-15,SKU04653,258,0,7,53
2025-07-15,SKU04665,727,0,7,138
2025-07-15,SKU04693,305,0,7,70
2025-07-15,SKU04795,197,0,7,54
2025-07-15,SKU04831,137,0,7,45
2025-07-15,SKU04902,336,0,7,73
2025-07-15,SKU04955,185,0,7,51
2025-07-15,SKU04987,325,0,7,75
2025-07-16,SKU00150,216,0,7,48
2025-07-16,SKU00186,426,0,7,82
2025-07-16,SKU00330,324,0,7,81
2025-07-16,SKU00350,149,0,7,25
2025-07-16,SKU00354,273,0,7,85
2025-07-16,SKU00371,350,0,7,74
2025-07-16,SKU00462,220,0,7,65
2025-07-16,SKU00498,557,0,7,98
2025-07-16,SKU00501,399,0,7,112
2025-07-16,SKU00535,494,0,7,124
2025-07-16,SKU00553,213,0,7,42
2025-07-16,SKU00585,409,0,7,86
2025-07-16,SKU00589,481,0,7,91
2025-07-16,SKU00645,356,0,7,67
2025-07-16,SKU00650,641,0,7,142
2025-07-16,SKU00662,291,0,7,80
2025-07-16,SKU00706,575,0,7,136
2025-07-16,SKU00855,432,0,7,82
2025-07-16,SKU00874,185,0,7,33
2025-07-16,SKU00965,431,0,7,100
2025-07-16,SKU00978,204,0,7,41
2025-07-16,SKU00986,120,0,7,29
2025-07-16,SKU00987,481,0,7,97
2025-07-16,SKU01017,178,0,7,40
2025-07-16,SKU01042,198,0,7,46
2025-07-16,SKU01187,279,0,7,80
2025-07-16,SKU01264,478,0,7,83
2025-07-16,SKU01457,85,0,7,24
2025-07-16,SKU01542,373,0,7,70
2025-07-16,SKU01567,290,0,7,91
2025-07-16,SKU01580,425,0,7,96
2025-07-16,SKU01605,163,0,7,44
2025-07-16,SKU01651,280,0,7,74
2025-07-16,SKU01674,111,0,7,28
2025-07-16,SKU01675,656,0,7,167
2025-07-16,SKU01678,548,0,7,93
2025-07-16,SKU01827,97,0,7,30
2025-07-16,SKU01828,265,0,7,53
2025-07-16,SKU01834,111,0,7,32
2025-07-16,SKU01854,176,0,7,39
2025-07-16,SKU01863,109,0,7,31
2025-07-16,SKU01919,254,0,7,81
2025-07-16,SKU02217,186,0,7,43
2025-07-16,SKU02248,72,0,7,23
2025-07-16,SKU02290,165,0,7,32
2025-07-16,SKU02331,372,0,7,78
2025-07-16,SKU02351,290,0,7,73
2025-07-16,SKU02376,454,0,7,76
2025-07-16,SKU02386,243,0,7,53
2025-07-16,SKU02421,323,0,7,87
2025-07-16,SKU02471,72,0,7,22
2025-07-16,SKU02520,296,0,7,64
2025-07-16,SKU02639,327,0,7,96
2025-07-16,SKU02700,514,0,7,93
2025-07-16,SKU02710,465,0,7,90
2025-07-16,SKU02822,431,0,7,98
2025-07-16,SKU02871,315,0,7,97
2025-07-16,SKU02907,115,0,7,32
2025-07-16,SKU02915,117,0,7,34
2025-07-16,SKU02997,536,0,7,96
2025-07-16,SKU03005,311,0,7,59
2025-07-16,SKU03089,210,0,7,56
2025-07-16,SKU03152,587,0,7,143
2025-07-16,SKU03284,385,0,7,65
2025-07-16,SKU03290,372,0,7,88
2025-07-16,SKU03291,445,0,7,78
2025-07-16,SKU03362,183,0,7,34
2025-07-16,SKU03457,501,0,7,90
2025-07-16,SKU03548,157,0,7,27
2025-07-16,SKU03574,432,0,7,79
2025-07-16,SKU03592,295,0,7,62
2025-07-16,SKU03600,196,0,7,44
2025-07-16,SKU03609,836,0,7,172
2025-07-16,SKU03627,286,0,7,52
2025-07-16,SKU03822,356,0,7,68
2025-07-16,SKU03833,391,0,7,96
2025-07-16,SKU03837,308,0,7,54
2025-07-16,SKU03839,413,0,7,71
2025-07-16,SKU03950,142,0,7,41
2025-07-16,SKU03975,459,0,7,77
2025-07-16,SKU04053,276,0,7,71
2025-07-16,SKU04054,271,0,7,76
2025-07-16,SKU04073,383,0,7,91
2025-07-16,SKU04142,149,0,7,44
2025-07-16,SKU04409,434,0,7,73
2025-07-16,SKU04505,397,0,7,96
2025-07-16,SKU04654,150,0,7,44
2025-07-16,SKU04670,285,0,7,92
2025-07-16,SKU04726,433,0,7,76
2025-07-16,SKU04757,432,0,7,89
2025-07-16,SKU04849,291,0,7,72
2025-07-17,SKU00075,200,0,7,39
2025-07-17,SKU00150,341,0,7,74
2025-07-17,SKU00155,402,0,7,116
2025-07-17,SKU00170,460,0,7,82
2025-07-17,SKU00186,104,0,7,21
2025-07-17,SKU00237,567,0,7,112
2025-07-17,SKU00330,484,0,7,100
2025-07-17,SKU00371,351,0,7,75
2025-07-17,SKU00419,539,0,7,151
2025-07-17,SKU00421,237,0,7,41
2025-07-17,SKU00501,540,0,7,122
2025-07-17,SKU00502,378,0,7,91
2025-07-17,SKU00524,348,0,7,71
2025-07-17,SKU00550,505,0,7,95
2025-07-17,SKU00592,292,0,7,71
2025-07-17,SKU00645,149,0,7,48
2025-07-17,SKU00699,489,0,7,97
2025-07-17,SKU00758,328,0,7,66
2025-07-17,SKU00855,214,0,7,41
2025-07-17,SKU00972,502,0,7,92
2025-07-17,SKU00986,243,0,7,62
2025-07-17,SKU00991,275,0,7,56
2025-07-17,SKU01052,156,0,7,45
2025-07-17,SKU01070,125,0,7,35
2025-07-17,SKU01174,279,0,7,59
2025-07-17,SKU01347,440,0,7,96
2025-07-17,SKU01423,261,0,7,61
2025-07-17,SKU01428,526,0,7,94
2025-07-17,SKU01433,503,0,7,120
2025-07-17,SKU01538,322,0,7,87
2025-07-17,SKU01542,545,0,7,99
2025-07-17,SKU01568,153,0,7,47
2025-07-17,SKU01582,318,0,7,63
2025-07-17,SKU01717,328,0,7,98
2025-07-17,SKU01754,654,0,7,121
2025-07-17,SKU01822,322,0,7,68
2025-07-17,SKU01830,246,0,7,56
2025-07-17,SKU01863,299,0,7,59
2025-07-17,SKU01880,638,0,7,125
2025-07-17,SKU02014,656,0,7,132
2025-07-17,SKU02038,216,0,7,54
2025-07-17,SKU02055,513,0,7,95
2025-07-17,SKU02064,418,0,7,74
2025-07-17,SKU02075,171,0,7,51
2025-07-17,SKU02142,284,0,7,53
2025-07-17,SKU02172,200,0,7,54
2025-07-17,SKU02205,548,0,7,93
2025-07-17,SKU02217,262,0,7,54
2025-07-17,SKU02267,327,0,7,67
2025-07-17,SKU02279,471,0,7,99
2025-07-17,SKU02387,153,0,7,27
2025-07-17,SKU02408,178,0,7,44
2025-07-17,SKU02472,243,0,7,56
2025-07-17,SKU02534,243,0,7,69
2025-07-17,SKU02541,484,0,7,93
2025-07-17,SKU02566,307,0,7,68
2025-07-17,SKU02626,846,0,7,172
2025-07-17,SKU02639,444,0,7,74
2025-07-17,SKU02871,422,0,7,85
2025-07-17,SKU02897,465,0,7,93
2025-07-17,SKU02938,656,0,7,125
2025-07-17,SKU02969,321,0,7,63
2025-07-17,SKU03036,406,0,7,71
2025-07-17,SKU03073,211,0,7,61
2025-07-17,SKU03115,351,0,7,98
2025-07-17,SKU03129,324,0,7,94
2025-07-17,SKU03173,193,0,7,59
2025-07-17,SKU03177,194,0,7,63
2025-07-17,SKU03230,247,0,7,57
2025-07-17,SKU03251,204,0,7,68
2025-07-17,SKU03266,355,0,7,98
2025-07-17,SKU03286,149,0,7,36
2025-07-17,SKU03357,745,0,7,176
2025-07-17,SKU03362,303,0,7,59
2025-07-17,SKU03376,403,0,7,71
2025-07-17,SKU03492,383,0,7,72
2025-07-17,SKU03504,417,0,7,116
2025-07-17,SKU03574,297,0,7,60
2025-07-17,SKU03600,234,0,7,74
2025-07-17,SKU03803,236,0,7,70
2025-07-17,SKU03805,249,0,7,51
2025-07-17,SKU03932,214,0,7,39
2025-07-17,SKU03935,192,0,7,58
2025-07-17,SKU03950,467,0,7,100
2025-07-17,SKU03991,241,0,7,55
2025-07-17,SKU04052,429,0,7,97
2025-07-17,SKU04054,431,0,7,88
2025-07-17,SKU04118,398,0,7,89
2025-07-17,SKU04144,130,0,7,42
2025-07-17,SKU04215,427,0,7,76
2025-07-17,SKU04249,73,0,7,24
2025-07-17,SKU04250,358,0,7,85
2025-07-17,SKU04261,466,0,7,78
2025-07-17,SKU04425,463,0,7,123
2025-07-17,SKU04468,297,0,7,61
2025-07-17,SKU04491,490,0,7,86
2025-07-17,SKU04591,318,0,7,83
2025-07-17,SKU04641,139,0,7,33
2025-07-17,SKU04665,98,0,7,20
2025-07-17,SKU04690,370,0,7,93
2025-07-17,SKU04747,311,0,7,54
2025-07-17,SKU04753,571,0,7,130
2025-07-17,SKU04757,269,0,7,51
2025-07-17,SKU04771,250,0,7,45
2025-07-17,SKU04856,573,0,7,167
2025-07-17,SKU04901,187,0,7,40
2025-07-17,SKU04905,168,0,7,39
2025-07-17,SKU04945,169,0,7,49
2025-07-17,SKU04958,329,0,7,60
2025-07-17,SKU04987,381,0,7,85
2025-07-18,SKU00012,305,0,7,69
2025-07-18,SKU00317,376,0,7,75
2025-07-18,SKU00524,406,0,7,92
2025-07-18,SKU00532,167,0,7,41
2025-07-18,SKU00574,243,0,7,58
2025-07-18,SKU00654,224,0,7,59
2025-07-18,SKU00699,341,0,7,75
2025-07-18,SKU00721,421,0,7,73
2025-07-18,SKU00740,225,0,7,65
2025-07-18,SKU00837,125,0,7,39
2025-07-18,SKU00965,433,0,7,75
2025-07-18,SKU00987,267,0,7,73
2025-07-18,SKU01038,213,0,7,54
2025-07-18,SKU01063,187,0,7,57
2025-07-18,SKU01112,247,0,7,78
2025-07-18,SKU01174,574,0,7,133
2025-07-18,SKU01339,1013,0,7,210
2025-07-18,SKU01356,179,0,7,39
2025-07-18,SKU01423,202,0,7,49
2025-07-18,SKU01558,196,0,7,40
2025-07-18,SKU01567,165,0,7,46
2025-07-18,SKU01568,668,0,7,147
2025-07-18,SKU01605,131,0,7,22
2025-07-18,SKU01645,282,0,7,49
2025-07-18,SKU01754,287,0,7,59
2025-07-18,SKU01770,535,0,7,120
2025-07-18,SKU01803,662,0,7,134
2025-07-18,SKU01805,445,0,7,92
2025-07-18,SKU01827,317,0,7,96
2025-07-18,SKU01854,220,0,7,37
2025-07-18,SKU01903,175,0,7,46
2025-07-18,SKU01911,209,0,7,44
2025-07-18,SKU01970,112,0,7,27
2025-07-18,SKU02064,137,0,7,41
2025-07-18,SKU02094,254,0,7,76
2025-07-18,SKU02104,413,0,7,104
2025-07-18,SKU02112,204,0,7,41
2025-07-18,SKU02209,174,0,7,36
2025-07-18,SKU02224,89,0,7,23
2025-07-18,SKU02267,582,0,7,143
2025-07-18,SKU02302,363,0,7,61
2025-07-18,SKU02386,660,0,7,182
2025-07-18,SKU02387,79,0,7,20
2025-07-18,SKU02436,397,0,7,68
2025-07-18,SKU02520,224,0,7,68
2025-07-18,SKU02630,291,0,7,49
2025-07-18,SKU02681,173,0,7,40
2025-07-18,SKU02780,389,0,7,74
2025-07-18,SKU02822,298,0,7,59
2025-07-18,SKU02938,100,0,7,33
2025-07-18,SKU02999,109,0,7,24
2025-07-18,SKU03089,117,0,7,32
2025-07-18,SKU03115,126,0,7,25
2025-07-18,SKU03129,167,0,7,36
2025-07-18,SKU03266,250,0,7,52
2025-07-18,SKU03295,186,0,7,53
2025-07-18,SKU03493,459,0,7,95
2025-07-18,SKU03504,382,0,7,70
2025-07-18,SKU03600,166,0,7,30
2025-07-18,SKU03609,463,0,7,89
2025-07-18,SKU03737,202,0,7,52
2025-07-18,SKU03740,236,0,7,44
2025-07-18,SKU03744,150,0,7,27
2025-07-18,SKU03803,260,0,7,71
2025-07-18,SKU03864,95,0,7,29
2025-07-18,SKU03932,294,0,7,70
2025-07-18,SKU04048,165,0,7,35
2025-07-18,SKU04073,300,0,7,78
2025-07-18,SKU04158,266,0,7,51
2025-07-18,SKU04160,372,0,7,82
2025-07-18,SKU04215,154,0,7,37
2025-07-18,SKU04228,364,0,7,83
2025-07-18,SKU04292,131,0,7,32
2025-07-18,SKU04414,235,0,7,59
2025-07-18,SKU04475,217,0,7,63
2025-07-18,SKU04491,81,0,7,25
2025-07-18,SKU04526,394,0,7,91
2025-07-18,SKU04612,303,0,7,53
2025-07-18,SKU04670,312,0,7,96
2025-07-18,SKU04729,421,0,7,75
2025-07-18,SKU04747,455,0,7,92
2025-07-18,SKU04798,204,0,7,59
2025-07-18,SKU04849,197,0,7,43
2025-07-18,SKU04901,495,0,7,84
2025-07-18,SKU04953,481,0,7,94
2025-07-18,SKU04958,284,0,7,87
2025-07-18,SKU05000,210,0,7,62
2025-07-19,SKU00052,180,0,7,45
2025-07-19,SKU00083,678,0,7,140
2025-07-19,SKU00140,241,0,7,53
2025-07-19,SKU00150,382,0,7,81
2025-07-19,SKU00251,82,0,7,21
2025-07-19,SKU00262,322,0,7,77
2025-07-19,SKU00305,325,0,7,72
2025-07-19,SKU00350,796,0,7,142
2025-07-19,SKU00386,209,0,7,65
2025-07-19,SKU00437,758,0,7,155
2025-07-19,SKU00462,179,0,7,30
2025-07-19,SKU00501,259,0,7,76
2025-07-19,SKU00638,283,0,7,49
2025-07-19,SKU00654,135,0,7,23
2025-07-19,SKU00837,492,0,7,84
2025-07-19,SKU00855,185,0,7,60
2025-07-19,SKU00874,276,0,7,58
2025-07-19,SKU00936,452,0,7,91
2025-07-19,SKU00978,181,0,7,37
2025-07-19,SKU01038,173,0,7,38
2025-07-19,SKU01042,619,0,7,123
2025-07-19,SKU01046,139,0,7,37
2025-07-19,SKU01052,277,0,7,91
2025-07-19,SKU01063,689,0,7,127
2025-07-19,SKU01104,817,0,7,192
2025-07-19,SKU01187,359,0,7,65
2025-07-19,SKU01303,392,0,7,94
2025-07-19,SKU01337,311,0,7,89
2025-07-19,SKU01356,263,0,7,49
2025-07-19,SKU01392,421,0,7,81
2025-07-19,SKU01441,458,0,7,79
2025-07-19,SKU01538,420,0,7,86
2025-07-19,SKU01558,455,0,7,96
2025-07-19,SKU01605,265,0,7,82
2025-07-19,SKU01649,272,0,7,72
2025-07-19,SKU01674,194,0,7,57
2025-07-19,SKU01733,196,0,7,34
2025-07-19,SKU01762,164,0,7,28
2025-07-19,SKU01781,256,0,7,45
2025-07-19,SKU01790,429,0,7,85
2025-07-19,SKU01792,514,0,7,93
2025-07-19,SKU01805,304,0,7,60
2025-07-19,SKU01822,190,0,7,36
2025-07-19,SKU01834,465,0,7,85
2025-07-19,SKU01863,518,0,7,96
2025-07-19,SKU01919,239,0,7,61
2025-07-19,SKU01981,166,0,7,49
2025-07-19,SKU02070,769,0,7,190
2025-07-19,SKU02104,190,0,7,39
2025-07-19,SKU02255,155,0,7,43
2025-07-19,SKU02375,363,0,7,64
2025-07-19,SKU02387,243,0,7,78
2025-07-19,SKU02421,250,0,7,51
2025-07-19,SKU02446,345,0,7,85
2025-07-19,SKU02514,288,0,7,77
2025-07-19,SKU02519,288,0,7,91
2025-07-19,SKU02546,142,0,7,33
2025-07-19,SKU02580,143,0,7,41
2025-07-19,SKU02728,155,0,7,48
2025-07-19,SKU02946,186,0,7,53
2025-07-19,SKU02964,148,0,7,41
2025-07-19,SKU02999,207,0,7,42
2025-07-19,SKU03139,231,0,7,63
2025-07-19,SKU03281,504,0,7,90
2025-07-19,SKU03357,152,0,7,27
2025-07-19,SKU03362,142,0,7,43
2025-07-19,SKU03376,299,0,7,82
2025-07-19,SKU03428,380,0,7,94
2025-07-19,SKU03454,449,0,7,80
2025-07-19,SKU03484,163,0,7,31
2025-07-19,SKU03493,394,0,7,69
2025-07-19,SKU03504,386,0,7,88
2025-07-19,SKU03520,682,0,7,142
2025-07-19,SKU03574,268,0,7,57
2025-07-19,SKU03600,515,0,7,133
2025-07-19,SKU03602,172,0,7,53
2025-07-19,SKU03603,244,0,7,48
2025-07-19,SKU03624,344,0,7,61
2025-07-19,SKU03634,184,0,7,40
2025-07-19,SKU03642,396,0,7,71
2025-07-19,SKU03740,279,0,7,62
2025-07-19,SKU03749,462,0,7,80
2025-07-19,SKU03803,191,0,7,48
2025-07-19,SKU03833,277,0,7,54
2025-07-19,SKU03837,121,0,7,27
2025-07-19,SKU03863,389,0,7,78
2025-07-19,SKU03975,156,0,7,45
2025-07-19,SKU04052,118,0,7,31
2025-07-19,SKU04053,156,0,7,35
2025-07-19,SKU04107,286,0,7,82
2025-07-19,SKU04144,308,0,7,83
2025-07-19,SKU04194,458,0,7,99
2025-07-19,SKU04215,245,0,7,54
2025-07-19,SKU04236,617,0,7,117
2025-07-19,SKU04392,328,0,7,89
2025-07-19,SKU04409,147,0,7,33
2025-07-19,SKU04412,296,0,7,57
2025-07-19,SKU04443,385,0,7,85
2025-07-19,SKU04554,262,0,7,46
2025-07-19,SKU04636,239,0,7,60
2025-07-19,SKU04643,172,0,7,37
2025-07-19,SKU04653,580,0,7,100
2025-07-19,SKU04679,232,0,7,40
2025-07-19,SKU04690,215,0,7,41
2025-07-19,SKU04729,139,0,7,42
2025-07-19,SKU04757,149,0,7,27
2025-07-19,SKU04768,670,0,7,151
2025-07-19,SKU04791,329,0,7,65
2025-07-19,SKU04887,205,0,7,44
2025-07-19,SKU04894,397,0,7,92
2025-07-19,SKU04919,196,0,7,42
2025-07-20,SKU00069,331,0,7,57
2025-07-20,SKU00090,162,0,7,33
2025-07-20,SKU00127,145,0,7,40
2025-07-20,SKU00155,377,0,7,75
2025-07-20,SKU00251,149,0,7,38
2025-07-20,SKU00317,537,0,7,140
2025-07-20,SKU00507,128,0,7,30
2025-07-20,SKU00524,87,0,7,25
2025-07-20,SKU00532,154,0,7,48
2025-07-20,SKU00535,528,0,7,93
2025-07-20,SKU00546,269,0,7,58
2025-07-20,SKU00551,285,0,7,53
2025-07-20,SKU00553,508,0,7,90
2025-07-20,SKU00598,168,0,7,41
2025-07-20,SKU00649,147,0,7,47
2025-07-20,SKU00721,212,0,7,40
2025-07-20,SKU00732,87,0,7,20
2025-07-20,SKU00775,256,0,7,58
2025-07-20,SKU00788,316,0,7,57
2025-07-20,SKU00855,644,0,7,139
2025-07-20,SKU00894,344,0,7,84
2025-07-20,SKU00906,510,0,7,98
2025-07-20,SKU01031,389,0,7,112
2025-07-20,SKU01042,412,0,7,78
2025-07-20,SKU01070,141,0,7,45
2025-07-20,SKU01158,321,0,7,67
2025-07-20,SKU01171,137,0,7,34
2025-07-20,SKU01179,226,0,7,41
2025-07-20,SKU01224,302,0,7,66
2025-07-20,SKU01287,374,0,7,67
2025-07-20,SKU01310,349,0,7,76
2025-07-20,SKU01337,308,0,7,60
2025-07-20,SKU01356,197,0,7,59
2025-07-20,SKU01423,95,0,7,21
2025-07-20,SKU01433,204,0,7,64
2025-07-20,SKU01643,302,0,7,100
2025-07-20,SKU01684,66,0,7,20
2025-07-20,SKU01790,260,0,7,58
2025-07-20,SKU01792,136,0,7,24
2025-07-20,SKU01818,523,0,7,98
2025-07-20,SKU01822,484,0,7,87
2025-07-20,SKU01834,230,0,7,63
2025-07-20,SKU01874,488,0,7,85
2025-07-20,SKU01903,139,0,7,27
2025-07-20,SKU01981,233,0,7,39
2025-07-20,SKU02014,103,0,7,33
2025-07-20,SKU02128,441,0,7,77
2025-07-20,SKU02205,125,0,7,39
2025-07-20,SKU02221,115,0,7,23
2025-07-20,SKU02375,142,0,7,38
2025-07-20,SKU02514,290,0,7,84
2025-07-20,SKU02519,293,0,7,80
2025-07-20,SKU02534,346,0,7,77
2025-07-20,SKU02558,185,0,7,52
2025-07-20,SKU02567,165,0,7,31
2025-07-20,SKU02576,231,0,7,40
2025-07-20,SKU02639,276,0,7,84
2025-07-20,SKU02710,136,0,7,28
2025-07-20,SKU02794,302,0,7,59
2025-07-20,SKU02969,379,0,7,82
2025-07-20,SKU03058,325,0,7,100
2025-07-20,SKU03073,340,0,7,63
2025-07-20,SKU03108,539,0,7,114
2025-07-20,SKU03177,256,0,7,52
2025-07-20,SKU03311,209,0,7,38
2025-07-20,SKU03349,290,0,7,89
2025-07-20,SKU03362,302,0,7,64
2025-07-20,SKU03457,327,0,7,74
2025-07-20,SKU03520,162,0,7,43
2025-07-20,SKU03574,115,0,7,22
2025-07-20,SKU03580,272,0,7,60
2025-07-20,SKU03583,365,0,7,78
2025-07-20,SKU03592,197,0,7,60
2025-07-20,SKU03609,385,0,7,94
2025-07-20,SKU03621,114,0,7,29
2025-07-20,SKU03737,248,0,7,82
2025-07-20,SKU03749,316,0,7,67
2025-07-20,SKU03863,338,0,7,94
2025-07-20,SKU03905,95,0,7,22
2025-07-20,SKU03941,172,0,7,35
2025-07-20,SKU03968,148,0,7,49
2025-07-20,SKU04018,452,0,7,91
2025-07-20,SKU04053,115,0,7,21
2025-07-20,SKU04106,173,0,7,39
2025-07-20,SKU04144,167,0,7,47
2025-07-20,SKU04147,292,0,7,85
2025-07-20,SKU04152,356,0,7,60
2025-07-20,SKU04158,403,0,7,77
2025-07-20,SKU04228,114,0,7,24
2025-07-20,SKU04244,402,0,7,84
2025-07-20,SKU04388,586,0,7,153
2025-07-20,SKU04392,243,0,7,67
2025-07-20,SKU04442,102,0,7,22
2025-07-20,SKU04532,196,0,7,64
2025-07-20,SKU04641,123,0,7,22
2025-07-20,SKU04690,109,0,7,21
2025-07-20,SKU04726,346,0,7,72
2025-07-20,SKU04741,375,0,7,77
2025-07-20,SKU04747,266,0,7,78
2025-07-20,SKU04791,352,0,7,63
2025-07-20,SKU04894,219,0,7,54
2025-07-20,SKU04958,151,0,7,39
2025-07-21,SKU00069,288,0,7,49
2025-07-21,SKU00075,138,0,7,31
2025-07-21,SKU00090,746,0,7,165
2025-07-21,SKU00140,329,0,7,82
2025-07-21,SKU00150,305,0,7,84
2025-07-21,SKU00262,335,0,7,58
2025-07-21,SKU00305,456,0,7,84
2025-07-21,SKU00317,137,0,7,37
2025-07-21,SKU00507,501,0,7,97
2025-07-21,SKU00516,423,0,7,83
2025-07-21,SKU00592,500,0,7,98
2025-07-21,SKU00598,318,0,7,69
2025-07-21,SKU00645,568,0,7,118
2025-07-21,SKU00649,154,0,7,38
2025-07-21,SKU00682,474,0,7,102
2025-07-21,SKU00749,438,0,7,84
2025-07-21,SKU00788,390,0,7,84
2025-07-21,SKU00855,298,0,7,73
2025-07-21,SKU00860,160,0,7,31
2025-07-21,SKU00932,169,0,7,44
2025-07-21,SKU00954,248,0,7,74
2025-07-21,SKU01068,232,0,7,75
2025-07-21,SKU01070,321,0,7,58
2025-07-21,SKU01229,90,0,7,22
2025-07-21,SKU01287,270,0,7,62
2025-07-21,SKU01303,326,0,7,83
2025-07-21,SKU01441,179,0,7,39
2025-07-21,SKU01568,362,0,7,84
2025-07-21,SKU01605,407,0,7,97
2025-07-21,SKU01651,254,0,7,54
2025-07-21,SKU01675,262,0,7,56
2025-07-21,SKU01754,259,0,7,73
2025-07-21,SKU01792,82,0,7,21
2025-07-21,SKU01818,291,0,7,52
2025-07-21,SKU01830,341,0,7,64
2025-07-21,SKU01915,135,0,7,34
2025-07-21,SKU01970,285,0,7,49
2025-07-21,SKU02038,414,0,7,87
2025-07-21,SKU02114,151,0,7,47
2025-07-21,SKU02223,88,0,7,28
2025-07-21,SKU02248,406,0,7,78
2025-07-21,SKU02500,362,0,7,81
2025-07-21,SKU02514,322,0,7,65
2025-07-21,SKU02570,234,0,7,56
2025-07-21,SKU02584,210,0,7,58
2025-07-21,SKU02686,137,0,7,37
2025-07-21,SKU02842,433,0,7,80
2025-07-21,SKU02999,264,0,7,60
2025-07-21,SKU03105,274,0,7,58
2025-07-21,SKU03177,495,0,7,149
2025-07-21,SKU03220,377,0,7,75
2025-07-21,SKU03230,210,0,7,61
2025-07-21,SKU03235,397,0,7,77
2025-07-21,SKU03254,413,0,7,77
2025-07-21,SKU03286,247,0,7,46
2025-07-21,SKU03347,316,0,7,53
2025-07-21,SKU03414,170,0,7,31
2025-07-21,SKU03428,636,0,7,183
2025-07-21,SKU03491,270,0,7,74
2025-07-21,SKU03548,220,0,7,45
2025-07-21,SKU03583,543,0,7,91
2025-07-21,SKU03603,558,0,7,96
2025-07-21,SKU03621,276,0,7,82
2025-07-21,SKU03627,301,0,7,87
2025-07-21,SKU03744,434,0,7,85
2025-07-21,SKU03773,183,0,7,42
2025-07-21,SKU03884,261,0,7,66
2025-07-21,SKU03941,336,0,7,58
2025-07-21,SKU04019,485,0,7,126
2025-07-21,SKU04048,230,0,7,58
2025-07-21,SKU04054,143,0,7,28
2025-07-21,SKU04107,383,0,7,88
2025-07-21,SKU04145,369,0,7,80
2025-07-21,SKU04194,812,0,7,140
2025-07-21,SKU04292,192,0,7,41
2025-07-21,SKU04319,142,0,7,43
2025-07-21,SKU04334,223,0,7,59
2025-07-21,SKU04591,327,0,7,99
2025-07-21,SKU04652,170,0,7,47
2025-07-21,SKU04679,324,0,7,71
2025-07-21,SKU04771,322,0,7,67
2025-07-21,SKU04797,172,0,7,40
2025-07-21,SKU04798,359,0,7,92
2025-07-21,SKU04831,111,0,7,27
2025-07-21,SKU04888,416,0,7,94
2025-07-21,SKU04996,147,0,7,37
2025-07-22,SKU00069,258,0,7,49
2025-07-22,SKU00355,345,0,7,61
2025-07-22,SKU00401,844,0,7,157
2025-07-22,SKU00402,242,0,7,70
2025-07-22,SKU00437,120,0,7,40
2025-07-22,SKU00498,356,0,7,77
2025-07-22,SKU00585,116,0,7,38
2025-07-22,SKU00699,195,0,7,39
2025-07-22,SKU00732,95,0,7,29
2025-07-22,SKU00749,304,0,7,55
2025-07-22,SKU00932,219,0,7,61
2025-07-22,SKU00954,448,0,7,107
2025-07-22,SKU00958,544,0,7,96
2025-07-22,SKU01032,297,0,7,50
2025-07-22,SKU01052,820,0,7,165
2025-07-22,SKU01171,658,0,7,126
2025-07-22,SKU01339,148,0,7,44
2025-07-22,SKU01356,191,0,7,37
2025-07-22,SKU01396,536,0,7,90
2025-07-22,SKU01423,275,0,7,55
2025-07-22,SKU01433,354,0,7,79
2025-07-22,SKU01457,102,0,7,28
2025-07-22,SKU01495,260,0,7,55
2025-07-22,SKU01645,211,0,7,46
2025-07-22,SKU01649,168,0,7,28
2025-07-22,SKU01684,153,0,7,34
2025-07-22,SKU01717,173,0,7,34
2025-07-22,SKU01762,402,0,7,78
2025-07-22,SKU01863,119,0,7,24
2025-07-22,SKU01877,518,0,7,98
2025-07-22,SKU01903,258,0,7,44
2025-07-22,SKU01906,220,0,7,40
2025-07-22,SKU02094,239,0,7,65
2025-07-22,SKU02104,202,0,7,47
2025-07-22,SKU02129,447,0,7,92
2025-07-22,SKU02164,357,0,7,70
2025-07-22,SKU02211,313,0,7,86
2025-07-22,SKU02217,544,0,7,148
2025-07-22,SKU02248,380,0,7,65
2025-07-22,SKU02253,556,0,7,117
2025-07-22,SKU02267,247,0,7,56
2025-07-22,SKU02290,182,0,7,33
2025-07-22,SKU02351,118,0,7,34
2025-07-22,SKU02365,164,0,7,32
2025-07-22,SKU02386,129,0,7,31
2025-07-22,SKU02520,438,0,7,90
2025-07-22,SKU02533,113,0,7,21
2025-07-22,SKU02558,596,0,7,117
2025-07-22,SKU02590,334,0,7,68
2025-07-22,SKU02662,253,0,7,70
2025-07-22,SKU02686,325,0,7,81
2025-07-22,SKU02710,94,0,7,22
2025-07-22,SKU02722,503,0,7,93
2025-07-22,SKU02780,364,0,7,80
2025-07-22,SKU02794,182,0,7,37
2025-07-22,SKU02871,399,0,7,98
2025-07-22,SKU02911,434,0,7,76
2025-07-22,SKU03005,282,0,7,53
2025-07-22,SKU03014,522,0,7,98
2025-07-22,SKU03031,180,0,7,54
2025-07-22,SKU03073,382,0,7,93
2025-07-22,SKU03089,347,0,7,63
2025-07-22,SKU03115,210,0,7,54
2025-07-22,SKU03129,233,0,7,44
2025-07-22,SKU03152,87,0,7,23
2025-07-22,SKU03173,524,0,7,93
2025-07-22,SKU03295,174,0,7,31
2025-07-22,SKU03347,146,0,7,29
2025-07-22,SKU03376,797,0,7,142
2025-07-22,SKU03414,324,0,7,90
2025-07-22,SKU03416,430,0,7,93
2025-07-22,SKU03484,334,0,7,62
2025-07-22,SKU03492,283,0,7,71
2025-07-22,SKU03580,137,0,7,35
2025-07-22,SKU03583,371,0,7,65
2025-07-22,SKU03592,211,0,7,43
2025-07-22,SKU03602,318,0,7,96
2025-07-22,SKU03624,307,0,7,90
2025-07-22,SKU03773,127,0,7,36
2025-07-22,SKU03833,225,0,7,53
2025-07-22,SKU03839,309,0,7,100
2025-07-22,SKU03968,384,0,7,84
2025-07-22,SKU04052,122,0,7,23
2025-07-22,SKU04106,413,0,7,78
2025-07-22,SKU04142,192,0,7,55
2025-07-22,SKU04153,501,0,7,96
2025-07-22,SKU04217,396,0,7,68
2025-07-22,SKU04249,167,0,7,50
2025-07-22,SKU04292,409,0,7,76
2025-07-22,SKU04334,353,0,7,65
2025-07-22,SKU04388,257,0,7,57
2025-07-22,SKU04392,380,0,7,75
2025-07-22,SKU04401,230,0,7,67
2025-07-22,SKU04412,145,0,7,31
2025-07-22,SKU04414,685,0,7,147
2025-07-22,SKU04505,190,0,7,48
2025-07-22,SKU04532,261,0,7,85
2025-07-22,SKU04607,238,0,7,47
2025-07-22,SKU04636,263,0,7,64
2025-07-22,SKU04643,136,0,7,37
2025-07-22,SKU04753,113,0,7,22
2025-07-22,SKU04771,176,0,7,54
2025-07-22,SKU04854,147,0,7,45
2025-07-22,SKU04941,89,0,7,25
2025-07-22,SKU04953,450,0,7,99
2025-07-22,SKU04996,84,0,7,25
2025-07-23,SKU00012,196,0,7,33
2025-07-23,SKU00052,232,0,7,59
2025-07-23,SKU00155,187,0,7,36
2025-07-23,SKU00173,407,0,7,97
2025-07-23,SKU00305,307,0,7,56
2025-07-23,SKU00386,420,0,7,80
2025-07-23,SKU00449,288,0,7,64
2025-07-23,SKU00466,118,0,7,27
2025-07-23,SKU00546,537,0,7,99
2025-07-23,SKU00550,549,0,7,122
2025-07-23,SKU00592,84,0,7,26
2025-07-23,SKU00631,93,0,7,27
2025-07-23,SKU00721,275,0,7,78
2025-07-23,SKU00775,373,0,7,90
2025-07-23,SKU00837,486,0,7,110
2025-07-23,SKU00874,337,0,7,77
2025-07-23,SKU00894,370,0,7,94
2025-07-23,SKU00906,240,0,7,42
2025-07-23,SKU00936,258,0,7,51
2025-07-23,SKU00978,553,0,7,97
2025-07-23,SKU00987,593,0,7,100
2025-07-23,SKU01023,248,0,7,53
2025-07-23,SKU01075,294,0,7,62
2025-07-23,SKU01112,189,0,7,35
2025-07-23,SKU01287,498,0,7,116
2025-07-23,SKU01407,276,0,7,73
2025-07-23,SKU01605,278,0,7,87
2025-07-23,SKU01674,268,0,7,45
2025-07-23,SKU01733,286,0,7,61
2025-07-23,SKU01754,557,0,7,132
2025-07-23,SKU01781,134,0,7,34
2025-07-23,SKU01792,644,0,7,138
2025-07-23,SKU01803,171,0,7,46
2025-07-23,SKU01828,334,0,7,88
2025-07-23,SKU01906,347,0,7,84
2025-07-23,SKU01911,422,0,7,89
2025-07-23,SKU02070,266,0,7,57
2025-07-23,SKU02129,646,0,7,155
2025-07-23,SKU02172,637,0,7,111
2025-07-23,SKU02211,319,0,7,68
2025-07-23,SKU02221,448,0,7,97
2025-07-23,SKU02253,571,0,7,119
2025-07-23,SKU02376,261,0,7,71
2025-07-23,SKU02425,96,0,7,20
2025-07-23,SKU02463,399,0,7,91
2025-07-23,SKU02514,109,0,7,20
2025-07-23,SKU02541,430,0,7,77
2025-07-23,SKU02546,466,0,7,92
2025-07-23,SKU02558,127,0,7,24
2025-07-23,SKU02576,488,0,7,89
2025-07-23,SKU02780,549,0,7,112
2025-07-23,SKU02794,297,0,7,99
2025-07-23,SKU02871,451,0,7,89
2025-07-23,SKU02938,866,0,7,161
2025-07-23,SKU03092,117,0,7,24
2025-07-23,SKU03105,161,0,7,46
2025-07-23,SKU03108,365,0,7,95
2025-07-23,SKU03129,227,0,7,47
2025-07-23,SKU03139,236,0,7,51
2025-07-23,SKU03179,484,0,7,95
2025-07-23,SKU03210,278,0,7,63
2025-07-23,SKU03220,313,0,7,88
2025-07-23,SKU03320,133,0,7,35
2025-07-23,SKU03347,493,0,7,97
2025-07-23,SKU03375,205,0,7,38
2025-07-23,SKU03436,320,0,7,70
2025-07-23,SKU03492,148,0,7,36
2025-07-23,SKU03523,667,0,7,147
2025-07-23,SKU03562,136,0,7,42
2025-07-23,SKU03737,85,0,7,24
2025-07-23,SKU03803,262,0,7,47
2025-07-23,SKU03828,485,0,7,88
2025-07-23,SKU03833,392,0,7,71
2025-07-23,SKU03839,218,0,7,51
2025-07-23,SKU03863,316,0,7,59
2025-07-23,SKU03864,200,0,7,58
2025-07-23,SKU03905,251,0,7,68
2025-07-23,SKU03932,319,0,7,70
2025-07-23,SKU03941,535,0,7,100
2025-07-23,SKU03975,141,0,7,25
2025-07-23,SKU04048,633,0,7,165
2025-07-23,SKU04054,167,0,7,36
2025-07-23,SKU04145,110,0,7,27
2025-07-23,SKU04217,329,0,7,70
2025-07-23,SKU04250,100,0,7,29
2025-07-23,SKU04281,95,0,7,25
2025-07-23,SKU04319,324,0,7,85
2025-07-23,SKU04443,273,0,7,81
2025-07-23,SKU04461,298,0,7,72
2025-07-23,SKU04475,417,0,7,87
2025-07-23,SKU04636,290,0,7,69
2025-07-23,SKU04643,222,0,7,43
2025-07-23,SKU04690,524,0,7,95
2025-07-23,SKU04753,159,0,7,40
2025-07-23,SKU04757,483,0,7,88
2025-07-23,SKU04798,111,0,7,31
2025-07-23,SKU04901,382,0,7,89
2025-07-23,SKU04902,239,0,7,53
2025-07-24,SKU00105,256,0,7,56
2025-07-24,SKU00155,503,0,7,104
2025-07-24,SKU00237,253,0,7,43
2025-07-24,SKU00262,305,0,7,70
2025-07-24,SKU00317,454,0,7,87
2025-07-24,SKU00330,132,0,7,43
2025-07-24,SKU00342,250,0,7,49
2025-07-24,SKU00355,213,0,7,62
2025-07-24,SKU00401,256,0,7,55
2025-07-24,SKU00402,88,0,7,22
2025-07-24,SKU00437,266,0,7,51
2025-07-24,SKU00524,662,0,7,154
2025-07-24,SKU00585,217,0,7,38
2025-07-24,SKU00631,107,0,7,32
2025-07-24,SKU00645,330,0,7,87
2025-07-24,SKU00649,439,0,7,85
2025-07-24,SKU00654,98,0,7,31
2025-07-24,SKU00679,601,0,7,142
2025-07-24,SKU00682,103,0,7,21
2025-07-24,SKU00837,249,0,7,80
2025-07-24,SKU00932,157,0,7,31
2025-07-24,SKU00958,167,0,7,49
2025-07-24,SKU00972,397,0,7,70
2025-07-24,SKU00986,538,0,7,92
2025-07-24,SKU01034,192,0,7,34
2025-07-24,SKU01052,456,0,7,121
2025-07-24,SKU01070,201,0,7,64
2025-07-24,SKU01133,133,0,7,42
2025-07-24,SKU01158,157,0,7,35
2025-07-24,SKU01303,116,0,7,21
2025-07-24,SKU01310,389,0,7,65
2025-07-24,SKU01339,329,0,7,83
2025-07-24,SKU01413,166,0,7,45
2025-07-24,SKU01423,260,0,7,82
2025-07-24,SKU01441,307,0,7,69
2025-07-24,SKU01568,220,0,7,65
2025-07-24,SKU01674,281,0,7,93
2025-07-24,SKU01754,248,0,7,64
2025-07-24,SKU01790,172,0,7,46
2025-07-24,SKU02205,108,0,7,23
2025-07-24,SKU02255,221,0,7,45
2025-07-24,SKU02277,179,0,7,46
2025-07-24,SKU02386,230,0,7,75
2025-07-24,SKU02500,282,0,7,50
2025-07-24,SKU02501,441,0,7,123
2025-07-24,SKU02534,430,0,7,79
2025-07-24,SKU02580,174,0,7,44
2025-07-24,SKU02584,370,0,7,65
2025-07-24,SKU02718,151,0,7,33
2025-07-24,SKU02763,449,0,7,97
2025-07-24,SKU02794,83,0,7,23
2025-07-24,SKU02822,104,0,7,30
2025-07-24,SKU02877,124,0,7,41
2025-07-24,SKU02897,183,0,7,54
2025-07-24,SKU02907,595,0,7,120
2025-07-24,SKU02946,249,0,7,62
2025-07-24,SKU03014,346,0,7,95
2025-07-24,SKU03152,103,0,7,20
2025-07-24,SKU03192,180,0,7,33
2025-07-24,SKU03257,278,0,7,76
2025-07-24,SKU03281,158,0,7,51
2025-07-24,SKU03284,91,0,7,28
2025-07-24,SKU03286,193,0,7,52
2025-07-24,SKU03416,364,0,7,95
2025-07-24,SKU03436,365,0,7,100
2025-07-24,SKU03454,195,0,7,47
2025-07-24,SKU03548,113,0,7,30
2025-07-24,SKU03562,280,0,7,88
2025-07-24,SKU03609,343,0,7,84
2025-07-24,SKU03624,324,0,7,55
2025-07-24,SKU03627,126,0,7,32
2025-07-24,SKU03749,318,0,7,97
2025-07-24,SKU03823,79,0,7,20
2025-07-24,SKU03837,331,0,7,62
2025-07-24,SKU03941,424,0,7,78
2025-07-24,SKU04144,130,0,7,32
2025-07-24,SKU04152,482,0,7,117
2025-07-24,SKU04212,275,0,7,50
2025-07-24,SKU04265,305,0,7,51
2025-07-24,SKU04319,323,0,7,62
2025-07-24,SKU04388,172,0,7,51
2025-07-24,SKU04392,484,0,7,84
2025-07-24,SKU04401,147,0,7,26
2025-07-24,SKU04409,154,0,7,38
2025-07-24,SKU04414,406,0,7,91
2025-07-24,SKU04505,403,0,7,79
2025-07-24,SKU04532,302,0,7,92
2025-07-24,SKU04566,470,0,7,92
2025-07-24,SKU04591,174,0,7,48
2025-07-24,SKU04605,238,0,7,48
2025-07-24,SKU04690,172,0,7,49
2025-07-24,SKU04693,373,0,7,91
2025-07-24,SKU04798,405,0,7,81
2025-07-24,SKU04849,506,0,7,88
2025-07-24,SKU04856,180,0,7,32
2025-07-24,SKU04887,93,0,7,20
2025-07-24,SKU04902,148,0,7,32
2025-07-24,SKU04945,273,0,7,90
2025-07-24,SKU04958,323,0,7,76
2025-07-25,SKU00075,318,0,7,54
2025-07-25,SKU00170,167,0,7,32
2025-07-25,SKU00173,139,0,7,27
2025-07-25,SKU00251,147,0,7,49
2025-07-25,SKU00317,527,0,7,96
2025-07-25,SKU00342,471,0,7,91
2025-07-25,SKU00350,378,0,7,84
2025-07-25,SKU00385,418,0,7,129
2025-07-25,SKU00402,209,0,7,50
2025-07-25,SKU00421,256,0,7,83
2025-07-25,SKU00498,166,0,7,49
2025-07-25,SKU00516,488,0,7,97
2025-07-25,SKU00550,447,0,7,85
2025-07-25,SKU00584,220,0,7,39
2025-07-25,SKU00608,144,0,7,26
2025-07-25,SKU00631,216,0,7,62
2025-07-25,SKU00645,520,0,7,95
2025-07-25,SKU00654,257,0,7,84
2025-07-25,SKU00662,313,0,7,76
2025-07-25,SKU00691,726,0,7,133
2025-07-25,SKU00775,282,0,7,79
2025-07-25,SKU00837,181,0,7,33
2025-07-25,SKU00972,245,0,7,51
2025-07-25,SKU01112,124,0,7,39
2025-07-25,SKU01200,407,0,7,79
2025-07-25,SKU01396,114,0,7,21
2025-07-25,SKU01457,93,0,7,30
2025-07-25,SKU01582,610,0,7,142
2025-07-25,SKU01651,554,0,7,98
2025-07-25,SKU01675,344,0,7,92
2025-07-25,SKU01678,806,0,7,157
2025-07-25,SKU01803,245,0,7,66
2025-07-25,SKU01805,454,0,7,98
2025-07-25,SKU01981,664,0,7,139
2025-07-25,SKU02114,173,0,7,33
2025-07-25,SKU02142,281,0,7,75
2025-07-25,SKU02205,344,0,7,100
2025-07-25,SKU02253,474,0,7,81
2025-07-25,SKU02279,360,0,7,90
2025-07-25,SKU02375,514,0,7,94
2025-07-25,SKU02387,322,0,7,76
2025-07-25,SKU02471,394,0,7,95
2025-07-25,SKU02514,111,0,7,27
2025-07-25,SKU02519,448,0,7,83
2025-07-25,SKU02580,343,0,7,94
2025-07-25,SKU02681,388,0,7,89
2025-07-25,SKU02686,322,0,7,65
2025-07-25,SKU02722,260,0,7,51
2025-07-25,SKU02871,137,0,7,26
2025-07-25,SKU02897,253,0,7,52
2025-07-25,SKU02907,155,0,7,35
2025-07-25,SKU02938,278,0,7,72
2025-07-25,SKU02999,279,0,7,50
2025-07-25,SKU03105,256,0,7,74
2025-07-25,SKU03115,346,0,7,71
2025-07-25,SKU03139,281,0,7,75
2025-07-25,SKU03173,129,0,7,33
2025-07-25,SKU03235,222,0,7,67
2025-07-25,SKU03257,465,0,7,89
2025-07-25,SKU03277,124,0,7,21
2025-07-25,SKU03291,119,0,7,37
2025-07-25,SKU03320,287,0,7,55
2025-07-25,SKU03436,199,0,7,40
2025-07-25,SKU03454,211,0,7,41
2025-07-25,SKU03457,357,0,7,83
2025-07-25,SKU03484,231,0,7,59
2025-07-25,SKU03491,539,0,7,92
2025-07-25,SKU03619,440,0,7,94
2025-07-25,SKU03624,203,0,7,38
2025-07-25,SKU03740,454,0,7,95
2025-07-25,SKU03744,234,0,7,52
2025-07-25,SKU03807,274,0,7,69
2025-07-25,SKU03864,187,0,7,45
2025-07-25,SKU03975,357,0,7,82
2025-07-25,SKU04102,288,0,7,70
2025-07-25,SKU04215,68,0,7,21
2025-07-25,SKU04228,350,0,7,76
2025-07-25,SKU04334,74,0,7,20
2025-07-25,SKU04388,217,0,7,65
2025-07-25,SKU04409,369,0,7,79
2025-07-25,SKU04412,111,0,7,24
2025-07-25,SKU04414,333,0,7,63
2025-07-25,SKU04470,308,0,7,89
2025-07-25,SKU04475,283,0,7,75
2025-07-25,SKU04491,311,0,7,81
2025-07-25,SKU04526,171,0,7,36
2025-07-25,SKU04612,382,0,7,72
2025-07-25,SKU04643,157,0,7,51
2025-07-25,SKU04654,115,0,7,27
2025-07-25,SKU04690,117,0,7,33
2025-07-25,SKU04831,299,0,7,79
2025-07-25,SKU04856,263,0,7,50
2025-07-25,SKU04888,446,0,7,82
2025-07-25,SKU04902,198,0,7,62
2025-07-25,SKU04905,340,0,7,80
2025-07-25,SKU04955,303,0,7,96
2025-07-25,SKU05000,332,0,7,60
2025-07-26,SKU00024,481,0,7,82
2025-07-26,SKU00052,278,0,7,86
2025-07-26,SKU00083,242,0,7,64
2025-07-26,SKU00090,288,0,7,79
2025-07-26,SKU00170,209,0,7,50
2025-07-26,SKU00350,332,0,7,57
2025-07-26,SKU00371,372,0,7,78
2025-07-26,SKU00401,391,0,7,70
2025-07-26,SKU00437,192,0,7,47
2025-07-26,SKU00516,460,0,7,80
2025-07-26,SKU00532,109,0,7,27
2025-07-26,SKU00585,233,0,7,43
2025-07-26,SKU00650,188,0,7,39
2025-07-26,SKU00699,198,0,7,53
2025-07-26,SKU00721,210,0,7,63
2025-07-26,SKU00821,477,0,7,84
2025-07-26,SKU00860,138,0,7,27
2025-07-26,SKU00890,101,0,7,22
2025-07-26,SKU00965,284,0,7,89
2025-07-26,SKU00987,583,0,7,100
2025-07-26,SKU01017,463,0,7,91
2025-07-26,SKU01034,267,0,7,47
2025-07-26,SKU01068,233,0,7,48
2025-07-26,SKU01256,213,0,7,54
2025-07-26,SKU01264,320,0,7,61
2025-07-26,SKU01310,353,0,7,110
2025-07-26,SKU01340,465,0,7,87
2025-07-26,SKU01441,219,0,7,59
2025-07-26,SKU01542,451,0,7,100
2025-07-26,SKU01582,246,0,7,51
2025-07-26,SKU01592,206,0,7,66
2025-07-26,SKU01605,225,0,7,43
2025-07-26,SKU01675,213,0,7,47
2025-07-26,SKU01781,299,0,7,60
2025-07-26,SKU01971,201,0,7,56
2025-07-26,SKU02055,213,0,7,55
2025-07-26,SKU02114,109,0,7,29
2025-07-26,SKU02128,65,0,7,21
2025-07-26,SKU02129,133,0,7,25
2025-07-26,SKU02194,63,0,7,21
2025-07-26,SKU02209,313,0,7,54
2025-07-26,SKU02211,316,0,7,93
2025-07-26,SKU02217,395,0,7,90
2025-07-26,SKU02221,272,0,7,80
2025-07-26,SKU02223,343,0,7,86
2025-07-26,SKU02267,269,0,7,60
2025-07-26,SKU02277,416,0,7,93
2025-07-26,SKU02331,335,0,7,96
2025-07-26,SKU02351,132,0,7,39
2025-07-26,SKU02421,197,0,7,40
2025-07-26,SKU02436,139,0,7,24
2025-07-26,SKU02501,94,0,7,22
2025-07-26,SKU02541,490,0,7,90
2025-07-26,SKU02566,328,0,7,74
2025-07-26,SKU02570,372,0,7,70
2025-07-26,SKU02590,245,0,7,46
2025-07-26,SKU02630,285,0,7,86
2025-07-26,SKU02722,164,0,7,44
2025-07-26,SKU02728,485,0,7,90
2025-07-26,SKU02794,425,0,7,97
2025-07-26,SKU02842,100,0,7,29
2025-07-26,SKU02877,278,0,7,60
2025-07-26,SKU02911,243,0,7,41
2025-07-26,SKU02915,169,0,7,33
2025-07-26,SKU03005,212,0,7,39
2025-07-26,SKU03058,238,0,7,47
2025-07-26,SKU03092,352,0,7,93
2025-07-26,SKU03105,383,0,7,77
2025-07-26,SKU03108,217,0,7,46
2025-07-26,SKU03230,525,0,7,133
2025-07-26,SKU03251,528,0,7,136
2025-07-26,SKU03266,181,0,7,36
2025-07-26,SKU03376,227,0,7,44
2025-07-26,SKU03414,258,0,7,75
2025-07-26,SKU03436,243,0,7,73
2025-07-26,SKU03484,531,0,7,100
2025-07-26,SKU03548,226,0,7,39
2025-07-26,SKU03574,682,0,7,137
2025-07-26,SKU03582,217,0,7,56
2025-07-26,SKU03609,115,0,7,38
2025-07-26,SKU03634,167,0,7,37
2025-07-26,SKU03642,204,0,7,53
2025-07-26,SKU03749,520,0,7,94
2025-07-26,SKU03805,358,0,7,67
2025-07-26,SKU03863,186,0,7,45
2025-07-26,SKU03864,417,0,7,77
2025-07-26,SKU03905,305,0,7,89
2025-07-26,SKU03932,990,0,7,171
2025-07-26,SKU03961,319,0,7,73
2025-07-26,SKU03991,143,0,7,36
2025-07-26,SKU04118,289,0,7,96
2025-07-26,SKU04147,140,0,7,27
2025-07-26,SKU04194,478,0,7,114
2025-07-26,SKU04222,177,0,7,53
2025-07-26,SKU04244,123,0,7,30
2025-07-26,SKU04250,126,0,7,35
2025-07-26,SKU04265,201,0,7,49
2025-07-26,SKU04392,426,0,7,109
2025-07-26,SKU04425,219,0,7,60
2025-07-26,SKU04491,101,0,7,21
2025-07-26,SKU04554,173,0,7,43
2025-07-26,SKU04591,149,0,7,28
2025-07-26,SKU04605,379,0,7,84
2025-07-26,SKU04652,188,0,7,56
2025-07-26,SKU04670,337,0,7,64
2025-07-26,SKU04747,105,0,7,30
2025-07-26,SKU04757,150,0,7,40
2025-07-26,SKU04771,240,0,7,42
2025-07-26,SKU04798,227,0,7,58
2025-07-26,SKU04888,342,0,7,63
2025-07-26,SKU04955,172,0,7,46
2025-07-27,SKU00012,176,0,7,50
2025-07-27,SKU00024,72,0,7,21
2025-07-27,SKU00066,110,0,7,35
2025-07-27,SKU00069,226,0,7,61
2025-07-27,SKU00083,337,0,7,100
2025-07-27,SKU00105,269,0,7,84
2025-07-27,SKU00127,229,0,7,71
2025-07-27,SKU00150,200,0,7,44
2025-07-27,SKU00173,222,0,7,64
2025-07-27,SKU00251,395,0,7,78
2025-07-27,SKU00262,103,0,7,34
2025-07-27,SKU00342,232,0,7,61
2025-07-27,SKU00350,72,0,7,24
2025-07-27,SKU00371,231,0,7,40
2025-07-27,SKU00385,314,0,7,57
2025-07-27,SKU00419,330,0,7,90
2025-07-27,SKU00466,403,0,7,92
2025-07-27,SKU00521,275,0,7,81
2025-07-27,SKU00532,205,0,7,43
2025-07-27,SKU00546,393,0,7,98
2025-07-27,SKU00551,350,0,7,93
2025-07-27,SKU00608,215,0,7,39
2025-07-27,SKU00631,362,0,7,77
2025-07-27,SKU00682,171,0,7,34
2025-07-27,SKU00699,265,0,7,86
2025-07-27,SKU00987,312,0,7,85
2025-07-27,SKU01075,228,0,7,71
2025-07-27,SKU01167,225,0,7,54
2025-07-27,SKU01191,361,0,7,69
2025-07-27,SKU01287,210,0,7,52
2025-07-27,SKU01339,473,0,7,84
2025-07-27,SKU01423,223,0,7,66
2025-07-27,SKU01428,364,0,7,81
2025-07-27,SKU01678,309,0,7,84
2025-07-27,SKU01684,250,0,7,45
2025-07-27,SKU01790,372,0,7,87
2025-07-27,SKU01906,188,0,7,40
2025-07-27,SKU01971,450,0,7,105
2025-07-27,SKU02055,139,0,7,32
2025-07-27,SKU02129,235,0,7,64
2025-07-27,SKU02255,335,0,7,100
2025-07-27,SKU02351,169,0,7,39
2025-07-27,SKU02446,865,0,7,196
2025-07-27,SKU02500,458,0,7,80
2025-07-27,SKU02566,344,0,7,70
2025-07-27,SKU02580,437,0,7,83
2025-07-27,SKU02662,164,0,7,29
2025-07-27,SKU02780,440,0,7,91
2025-07-27,SKU02946,224,0,7,44
2025-07-27,SKU02964,486,0,7,84
2025-07-27,SKU03014,104,0,7,26
2025-07-27,SKU03058,190,0,7,59
2025-07-27,SKU03073,331,0,7,63
2025-07-27,SKU03092,246,0,7,49
2025-07-27,SKU03108,228,0,7,46
2025-07-27,SKU03129,213,0,7,49
2025-07-27,SKU03150,223,0,7,57
2025-07-27,SKU03192,292,0,7,85
2025-07-27,SKU03210,152,0,7,35
2025-07-27,SKU03603,467,0,7,79
2025-07-27,SKU03642,242,0,7,42
2025-07-27,SKU03709,361,0,7,87
2025-07-27,SKU03740,274,0,7,76
2025-07-27,SKU03833,332,0,7,83
2025-07-27,SKU03863,220,0,7,65
2025-07-27,SKU03975,386,0,7,74
2025-07-27,SKU04062,262,0,7,83
2025-07-27,SKU04107,583,0,7,128
2025-07-27,SKU04152,119,0,7,20
2025-07-27,SKU04153,556,0,7,96
2025-07-27,SKU04217,166,0,7,30
2025-07-27,SKU04222,342,0,7,88
2025-07-27,SKU04261,98,0,7,21
2025-07-27,SKU04442,304,0,7,56
2025-07-27,SKU04664,443,0,7,81
2025-07-27,SKU04729,248,0,7,56
2025-07-27,SKU04753,299,0,7,66
2025-07-27,SKU04797,134,0,7,28
2025-07-27,SKU04831,334,0,7,92
2025-07-27,SKU04919,277,0,7,60
2025-07-28,SKU00012,317,0,7,69
2025-07-28,SKU00075,101,0,7,20
2025-07-28,SKU00090,457,0,7,98
2025-07-28,SKU00251,140,0,7,43
2025-07-28,SKU00354,324,0,7,77
2025-07-28,SKU00385,277,0,7,50
2025-07-28,SKU00421,209,0,7,37
2025-07-28,SKU00502,198,0,7,35
2025-07-28,SKU00516,227,0,7,62
2025-07-28,SKU00535,400,0,7,91
2025-07-28,SKU00584,131,0,7,22
2025-07-28,SKU00662,543,0,7,97
2025-07-28,SKU00682,72,0,7,21
2025-07-28,SKU00775,525,0,7,113
2025-07-28,SKU00821,195,0,7,51
2025-07-28,SKU00932,208,0,7,64
2025-07-28,SKU00965,281,0,7,60
2025-07-28,SKU01031,388,0,7,79
2025-07-28,SKU01042,88,0,7,20
2025-07-28,SKU01104,227,0,7,38
2025-07-28,SKU01112,81,0,7,22
2025-07-28,SKU01158,273,0,7,79
2025-07-28,SKU01224,356,0,7,74
2025-07-28,SKU01229,141,0,7,41
2025-07-28,SKU01256,315,0,7,62
2025-07-28,SKU01318,545,0,7,128
2025-07-28,SKU01413,348,0,7,91
2025-07-28,SKU01542,215,0,7,47
2025-07-28,SKU01643,386,0,7,92
2025-07-28,SKU01651,232,0,7,42
2025-07-28,SKU01684,150,0,7,27
2025-07-28,SKU01762,147,0,7,41
2025-07-28,SKU01781,148,0,7,26
2025-07-28,SKU01792,693,0,7,126
2025-07-28,SKU01822,132,0,7,36
2025-07-28,SKU01827,271,0,7,90
2025-07-28,SKU01828,235,0,7,46
2025-07-28,SKU01834,589,0,7,124
2025-07-28,SKU01874,128,0,7,35
2025-07-28,SKU01880,871,0,7,179
2025-07-28,SKU01939,156,0,7,27
2025-07-28,SKU02064,87,0,7,26
2025-07-28,SKU02075,229,0,7,54
2025-07-28,SKU02104,320,0,7,73
2025-07-28,SKU02128,111,0,7,21
2025-07-28,SKU02248,385,0,7,71
2025-07-28,SKU02255,153,0,7,44
2025-07-28,SKU02267,234,0,7,60
2025-07-28,SKU02375,183,0,7,61
2025-07-28,SKU02546,412,0,7,91
2025-07-28,SKU02558,496,0,7,143
2025-07-28,SKU02829,378,0,7,71
2025-07-28,SKU02946,108,0,7,31
2025-07-28,SKU02964,486,0,7,144
2025-07-28,SKU02969,267,0,7,78
2025-07-28,SKU02997,460,0,7,94
2025-07-28,SKU03210,125,0,7,31
2025-07-28,SKU03277,554,0,7,100
2025-07-28,SKU03349,433,0,7,79
2025-07-28,SKU03376,467,0,7,78
2025-07-28,SKU03416,454,0,7,98
2025-07-28,SKU03441,560,0,7,155
2025-07-28,SKU03484,194,0,7,41
2025-07-28,SKU03493,204,0,7,65
2025-07-28,SKU03592,179,0,7,59
2025-07-28,SKU03603,125,0,7,36
2025-07-28,SKU03621,92,0,7,20
2025-07-28,SKU03737,71,0,7,23
2025-07-28,SKU03740,138,0,7,42
2025-07-28,SKU03773,226,0,7,53
2025-07-28,SKU03805,77,0,7,20
2025-07-28,SKU03833,621,0,7,135
2025-07-28,SKU04106,301,0,7,72
2025-07-28,SKU04118,93,0,7,27
2025-07-28,SKU04153,228,0,7,55
2025-07-28,SKU04158,375,0,7,95
2025-07-28,SKU04160,118,0,7,27
2025-07-28,SKU04228,238,0,7,42
2025-07-28,SKU04281,585,0,7,99
2025-07-28,SKU04352,208,0,7,38
2025-07-28,SKU04401,556,0,7,95
2025-07-28,SKU04443,358,0,7,61
2025-07-28,SKU04504,116,0,7,21
2025-07-28,SKU04654,180,0,7,47
2025-07-28,SKU04706,97,0,7,29
2025-07-28,SKU04849,121,0,7,25
2025-07-28,SKU04888,403,0,7,94
2025-07-28,SKU04901,542,0,7,125
2025-07-28,SKU04953,80,0,7,21
2025-07-29,SKU00024,369,0,7,91
2025-07-29,SKU00075,230,0,7,62
2025-07-29,SKU00105,429,0,7,77
2025-07-29,SKU00140,191,0,7,48
2025-07-29,SKU00150,216,0,7,41
2025-07-29,SKU00167,146,0,7,38
2025-07-29,SKU00240,137,0,7,36
2025-07-29,SKU00251,515,0,7,108
2025-07-29,SKU00305,170,0,7,36
2025-07-29,SKU00371,185,0,7,51
2025-07-29,SKU00466,129,0,7,23
2025-07-29,SKU00502,211,0,7,62
2025-07-29,SKU00589,308,0,7,54
2025-07-29,SKU00638,64,0,7,20
2025-07-29,SKU00691,301,0,7,60
2025-07-29,SKU00721,298,0,7,52
2025-07-29,SKU00767,253,0,7,72
2025-07-29,SKU00874,147,0,7,37
2025-07-29,SKU00906,236,0,7,76
2025-07-29,SKU00935,399,0,7,84
2025-07-29,SKU01038,89,0,7,22
2025-07-29,SKU01046,297,0,7,67
2025-07-29,SKU01068,189,0,7,41
2025-07-29,SKU01104,287,0,7,67
2025-07-29,SKU01158,269,0,7,45
2025-07-29,SKU01179,242,0,7,43
2025-07-29,SKU01191,259,0,7,68
2025-07-29,SKU01224,287,0,7,52
2025-07-29,SKU01264,179,0,7,49
2025-07-29,SKU01337,434,0,7,74
2025-07-29,SKU01423,562,0,7,134
2025-07-29,SKU01542,453,0,7,95
2025-07-29,SKU01582,628,0,7,120
2025-07-29,SKU01645,846,0,7,199
2025-07-29,SKU01649,586,0,7,98
2025-07-29,SKU01651,342,0,7,61
2025-07-29,SKU01678,353,0,7,93
2025-07-29,SKU01684,115,0,7,34
2025-07-29,SKU01762,380,0,7,75
2025-07-29,SKU01792,181,0,7,59
2025-07-29,SKU01851,269,0,7,63
2025-07-29,SKU01857,306,0,7,60
2025-07-29,SKU01906,437,0,7,79
2025-07-29,SKU01911,300,0,7,71
2025-07-29,SKU01915,414,0,7,95
2025-07-29,SKU01919,298,0,7,98
2025-07-29,SKU02057,188,0,7,36
2025-07-29,SKU02194,383,0,7,85
2025-07-29,SKU02248,106,0,7,26
2025-07-29,SKU02255,123,0,7,30
2025-07-29,SKU02590,241,0,7,47
2025-07-29,SKU02639,124,0,7,23
2025-07-29,SKU02681,111,0,7,35
2025-07-29,SKU02722,288,0,7,89
2025-07-29,SKU02780,145,0,7,28
2025-07-29,SKU02794,545,0,7,107
2025-07-29,SKU02915,97,0,7,24
2025-07-29,SKU02938,146,0,7,31
2025-07-29,SKU03031,116,0,7,33
2025-07-29,SKU03036,148,0,7,39
2025-07-29,SKU03058,270,0,7,49
2025-07-29,SKU03115,190,0,7,35
2025-07-29,SKU03173,165,0,7,30
2025-07-29,SKU03177,272,0,7,64
2025-07-29,SKU03179,195,0,7,61
2025-07-29,SKU03192,323,0,7,82
2025-07-29,SKU03210,402,0,7,76
2025-07-29,SKU03266,142,0,7,35
2025-07-29,SKU03284,455,0,7,79
2025-07-29,SKU03295,371,0,7,91
2025-07-29,SKU03349,392,0,7,76
2025-07-29,SKU03362,69,0,7,20
2025-07-29,SKU03376,232,0,7,62
2025-07-29,SKU03414,102,0,7,24
2025-07-29,SKU03416,155,0,7,49
2025-07-29,SKU03428,449,0,7,96
2025-07-29,SKU03491,396,0,7,75
2025-07-29,SKU03492,160,0,7,29
2025-07-29,SKU03504,147,0,7,42
2025-07-29,SKU03520,313,0,7,82
2025-07-29,SKU03592,359,0,7,77
2025-07-29,SKU03619,278,0,7,58
2025-07-29,SKU03823,239,0,7,62
2025-07-29,SKU03833,312,0,7,69
2025-07-29,SKU03837,296,0,7,74
2025-07-29,SKU03863,227,0,7,64
2025-07-29,SKU03864,95,0,7,30
2025-07-29,SKU03905,811,0,7,171
2025-07-29,SKU03961,100,0,7,32
2025-07-29,SKU03968,183,0,7,44
2025-07-29,SKU04053,345,0,7,83
2025-07-29,SKU04054,125,0,7,23
2025-07-29,SKU04062,332,0,7,86
2025-07-29,SKU04073,426,0,7,105
2025-07-29,SKU04215,211,0,7,40
2025-07-29,SKU04281,346,0,7,97
2025-07-29,SKU04319,155,0,7,28
2025-07-29,SKU04461,437,0,7,82
2025-07-29,SKU04505,128,0,7,29
2025-07-29,SKU04532,458,0,7,87
2025-07-29,SKU04580,758,0,7,149
2025-07-29,SKU04665,197,0,7,35
2025-07-29,SKU04690,263,0,7,46
2025-07-29,SKU04741,473,0,7,128
2025-07-29,SKU04747,337,0,7,91
2025-07-29,SKU04879,435,0,7,82
2025-07-29,SKU04945,307,0,7,56
2025-07-29,SKU04987,132,0,7,37
2025-07-30,SKU00066,435,0,7,126
2025-07-30,SKU00075,277,0,7,79
2025-07-30,SKU00150,290,0,7,68
2025-07-30,SKU00167,267,0,7,65
2025-07-30,SKU00240,188,0,7,34
2025-07-30,SKU00251,371,0,7,71
2025-07-30,SKU00389,298,0,7,71
2025-07-30,SKU00401,223,0,7,53
2025-07-30,SKU00449,168,0,7,51
2025-07-30,SKU00498,291,0,7,59
2025-07-30,SKU00501,281,0,7,64
2025-07-30,SKU00516,374,0,7,90
2025-07-30,SKU00551,103,0,7,22
2025-07-30,SKU00740,407,0,7,80
2025-07-30,SKU00788,361,0,7,65
2025-07-30,SKU00855,425,0,7,90
2025-07-30,SKU00890,234,0,7,50
2025-07-30,SKU00935,214,0,7,61
2025-07-30,SKU01031,81,0,7,20
2025-07-30,SKU01046,255,0,7,44
2025-07-30,SKU01068,398,0,7,97
2025-07-30,SKU01075,97,0,7,23
2025-07-30,SKU01171,145,0,7,44
2025-07-30,SKU01256,149,0,7,35
2025-07-30,SKU01287,285,0,7,65
2025-07-30,SKU01310,190,0,7,55
2025-07-30,SKU01339,379,0,7,91
2025-07-30,SKU01347,170,0,7,51
2025-07-30,SKU01392,133,0,7,43
2025-07-30,SKU01407,376,0,7,85
2025-07-30,SKU01423,135,0,7,33
2025-07-30,SKU01428,613,0,7,144
2025-07-30,SKU01433,166,0,7,32
2025-07-30,SKU01441,429,0,7,77
2025-07-30,SKU01558,152,0,7,36
2025-07-30,SKU01754,207,0,7,37
2025-07-30,SKU01766,369,0,7,97
2025-07-30,SKU01781,284,0,7,61
2025-07-30,SKU01828,186,0,7,58
2025-07-30,SKU01851,276,0,7,73
2025-07-30,SKU01854,449,0,7,80
2025-07-30,SKU01906,386,0,7,85
2025-07-30,SKU01915,127,0,7,22
2025-07-30,SKU02064,235,0,7,76
2025-07-30,SKU02075,271,0,7,51
2025-07-30,SKU02128,107,0,7,29
2025-07-30,SKU02164,720,0,7,127
2025-07-30,SKU02172,146,0,7,32
2025-07-30,SKU02211,334,0,7,63
2025-07-30,SKU02217,155,0,7,29
2025-07-30,SKU02224,533,0,7,119
2025-07-30,SKU02248,233,0,7,72
2025-07-30,SKU02253,507,0,7,129
2025-07-30,SKU02351,776,0,7,180
2025-07-30,SKU02463,345,0,7,96
2025-07-30,SKU02514,537,0,7,92
2025-07-30,SKU02519,237,0,7,55
2025-07-30,SKU02520,277,0,7,76
2025-07-30,SKU02567,224,0,7,66
2025-07-30,SKU02576,153,0,7,49
2025-07-30,SKU02590,74,0,7,21
2025-07-30,SKU02907,147,0,7,31
2025-07-30,SKU03014,121,0,7,22
2025-07-30,SKU03036,260,0,7,44
2025-07-30,SKU03089,140,0,7,28
2025-07-30,SKU03105,436,0,7,74
2025-07-30,SKU03115,567,0,7,98
2025-07-30,SKU03177,95,0,7,29
2025-07-30,SKU03179,454,0,7,89
2025-07-30,SKU03220,324,0,7,84
2025-07-30,SKU03266,263,0,7,65
2025-07-30,SKU03311,346,0,7,80
2025-07-30,SKU03357,458,0,7,79
2025-07-30,SKU03484,184,0,7,61
2025-07-30,SKU03491,534,0,7,100
2025-07-30,SKU03548,317,0,7,96
2025-07-30,SKU03582,136,0,7,41
2025-07-30,SKU03592,174,0,7,44
2025-07-30,SKU03602,211,0,7,41
2025-07-30,SKU03619,446,0,7,91
2025-07-30,SKU03803,225,0,7,48
2025-07-30,SKU03822,163,0,7,34
2025-07-30,SKU03905,138,0,7,26
2025-07-30,SKU03932,554,0,7,93
2025-07-30,SKU03961,194,0,7,45
2025-07-30,SKU04048,158,0,7,47
2025-07-30,SKU04053,210,0,7,64
2025-07-30,SKU04062,402,0,7,92
2025-07-30,SKU04107,585,0,7,106
2025-07-30,SKU04144,499,0,7,95
2025-07-30,SKU04212,208,0,7,63
2025-07-30,SKU04217,488,0,7,91
2025-07-30,SKU04228,872,0,7,207
2025-07-30,SKU04409,93,0,7,20
2025-07-30,SKU04414,200,0,7,60
2025-07-30,SKU04442,277,0,7,73
2025-07-30,SKU04443,380,0,7,71
2025-07-30,SKU04505,458,0,7,83
2025-07-30,SKU04566,406,0,7,102
2025-07-30,SKU04664,342,0,7,76
2025-07-30,SKU04670,195,0,7,39
2025-07-30,SKU04693,96,0,7,22
2025-07-30,SKU04741,448,0,7,89
2025-07-30,SKU04795,177,0,7,34
2025-07-30,SKU04888,120,0,7,27
2025-07-30,SKU04894,262,0,7,54
2025-07-30,SKU04902,421,0,7,75
2025-07-30,SKU04955,195,0,7,34
2025-07-30,SKU05000,275,0,7,72
2025-07-31,SKU00052,358,0,7,97
2025-07-31,SKU00251,390,0,7,66
2025-07-31,SKU00350,96,0,7,31
2025-07-31,SKU00371,569,0,7,98
2025-07-31,SKU00449,591,0,7,99
2025-07-31,SKU00532,98,0,7,22
2025-07-31,SKU00551,294,0,7,96
2025-07-31,SKU00638,130,0,7,26
2025-07-31,SKU00645,291,0,7,52
2025-07-31,SKU00682,94,0,7,30
2025-07-31,SKU00706,86,0,7,26
2025-07-31,SKU00758,266,0,7,46
2025-07-31,SKU00837,617,0,7,188
2025-07-31,SKU00855,139,0,7,28
2025-07-31,SKU00874,467,0,7,98
2025-07-31,SKU00935,83,0,7,23
2025-07-31,SKU00965,382,0,7,66
2025-07-31,SKU01032,202,0,7,35
2025-07-31,SKU01034,297,0,7,50
2025-07-31,SKU01038,351,0,7,75
2025-07-31,SKU01046,204,0,7,46
2025-07-31,SKU01052,176,0,7,51
2025-07-31,SKU01133,409,0,7,77
2025-07-31,SKU01187,124,0,7,34
2025-07-31,SKU01396,292,0,7,62
2025-07-31,SKU01407,531,0,7,95
2025-07-31,SKU01433,507,0,7,99
2025-07-31,SKU01567,277,0,7,63
2025-07-31,SKU01582,425,0,7,89
2025-07-31,SKU01696,171,0,7,33
2025-07-31,SKU01754,89,0,7,24
2025-07-31,SKU01781,179,0,7,42
2025-07-31,SKU01792,95,0,7,28
2025-07-31,SKU01854,636,0,7,135
2025-07-31,SKU01903,470,0,7,80
2025-07-31,SKU01986,598,0,7,138
2025-07-31,SKU02055,455,0,7,77
2025-07-31,SKU02164,244,0,7,49
2025-07-31,SKU02194,406,0,7,98
2025-07-31,SKU02253,108,0,7,21
2025-07-31,SKU02351,239,0,7,47
2025-07-31,SKU02425,276,0,7,68
2025-07-31,SKU02514,181,0,7,49
2025-07-31,SKU02580,267,0,7,72
2025-07-31,SKU02675,324,0,7,68
2025-07-31,SKU02686,376,0,7,78
2025-07-31,SKU02700,333,0,7,86
2025-07-31,SKU02728,402,0,7,83
2025-07-31,SKU02763,439,0,7,100
2025-07-31,SKU02911,364,0,7,83
2025-07-31,SKU02946,313,0,7,74
2025-07-31,SKU03058,89,0,7,28
2025-07-31,SKU03073,122,0,7,40
2025-07-31,SKU03235,443,0,7,100
2025-07-31,SKU03254,662,0,7,140
2025-07-31,SKU03257,311,0,7,76
2025-07-31,SKU03277,283,0,7,82
2025-07-31,SKU03284,220,0,7,47
2025-07-31,SKU03311,367,0,7,84
2025-07-31,SKU03349,999,0,7,205
2025-07-31,SKU03416,409,0,7,121
2025-07-31,SKU03457,78,0,7,24
2025-07-31,SKU03583,145,0,7,34
2025-07-31,SKU03600,342,0,7,88
2025-07-31,SKU03709,94,0,7,23
2025-07-31,SKU03737,185,0,7,60
2025-07-31,SKU03740,646,0,7,161
2025-07-31,SKU03744,217,0,7,48
2025-07-31,SKU03749,357,0,7,86
2025-07-31,SKU03822,360,0,7,84
2025-07-31,SKU03823,112,0,7,30
2025-07-31,SKU03884,311,0,7,95
2025-07-31,SKU04019,259,0,7,46
2025-07-31,SKU04048,355,0,7,80
2025-07-31,SKU04053,320,0,7,60
2025-07-31,SKU04118,120,0,7,21
2025-07-31,SKU04142,187,0,7,41
2025-07-31,SKU04152,66,0,7,20
2025-07-31,SKU04158,220,0,7,64
2025-07-31,SKU04212,396,0,7,68
2025-07-31,SKU04265,198,0,7,63
2025-07-31,SKU04442,128,0,7,26
2025-07-31,SKU04499,396,0,7,93
2025-07-31,SKU04605,157,0,7,31
2025-07-31,SKU04607,385,0,7,70
2025-07-31,SKU04612,475,0,7,89
2025-07-31,SKU04636,95,0,7,29
2025-07-31,SKU04665,372,0,7,79
2025-07-31,SKU04679,463,0,7,100
2025-07-31,SKU04690,267,0,7,48
2025-07-31,SKU04693,160,0,7,39
2025-07-31,SKU04726,639,0,7,143
2025-07-31,SKU04757,505,0,7,93
2025-07-31,SKU04771,507,0,7,125
2025-07-31,SKU04798,551,0,7,132
2025-07-31,SKU04879,350,0,7,75
2025-07-31,SKU04888,224,0,7,48
2025-08-01,SKU00012,209,0,7,52
2025-08-01,SKU00024,375,0,7,85
2025-08-01,SKU00052,341,0,7,60
2025-08-01,SKU00140,430,0,7,73
2025-08-01,SKU00331,354,0,7,85
2025-08-01,SKU00386,180,0,7,50
2025-08-01,SKU00401,215,0,7,48
2025-08-01,SKU00421,244,0,7,49
2025-08-01,SKU00466,335,0,7,64
2025-08-01,SKU00546,90,0,7,20
2025-08-01,SKU00585,271,0,7,71
2025-08-01,SKU00598,380,0,7,91
2025-08-01,SKU00638,215,0,7,48
2025-08-01,SKU00662,285,0,7,78
2025-08-01,SKU00699,83,0,7,25
2025-08-01,SKU00706,581,0,7,100
2025-08-01,SKU00732,255,0,7,78
2025-08-01,SKU00734,439,0,7,96
2025-08-01,SKU00821,192,0,7,32
2025-08-01,SKU00954,229,0,7,69
2025-08-01,SKU01158,274,0,7,47
2025-08-01,SKU01179,183,0,7,37
2025-08-01,SKU01337,426,0,7,87
2025-08-01,SKU01392,155,0,7,36
2025-08-01,SKU01495,163,0,7,41
2025-08-01,SKU01684,341,0,7,60
2025-08-01,SKU01696,312,0,7,67
2025-08-01,SKU01911,609,0,7,121
2025-08-01,SKU01981,393,0,7,69
2025-08-01,SKU02055,228,0,7,49
2025-08-01,SKU02064,172,0,7,40
2025-08-01,SKU02075,369,0,7,70
2025-08-01,SKU02103,308,0,7,56
2025-08-01,SKU02211,321,0,7,95
2025-08-01,SKU02217,183,0,7,59
2025-08-01,SKU02253,221,0,7,37
2025-08-01,SKU02267,186,0,7,54
2025-08-01,SKU02279,349,0,7,68
2025-08-01,SKU02541,189,0,7,47
2025-08-01,SKU02639,235,0,7,71
2025-08-01,SKU02700,195,0,7,48
2025-08-01,SKU02780,151,0,7,43
2025-08-01,SKU02794,301,0,7,62
2025-08-01,SKU02871,205,0,7,42
2025-08-01,SKU02877,276,0,7,88
2025-08-01,SKU02915,203,0,7,42
2025-08-01,SKU02938,268,0,7,70
2025-08-01,SKU02997,189,0,7,43
2025-08-01,SKU02999,257,0,7,83
2025-08-01,SKU03089,320,0,7,91
2025-08-01,SKU03108,181,0,7,41
2025-08-01,SKU03129,298,0,7,90
2025-08-01,SKU03150,95,0,7,23
2025-08-01,SKU03235,442,0,7,75
2025-08-01,SKU03254,242,0,7,52
2025-08-01,SKU03257,215,0,7,52
2025-08-01,SKU03284,145,0,7,48
2025-08-01,SKU03291,92,0,7,22
2025-08-01,SKU03375,377,0,7,66
2025-08-01,SKU03457,199,0,7,60
2025-08-01,SKU03562,120,0,7,40
2025-08-01,SKU03619,138,0,7,37
2025-08-01,SKU03803,211,0,7,52
2025-08-01,SKU03823,277,0,7,67
2025-08-01,SKU03833,258,0,7,83
2025-08-01,SKU03848,219,0,7,43
2025-08-01,SKU03864,261,0,7,77
2025-08-01,SKU03905,309,0,7,68
2025-08-01,SKU03968,384,0,7,68
2025-08-01,SKU03975,250,0,7,71
2025-08-01,SKU04102,299,0,7,96
2025-08-01,SKU04106,350,0,7,99
2025-08-01,SKU04142,603,0,7,131
2025-08-01,SKU04144,124,0,7,34
2025-08-01,SKU04250,377,0,7,70
2025-08-01,SKU04334,370,0,7,71
2025-08-01,SKU04392,226,0,7,38
2025-08-01,SKU04468,251,0,7,73
2025-08-01,SKU04505,579,0,7,164
2025-08-01,SKU04561,253,0,7,72
2025-08-01,SKU04690,152,0,7,38
2025-08-01,SKU04795,255,0,7,64
2025-08-01,SKU04901,183,0,7,32
2025-08-01,SKU04905,85,0,7,21
2025-08-01,SKU04955,111,0,7,36
2025-08-01,SKU04958,344,0,7,65
2025-08-01,SKU04987,313,0,7,75
2025-08-01,SKU05000,168,0,7,55
2025-08-02,SKU00127,335,0,7,63
2025-08-02,SKU00150,157,0,7,33
2025-08-02,SKU00167,508,0,7,134
2025-08-02,SKU00262,286,0,7,63
2025-08-02,SKU00305,178,0,7,52
2025-08-02,SKU00331,266,0,7,56
2025-08-02,SKU00532,875,0,7,163
2025-08-02,SKU00775,212,0,7,40
2025-08-02,SKU00935,180,0,7,48
2025-08-02,SKU01034,350,0,7,64
2025-08-02,SKU01046,178,0,7,54
2025-08-02,SKU01112,536,0,7,117
2025-08-02,SKU01171,429,0,7,93
2025-08-02,SKU01174,155,0,7,29
2025-08-02,SKU01200,89,0,7,27
2025-08-02,SKU01347,333,0,7,73
2025-08-02,SKU01407,138,0,7,32
2025-08-02,SKU01433,538,0,7,110
2025-08-02,SKU01567,262,0,7,67
2025-08-02,SKU01605,106,0,7,25
2025-08-02,SKU01643,373,0,7,85
2025-08-02,SKU01649,508,0,7,145
2025-08-02,SKU01675,162,0,7,30
2025-08-02,SKU01678,504,0,7,130
2025-08-02,SKU01684,539,0,7,99
2025-08-02,SKU01717,415,0,7,93
2025-08-02,SKU01766,230,0,7,74
2025-08-02,SKU01828,361,0,7,61
2025-08-02,SKU01834,266,0,7,48
2025-08-02,SKU01874,285,0,7,51
2025-08-02,SKU01880,465,0,7,90
2025-08-02,SKU01915,278,0,7,60
2025-08-02,SKU01971,368,0,7,99
2025-08-02,SKU01981,377,0,7,70
2025-08-02,SKU01986,189,0,7,35
2025-08-02,SKU02055,272,0,7,73
2025-08-02,SKU02064,109,0,7,30
2025-08-02,SKU02129,156,0,7,33
2025-08-02,SKU02224,392,0,7,81
2025-08-02,SKU02387,175,0,7,36
2025-08-02,SKU02421,283,0,7,92
2025-08-02,SKU02436,572,0,7,125
2025-08-02,SKU02463,292,0,7,75
2025-08-02,SKU02520,365,0,7,80
2025-08-02,SKU02533,128,0,7,23
2025-08-02,SKU02541,280,0,7,56
2025-08-02,SKU02662,604,0,7,134
2025-08-02,SKU02710,254,0,7,62
2025-08-02,SKU02718,248,0,7,44
2025-08-02,SKU02728,132,0,7,43
2025-08-02,SKU02822,307,0,7,69
2025-08-02,SKU02829,427,0,7,95
2025-08-02,SKU03058,283,0,7,72
2025-08-02,SKU03105,277,0,7,68
2025-08-02,SKU03108,228,0,7,50
2025-08-02,SKU03179,181,0,7,58
2025-08-02,SKU03286,336,0,7,61
2025-08-02,SKU03347,117,0,7,28
2025-08-02,SKU03436,538,0,7,135
2025-08-02,SKU03493,797,0,7,197
2025-08-02,SKU03562,167,0,7,48
2025-08-02,SKU03592,715,0,7,167
2025-08-02,SKU03603,545,0,7,147
2025-08-02,SKU03619,295,0,7,65
2025-08-02,SKU03634,126,0,7,33
2025-08-02,SKU03740,343,0,7,72
2025-08-02,SKU03744,235,0,7,51
2025-08-02,SKU03807,241,0,7,44
2025-08-02,SKU03833,533,0,7,98
2025-08-02,SKU03839,107,0,7,29
2025-08-02,SKU03864,378,0,7,91
2025-08-02,SKU03892,427,0,7,92
2025-08-02,SKU03931,316,0,7,96
2025-08-02,SKU03968,83,0,7,21
2025-08-02,SKU04019,282,0,7,58
2025-08-02,SKU04052,167,0,7,34
2025-08-02,SKU04054,92,0,7,24
2025-08-02,SKU04144,286,0,7,59
2025-08-02,SKU04152,311,0,7,61
2025-08-02,SKU04153,181,0,7,43
2025-08-02,SKU04217,328,0,7,62
2025-08-02,SKU04249,190,0,7,40
2025-08-02,SKU04250,285,0,7,68
2025-08-02,SKU04261,300,0,7,66
2025-08-02,SKU04409,354,0,7,80
2025-08-02,SKU04499,207,0,7,38
2025-08-02,SKU04643,425,0,7,88
2025-08-02,SKU04665,174,0,7,37
2025-08-02,SKU04679,115,0,7,22
2025-08-02,SKU04693,431,0,7,79
2025-08-02,SKU04771,104,0,7,25
2025-08-02,SKU04791,383,0,7,68
2025-08-02,SKU04919,279,0,7,57
2025-08-02,SKU04987,117,0,7,21
2025-08-03,SKU00090,377,0,7,82
2025-08-03,SKU00105,385,0,7,86
2025-08-03,SKU00140,329,0,7,78
2025-08-03,SKU00170,539,0,7,122
2025-08-03,SKU00173,230,0,7,70
2025-08-03,SKU00262,317,0,7,91
2025-08-03,SKU00317,236,0,7,62
2025-08-03,SKU00389,426,0,7,100
2025-08-03,SKU00437,93,0,7,22
2025-08-03,SKU00462,340,0,7,72
2025-08-03,SKU00516,160,0,7,44
2025-08-03,SKU00521,102,0,7,22
2025-08-03,SKU00546,145,0,7,26
2025-08-03,SKU00589,390,0,7,85
2025-08-03,SKU00645,272,0,7,53
2025-08-03,SKU00691,390,0,7,87
2025-08-03,SKU00740,478,0,7,98
2025-08-03,SKU00758,364,0,7,95
2025-08-03,SKU00954,249,0,7,68
2025-08-03,SKU00991,187,0,7,61
2025-08-03,SKU01023,734,0,7,152
2025-08-03,SKU01031,152,0,7,27
2025-08-03,SKU01038,391,0,7,76
2025-08-03,SKU01046,283,0,7,78
2025-08-03,SKU01068,95,0,7,25
2025-08-03,SKU01133,284,0,7,92
2025-08-03,SKU01303,101,0,7,20
2025-08-03,SKU01340,240,0,7,69
2025-08-03,SKU01392,131,0,7,26
2025-08-03,SKU01423,1089,0,7,187
2025-08-03,SKU01441,351,0,7,66
2025-08-03,SKU01568,341,0,7,77
2025-08-03,SKU01580,194,0,7,35
2025-08-03,SKU01684,284,0,7,51
2025-08-03,SKU01696,512,0,7,88
2025-08-03,SKU01766,157,0,7,47
2025-08-03,SKU01770,279,0,7,52
2025-08-03,SKU01803,299,0,7,64
2025-08-03,SKU01818,248,0,7,80
2025-08-03,SKU01827,116,0,7,37
2025-08-03,SKU01828,439,0,7,90
2025-08-03,SKU01857,106,0,7,32
2025-08-03,SKU01939,144,0,7,26
2025-08-03,SKU01971,432,0,7,83
2025-08-03,SKU01981,522,0,7,133
2025-08-03,SKU02014,337,0,7,64
2025-08-03,SKU02038,126,0,7,22
2025-08-03,SKU02194,91,0,7,26
2025-08-03,SKU02211,314,0,7,80
2025-08-03,SKU02376,477,0,7,92
2025-08-03,SKU02436,252,0,7,51
2025-08-03,SKU02580,325,0,7,55
2025-08-03,SKU02584,144,0,7,45
2025-08-03,SKU02630,298,0,7,66
2025-08-03,SKU02639,135,0,7,24
2025-08-03,SKU02662,144,0,7,45
2025-08-03,SKU02686,231,0,7,46
2025-08-03,SKU02794,245,0,7,46
2025-08-03,SKU02842,392,0,7,89
2025-08-03,SKU03005,345,0,7,85
2025-08-03,SKU03108,119,0,7,24
2025-08-03,SKU03139,406,0,7,98
2025-08-03,SKU03152,221,0,7,43
2025-08-03,SKU03230,320,0,7,94
2025-08-03,SKU03251,578,0,7,136
2025-08-03,SKU03349,236,0,7,48
2025-08-03,SKU03492,352,0,7,59
2025-08-03,SKU03504,271,0,7,73
2025-08-03,SKU03523,579,0,7,98
2025-08-03,SKU03740,187,0,7,40
2025-08-03,SKU03749,208,0,7,46
2025-08-03,SKU03803,262,0,7,49
2025-08-03,SKU03807,87,0,7,25
2025-08-03,SKU03839,82,0,7,22
2025-08-03,SKU03848,255,0,7,47
2025-08-03,SKU03905,474,0,7,81
2025-08-03,SKU03941,334,0,7,87
2025-08-03,SKU04102,172,0,7,41
2025-08-03,SKU04194,265,0,7,80
2025-08-03,SKU04236,506,0,7,140
2025-08-03,SKU04244,230,0,7,56
2025-08-03,SKU04352,758,0,7,139
2025-08-03,SKU04388,466,0,7,97
2025-08-03,SKU04475,655,0,7,131
2025-08-03,SKU04504,146,0,7,46
2025-08-03,SKU04505,258,0,7,70
2025-08-03,SKU04526,244,0,7,57
2025-08-03,SKU04532,357,0,7,86
2025-08-03,SKU04554,149,0,7,46
2025-08-03,SKU04580,446,0,7,97
2025-08-03,SKU04605,285,0,7,56
2025-08-03,SKU04654,151,0,7,32
2025-08-03,SKU04690,275,0,7,52
2025-08-03,SKU04717,296,0,7,54
2025-08-03,SKU04741,148,0,7,33
2025-08-03,SKU04747,314,0,7,67
2025-08-03,SKU04795,207,0,7,45
2025-08-03,SKU04887,400,0,7,80
2025-08-03,SKU04902,198,0,7,34
2025-08-03,SKU04941,247,0,7,56
2025-08-03,SKU04955,139,0,7,44
2025-08-03,SKU04996,407,0,7,80
2025-08-04,SKU00012,217,0,7,51
2025-08-04,SKU00050,0,70,7,70
2025-08-04,SKU00062,0,60,7,60
2025-08-04,SKU00069,216,0,7,37
2025-08-04,SKU00083,131,0,7,31
2025-08-04,SKU00169,0,54,7,54
2025-08-04,SKU00170,340,0,7,86
2025-08-04,SKU00177,0,55,7,55
2025-08-04,SKU00237,148,0,7,39
2025-08-04,SKU00263,0,35,7,35
2025-08-04,SKU00286,0,38,7,38
2025-08-04,SKU00350,328,0,7,56
2025-08-04,SKU00355,229,0,7,74
2025-08-04,SKU00369,0,67,7,67
2025-08-04,SKU00385,169,0,7,36
2025-08-04,SKU00386,434,0,7,94
2025-08-04,SKU00402,489,0,7,126
2025-08-04,SKU00437,363,0,7,65
2025-08-04,SKU00445,0,112,7,112
2025-08-04,SKU00449,281,0,7,75
2025-08-04,SKU00466,381,0,7,98
2025-08-04,SKU00484,0,45,7,45
2025-08-04,SKU00500,0,22,7,22
2025-08-04,SKU00553,250,0,7,42
2025-08-04,SKU00585,164,0,7,31
2025-08-04,SKU00608,187,0,7,40
2025-08-04,SKU00638,141,0,7,45
2025-08-04,SKU00645,266,0,7,48
2025-08-04,SKU00691,89,0,7,25
2025-08-04,SKU00699,257,0,7,77
2025-08-04,SKU00721,200,0,7,35
2025-08-04,SKU00728,0,59,7,59
2025-08-04,SKU00749,489,0,7,104
2025-08-04,SKU00775,218,0,7,66
2025-08-04,SKU00823,0,126,7,126
2025-08-04,SKU00932,292,0,7,95
2025-08-04,SKU00935,656,0,7,124
2025-08-04,SKU00942,0,148,7,148
2025-08-04,SKU00986,248,0,7,46
2025-08-04,SKU01030,0,59,7,59
2025-08-04,SKU01038,227,0,7,44
2025-08-04,SKU01138,0,70,7,70
2025-08-04,SKU01170,0,62,7,62
2025-08-04,SKU01317,0,85,7,85
2025-08-04,SKU01340,157,0,7,33
2025-08-04,SKU01370,0,126,7,126
2025-08-04,SKU01371,0,145,7,145
2025-08-04,SKU01396,222,0,7,43
2025-08-04,SKU01423,191,0,7,57
2025-08-04,SKU01457,383,0,7,87
2025-08-04,SKU01485,0,32,7,32
2025-08-04,SKU01651,270,0,7,51
2025-08-04,SKU01674,281,0,7,54
2025-08-04,SKU01685,0,21,7,21
2025-08-04,SKU01733,719,0,7,180
2025-08-04,SKU01751,0,161,7,161
2025-08-04,SKU01770,193,0,7,39
2025-08-04,SKU01827,409,0,7,84
2025-08-04,SKU01939,243,0,7,79
2025-08-04,SKU01971,485,0,7,116
2025-08-04,SKU01993,0,41,7,41
2025-08-04,SKU02064,221,0,7,38
2025-08-04,SKU02070,111,0,7,37
2025-08-04,SKU02088,0,87,7,87
2025-08-04,SKU02094,461,0,7,110
2025-08-04,SKU02155,0,41,7,41
2025-08-04,SKU02172,335,0,7,72
2025-08-04,SKU02194,129,0,7,40
2025-08-04,SKU02255,235,0,7,42
2025-08-04,SKU02355,0,84,7,84
2025-08-04,SKU02376,565,0,7,113
2025-08-04,SKU02381,0,23,7,23
2025-08-04,SKU02462,0,43,7,43
2025-08-04,SKU02463,126,0,7,26
2025-08-04,SKU02472,245,0,7,75
2025-08-04,SKU02503,0,67,7,67
2025-08-04,SKU02526,0,89,7,89
2025-08-04,SKU02532,0,83,7,83
2025-08-04,SKU02533,72,0,7,21
2025-08-04,SKU02538,0,156,7,156
2025-08-04,SKU02567,162,0,7,34
2025-08-04,SKU02570,341,0,7,83
2025-08-04,SKU02626,256,0,7,48
2025-08-04,SKU02640,0,83,7,83
2025-08-04,SKU02660,0,84,7,84
2025-08-04,SKU02692,0,42,7,42
2025-08-04,SKU02710,101,0,7,29
2025-08-04,SKU02728,255,0,7,52
2025-08-04,SKU02763,312,0,7,83
2025-08-04,SKU03014,160,0,7,45
2025-08-04,SKU03031,326,0,7,77
2025-08-04,SKU03057,0,36,7,36
2025-08-04,SKU03171,0,70,7,70
2025-08-04,SKU03179,327,0,7,83
2025-08-04,SKU03235,303,0,7,94
2025-08-04,SKU03257,284,0,7,68
2025-08-04,SKU03281,271,0,7,65
2025-08-04,SKU03286,255,0,7,74
2025-08-04,SKU03311,438,0,7,75
2025-08-04,SKU03416,425,0,7,83
2025-08-04,SKU03425,0,71,7,71
2025-08-04,SKU03428,223,0,7,42
2025-08-04,SKU03441,356,0,7,74
2025-08-04,SKU03578,0,57,7,57
2025-08-04,SKU03600,311,0,7,76
2025-08-04,SKU03622,0,82,7,82
2025-08-04,SKU03624,268,0,7,89
2025-08-04,SKU03743,0,63,7,63
2025-08-04,SKU03773,247,0,7,79
2025-08-04,SKU03803,419,0,7,100
2025-08-04,SKU03828,294,0,7,63
2025-08-04,SKU03840,0,51,7,51
2025-08-04,SKU03863,285,0,7,63
2025-08-04,SKU03884,346,0,7,58
2025-08-04,SKU03905,245,0,7,57
2025-08-04,SKU03950,360,0,7,61
2025-08-04,SKU04053,288,0,7,80
2025-08-04,SKU04126,0,87,7,87
2025-08-04,SKU04153,187,0,7,33
2025-08-04,SKU04160,398,0,7,88
2025-08-04,SKU04191,0,261,7,261
2025-08-04,SKU04261,292,0,7,58
2025-08-04,SKU04315,0,132,7,132
2025-08-04,SKU04321,0,71,7,71
2025-08-04,SKU04334,371,0,7,95
2025-08-04,SKU04348,0,33,7,33
2025-08-04,SKU04392,293,0,7,93
2025-08-04,SKU04414,565,0,7,128
2025-08-04,SKU04442,133,0,7,33
2025-08-04,SKU04443,389,0,7,73
2025-08-04,SKU04489,0,65,7,65
2025-08-04,SKU04491,167,0,7,42
2025-08-04,SKU04551,0,89,7,89
2025-08-04,SKU04554,329,0,7,55
2025-08-04,SKU04562,0,66,7,66
2025-08-04,SKU04574,0,30,7,30
2025-08-04,SKU04591,798,0,7,162
2025-08-04,SKU04607,540,0,7,109
2025-08-04,SKU04641,125,0,7,22
2025-08-04,SKU04646,0,37,7,37
2025-08-04,SKU04653,559,0,7,129
2025-08-04,SKU04663,0,92,7,92
2025-08-04,SKU04665,321,0,7,78
2025-08-04,SKU04706,60,0,7,20
2025-08-04,SKU04726,558,0,7,96
2025-08-04,SKU04771,338,0,7,63
2025-08-04,SKU04783,0,138,7,138
2025-08-04,SKU04849,204,0,7,66
2025-08-04,SKU04879,347,0,7,72
2025-08-04,SKU04887,509,0,7,96
2025-08-04,SKU04902,114,0,7,21
2025-08-04,SKU04913,0,50,7,50
2025-08-05,SKU00002,0,110,7,110
2025-08-05,SKU00052,134,0,7,26
2025-08-05,SKU00062,0,20,7,20
2025-08-05,SKU00169,0,56,7,56
2025-08-05,SKU00186,247,0,7,77
2025-08-05,SKU00240,223,0,7,58
2025-08-05,SKU00251,294,0,7,92
2025-08-05,SKU00254,0,69,7,69
2025-08-05,SKU00317,771,0,7,182
2025-08-05,SKU00355,423,0,7,103
2025-08-05,SKU00363,0,53,7,53
2025-08-05,SKU00421,232,0,7,65
2025-08-05,SKU00449,383,0,7,88
2025-08-05,SKU00466,337,0,7,59
2025-08-05,SKU00524,270,0,7,79
2025-08-05,SKU00538,0,79,7,79
2025-08-05,SKU00539,0,77,7,77
2025-08-05,SKU00650,142,0,7,26
2025-08-05,SKU00662,270,0,7,53
2025-08-05,SKU00691,128,0,7,27
2025-08-05,SKU00692,0,31,7,31
2025-08-05,SKU00699,172,0,7,44
2025-08-05,SKU00721,342,0,7,93
2025-08-05,SKU00728,0,87,7,87
2025-08-05,SKU00732,567,0,7,135
2025-08-05,SKU00734,342,0,7,60
2025-08-05,SKU00758,502,0,7,119
2025-08-05,SKU00821,307,0,7,71
2025-08-05,SKU00858,481,0,7,89
2025-08-05,SKU00890,332,0,7,87
2025-08-05,SKU00893,0,56,7,56
2025-08-05,SKU00942,0,95,7,95
2025-08-05,SKU00953,0,53,7,53
2025-08-05,SKU01017,239,0,7,63
2025-08-05,SKU01021,0,75,7,75
2025-08-05,SKU01030,0,53,7,53
2025-08-05,SKU01048,0,59,7,59
2025-08-05,SKU01052,124,0,7,25
2025-08-05,SKU01068,375,0,7,76
2025-08-05,SKU01138,0,65,7,65
2025-08-05,SKU01170,0,99,7,99
2025-08-05,SKU01191,274,0,7,63
2025-08-05,SKU01274,0,88,7,88
2025-08-05,SKU01287,395,0,7,99
2025-08-05,SKU01371,0,76,7,76
2025-08-05,SKU01423,392,0,7,70
2025-08-05,SKU01438,0,87,7,87
2025-08-05,SKU01538,263,0,7,44
2025-08-05,SKU01578,0,92,7,92
2025-08-05,SKU01580,462,0,7,93
2025-08-05,SKU01645,130,0,7,29
2025-08-05,SKU01685,0,28,7,28
2025-08-05,SKU01781,328,0,7,77
2025-08-05,SKU01880,259,0,7,48
2025-08-05,SKU01971,280,0,7,77
2025-08-05,SKU02104,243,0,7,68
2025-08-05,SKU02155,0,27,7,27
2025-08-05,SKU02329,170,0,7,37
2025-08-05,SKU02351,499,0,7,89
2025-08-05,SKU02368,0,76,7,76
2025-08-05,SKU02386,857,0,7,163
2025-08-05,SKU02401,0,26,7,26
2025-08-05,SKU02449,0,156,7,156
2025-08-05,SKU02482,0,142,7,142
2025-08-05,SKU02514,197,0,7,43
2025-08-05,SKU02519,314,0,7,75
2025-08-05,SKU02520,78,0,7,21
2025-08-05,SKU02532,0,32,7,32
2025-08-05,SKU02566,262,0,7,61
2025-08-05,SKU02648,0,65,7,65
2025-08-05,SKU02657,0,95,7,95
2025-08-05,SKU02675,213,0,7,44
2025-08-05,SKU02718,469,0,7,115
2025-08-05,SKU02722,222,0,7,41
2025-08-05,SKU02833,0,78,7,78
2025-08-05,SKU02898,0,63,7,63
2025-08-05,SKU02915,133,0,7,28
2025-08-05,SKU02954,0,59,7,59
2025-08-05,SKU02983,0,254,7,254
2025-08-05,SKU03030,0,63,7,63
2025-08-05,SKU03031,287,0,7,54
2025-08-05,SKU03043,315,0,7,94
2025-08-05,SKU03105,71,0,7,22
2025-08-05,SKU03150,341,0,7,78
2025-08-05,SKU03192,549,0,7,127
2025-08-05,SKU03230,215,0,7,49
2025-08-05,SKU03254,348,0,7,82
2025-08-05,SKU03284,149,0,7,41
2025-08-05,SKU03349,324,0,7,97
2025-08-05,SKU03376,234,0,7,67
2025-08-05,SKU03416,478,0,7,96
2025-08-05,SKU03436,455,0,7,96
2025-08-05,SKU03476,0,95,7,95
2025-08-05,SKU03548,387,0,7,87
2025-08-05,SKU03562,115,0,7,26
2025-08-05,SKU03583,531,0,7,116
2025-08-05,SKU03600,300,0,7,86
2025-08-05,SKU03627,168,0,7,56
2025-08-05,SKU03633,0,132,7,132
2025-08-05,SKU03727,0,37,7,37
2025-08-05,SKU03744,294,0,7,63
2025-08-05,SKU03749,261,0,7,52
2025-08-05,SKU03773,146,0,7,31
2025-08-05,SKU03812,0,27,7,27
2025-08-05,SKU03833,307,0,7,62
2025-08-05,SKU03839,166,0,7,52
2025-08-05,SKU03863,169,0,7,34
2025-08-05,SKU03876,0,22,7,22
2025-08-05,SKU03892,240,0,7,43
2025-08-05,SKU03941,183,0,7,43
2025-08-05,SKU03968,258,0,7,51
2025-08-05,SKU04016,0,21,7,21
2025-08-05,SKU04048,348,0,7,93
2025-08-05,SKU04102,261,0,7,60
2025-08-05,SKU04118,90,0,7,21
2025-08-05,SKU04152,224,0,7,59
2025-08-05,SKU04157,0,58,7,58
2025-08-05,SKU04191,0,52,7,52
2025-08-05,SKU04280,0,105,7,105
2025-08-05,SKU04329,0,55,7,55
2025-08-05,SKU04352,166,0,7,46
2025-08-05,SKU04388,261,0,7,44
2025-08-05,SKU04414,529,0,7,108
2025-08-05,SKU04425,259,0,7,77
2025-08-05,SKU04470,500,0,7,89
2025-08-05,SKU04505,110,0,7,33
2025-08-05,SKU04526,223,0,7,41
2025-08-05,SKU04571,0,72,7,72
2025-08-05,SKU04574,0,38,7,38
2025-08-05,SKU04591,344,0,7,66
2025-08-05,SKU04596,0,98,7,98
2025-08-05,SKU04605,130,0,7,39
2025-08-05,SKU04653,312,0,7,59
2025-08-05,SKU04654,224,0,7,57
2025-08-05,SKU04665,171,0,7,46
2025-08-05,SKU04679,481,0,7,89
2025-08-05,SKU04726,214,0,7,38
2025-08-05,SKU04747,231,0,7,76
2025-08-05,SKU04849,224,0,7,42
2025-08-05,SKU04913,0,50,7,50
2025-08-05,SKU04926,0,61,7,61
2025-08-05,SKU04996,99,0,7,21
2025-08-06,SKU00020,0,61,7,61
2025-08-06,SKU00050,0,96,7,96
2025-08-06,SKU00079,0,62,7,62
2025-08-06,SKU00237,466,0,7,101
2025-08-06,SKU00262,149,0,7,27
2025-08-06,SKU00285,0,52,7,52
2025-08-06,SKU00286,0,89,7,89
2025-08-06,SKU00305,333,0,7,98
2025-08-06,SKU00342,181,0,7,32
2025-08-06,SKU00350,320,0,7,87
2025-08-06,SKU00363,0,218,7,218
2025-08-06,SKU00369,0,88,7,88
2025-08-06,SKU00386,87,0,7,28
2025-08-06,SKU00402,179,0,7,34
2025-08-06,SKU00416,0,71,7,71
2025-08-06,SKU00498,491,0,7,82
2025-08-06,SKU00506,0,143,7,143
2025-08-06,SKU00521,460,0,7,108
2025-08-06,SKU00524,499,0,7,111
2025-08-06,SKU00531,0,83,7,83
2025-08-06,SKU00532,374,0,7,74
2025-08-06,SKU00553,477,0,7,86
2025-08-06,SKU00608,168,0,7,37
2025-08-06,SKU00628,0,60,7,60
2025-08-06,SKU00631,380,0,7,91
2025-08-06,SKU00682,331,0,7,74
2025-08-06,SKU00691,230,0,7,51
2025-08-06,SKU00692,0,41,7,41
2025-08-06,SKU00728,0,20,7,20
2025-08-06,SKU00767,192,0,7,34
2025-08-06,SKU00775,438,0,7,77
2025-08-06,SKU00788,302,0,7,91
2025-08-06,SKU00830,0,87,7,87
2025-08-06,SKU00832,0,66,7,66
2025-08-06,SKU00890,173,0,7,32
2025-08-06,SKU00893,0,65,7,65
2025-08-06,SKU00920,0,96,7,96
2025-08-06,SKU00965,111,0,7,22
2025-08-06,SKU01030,0,91,7,91
2025-08-06,SKU01031,250,0,7,54
2025-08-06,SKU01037,0,36,7,36
2025-08-06,SKU01038,530,0,7,94
2025-08-06,SKU01052,86,0,7,27
2025-08-06,SKU01063,299,0,7,59
2025-08-06,SKU01068,159,0,7,42
2025-08-06,SKU01138,0,97,7,97
2025-08-06,SKU01167,128,0,7,26
2025-08-06,SKU01303,285,0,7,51
2025-08-06,SKU01337,291,0,7,50
2025-08-06,SKU01413,140,0,7,24
2025-08-06,SKU01433,130,0,7,24
2025-08-06,SKU01438,0,60,7,60
2025-08-06,SKU01485,0,51,7,51
2025-08-06,SKU01542,283,0,7,53
2025-08-06,SKU01558,124,0,7,29
2025-08-06,SKU01582,142,0,7,45
2025-08-06,SKU01651,300,0,7,60
2025-08-06,SKU01677,0,92,7,92
2025-08-06,SKU01751,0,92,7,92
2025-08-06,SKU01784,0,87,7,87
2025-08-06,SKU01818,313,0,7,62
2025-08-06,SKU01822,964,0,7,169
2025-08-06,SKU01857,315,0,7,66
2025-08-06,SKU01911,172,0,7,48
2025-08-06,SKU02046,0,77,7,77
2025-08-06,SKU02057,456,0,7,80
2025-08-06,SKU02088,0,45,7,45
2025-08-06,SKU02104,250,0,7,70
2025-08-06,SKU02142,299,0,7,86
2025-08-06,SKU02221,93,0,7,26
2025-08-06,SKU02247,0,39,7,39
2025-08-06,SKU02248,242,0,7,52
2025-08-06,SKU02267,202,0,7,46
2025-08-06,SKU02331,616,0,7,143
2025-08-06,SKU02351,243,0,7,41
2025-08-06,SKU02365,372,0,7,65
2025-08-06,SKU02401,0,90,7,90
2025-08-06,SKU02425,97,0,7,30
2025-08-06,SKU02471,551,0,7,128
2025-08-06,SKU02472,312,0,7,87
2025-08-06,SKU02514,109,0,7,30
2025-08-06,SKU02526,0,104,7,104
2025-08-06,SKU02546,479,0,7,82
2025-08-06,SKU02558,140,0,7,38
2025-08-06,SKU02683,0,48,7,48
2025-08-06,SKU02692,0,95,7,95
2025-08-06,SKU02833,0,179,7,179
2025-08-06,SKU02840,0,58,7,58
2025-08-06,SKU02964,297,0,7,51
2025-08-06,SKU03053,0,52,7,52
2025-08-06,SKU03058,484,0,7,96
2025-08-06,SKU03105,345,0,7,68
2025-08-06,SKU03129,149,0,7,27
2025-08-06,SKU03150,140,0,7,33
2025-08-06,SKU03251,266,0,7,61
2025-08-06,SKU03266,528,0,7,118
2025-08-06,SKU03347,390,0,7,67
2025-08-06,SKU03362,236,0,7,57
2025-08-06,SKU03414,430,0,7,86
2025-08-06,SKU03425,0,47,7,47
2025-08-06,SKU03467,265,0,7,62
2025-08-06,SKU03504,497,0,7,85
2025-08-06,SKU03546,0,92,7,92
2025-08-06,SKU03548,360,0,7,82
2025-08-06,SKU03578,0,35,7,35
2025-08-06,SKU03609,469,0,7,80
2025-08-06,SKU03624,238,0,7,62
2025-08-06,SKU03693,0,37,7,37
2025-08-06,SKU03709,87,0,7,21
2025-08-06,SKU03737,516,0,7,102
2025-08-06,SKU03803,271,0,7,83
2025-08-06,SKU03805,275,0,7,59
2025-08-06,SKU03807,202,0,7,38
2025-08-06,SKU03837,158,0,7,36
2025-08-06,SKU03884,168,0,7,46
2025-08-06,SKU03975,172,0,7,42
2025-08-06,SKU04046,0,21,7,21
2025-08-06,SKU04054,257,0,7,52
2025-08-06,SKU04062,325,0,7,82
2025-08-06,SKU04140,0,75,7,75
2025-08-06,SKU04142,78,0,7,25
2025-08-06,SKU04153,300,0,7,61
2025-08-06,SKU04261,97,0,7,31
2025-08-06,SKU04273,0,78,7,78
2025-08-06,SKU04281,235,0,7,61
2025-08-06,SKU04315,0,132,7,132
2025-08-06,SKU04350,0,31,7,31
2025-08-06,SKU04489,0,59,7,59
2025-08-06,SKU04504,93,0,7,22
2025-08-06,SKU04508,0,99,7,99
2025-08-06,SKU04554,193,0,7,42
2025-08-06,SKU04562,0,47,7,47
2025-08-06,SKU04626,0,40,7,40
2025-08-06,SKU04627,0,68,7,68
2025-08-06,SKU04636,291,0,7,94
2025-08-06,SKU04664,214,0,7,47
2025-08-06,SKU04679,119,0,7,34
2025-08-06,SKU04783,0,81,7,81
2025-08-06,SKU04847,0,86,7,86
2025-08-06,SKU04941,528,0,7,106
2025-08-06,SKU04945,243,0,7,76
2025-08-06,SKU04953,538,0,7,129
2025-08-07,SKU00066,228,0,7,58
2025-08-07,SKU00079,0,76,7,76
2025-08-07,SKU00105,132,0,7,25
2025-08-07,SKU00140,295,0,7,84
2025-08-07,SKU00169,0,92,7,92
2025-08-07,SKU00170,305,0,7,68
2025-08-07,SKU00190,0,58,7,58
2025-08-07,SKU00305,434,0,7,99
2025-08-07,SKU00342,154,0,7,42
2025-08-07,SKU00350,541,0,7,100
2025-08-07,SKU00371,385,0,7,87
2025-08-07,SKU00466,267,0,7,52
2025-08-07,SKU00535,343,0,7,72
2025-08-07,SKU00539,0,58,7,58
2025-08-07,SKU00551,166,0,7,41
2025-08-07,SKU00553,320,0,7,89
2025-08-07,SKU00585,580,0,7,116
2025-08-07,SKU00589,284,0,7,61
2025-08-07,SKU00650,254,0,7,72
2025-08-07,SKU00699,260,0,7,64
2025-08-07,SKU00728,0,24,7,24
2025-08-07,SKU00758,377,0,7,90
2025-08-07,SKU00767,216,0,7,46
2025-08-07,SKU00775,339,0,7,63
2025-08-07,SKU00821,266,0,7,86
2025-08-07,SKU00845,0,31,7,31
2025-08-07,SKU00890,432,0,7,80
2025-08-07,SKU00936,483,0,7,98
2025-08-07,SKU00954,333,0,7,81
2025-08-07,SKU01038,293,0,7,81
2025-08-07,SKU01042,405,0,7,69
2025-08-07,SKU01045,0,45,7,45
2025-08-07,SKU01046,193,0,7,33
2025-08-07,SKU01104,335,0,7,79
2025-08-07,SKU01138,0,31,7,31
2025-08-07,SKU01152,0,35,7,35
2025-08-07,SKU01164,0,82,7,82
2025-08-07,SKU01170,0,56,7,56
2025-08-07,SKU01171,404,0,7,95
2025-08-07,SKU01256,296,0,7,85
2025-08-07,SKU01310,145,0,7,35
2025-08-07,SKU01317,0,84,7,84
2025-08-07,SKU01318,169,0,7,54
2025-08-07,SKU01337,114,0,7,25
2025-08-07,SKU01347,81,0,7,25
2025-08-07,SKU01371,0,27,7,27
2025-08-07,SKU01392,510,0,7,92
2025-08-07,SKU01466,0,245,7,245
2025-08-07,SKU01578,0,87,7,87
2025-08-07,SKU01645,206,0,7,56
2025-08-07,SKU01674,472,0,7,85
2025-08-07,SKU01677,0,43,7,43
2025-08-07,SKU01766,227,0,7,40
2025-08-07,SKU01775,0,61,7,61
2025-08-07,SKU01857,568,0,7,95
2025-08-07,SKU01919,499,0,7,100
2025-08-07,SKU01939,311,0,7,94
2025-08-07,SKU02064,178,0,7,42
2025-08-07,SKU02088,0,99,7,99
2025-08-07,SKU02164,645,0,7,119
2025-08-07,SKU02221,196,0,7,37
2025-08-07,SKU02333,0,47,7,47
2025-08-07,SKU02340,0,130,7,130
2025-08-07,SKU02351,215,0,7,38
2025-08-07,SKU02355,0,86,7,86
2025-08-07,SKU02365,413,0,7,95
2025-08-07,SKU02376,261,0,7,85
2025-08-07,SKU02381,0,92,7,92
2025-08-07,SKU02462,0,58,7,58
2025-08-07,SKU02484,0,32,7,32
2025-08-07,SKU02503,0,66,7,66
2025-08-07,SKU02533,184,0,7,34
2025-08-07,SKU02534,121,0,7,22
2025-08-07,SKU02543,0,99,7,99
2025-08-07,SKU02566,383,0,7,65
2025-08-07,SKU02567,451,0,7,99
2025-08-07,SKU02570,712,0,7,164
2025-08-07,SKU02639,449,0,7,90
2025-08-07,SKU02675,460,0,7,87
2025-08-07,SKU02692,0,100,7,100
2025-08-07,SKU02700,327,0,7,68
2025-08-07,SKU02718,348,0,7,71
2025-08-07,SKU02747,0,147,7,147
2025-08-07,SKU02829,385,0,7,93
2025-08-07,SKU02871,399,0,7,69
2025-08-07,SKU02907,365,0,7,70
2025-08-07,SKU02923,0,58,7,58
2025-08-07,SKU02930,0,28,7,28
2025-08-07,SKU02938,215,0,7,38
2025-08-07,SKU03063,0,147,7,147
2025-08-07,SKU03073,267,0,7,71
2025-08-07,SKU03092,117,0,7,23
2025-08-07,SKU03108,1020,0,7,204
2025-08-07,SKU03129,353,0,7,65
2025-08-07,SKU03152,189,0,7,50
2025-08-07,SKU03171,0,91,7,91
2025-08-07,SKU03199,0,99,7,99
2025-08-07,SKU03210,154,0,7,42
2025-08-07,SKU03220,359,0,7,80
2025-08-07,SKU03251,221,0,7,61
2025-08-07,SKU03284,195,0,7,54
2025-08-07,SKU03290,361,0,7,65
2025-08-07,SKU03292,0,49,7,49
2025-08-07,SKU03362,216,0,7,55
2025-08-07,SKU03416,262,0,7,67
2025-08-07,SKU03428,118,0,7,26
2025-08-07,SKU03454,243,0,7,73
2025-08-07,SKU03476,0,146,7,146
2025-08-07,SKU03484,168,0,7,37
2025-08-07,SKU03491,410,0,7,82
2025-08-07,SKU03504,280,0,7,89
2025-08-07,SKU03609,432,0,7,90
2025-08-07,SKU03622,0,34,7,34
2025-08-07,SKU03709,167,0,7,36
2025-08-07,SKU03807,147,0,7,41
2025-08-07,SKU03828,357,0,7,71
2025-08-07,SKU03833,152,0,7,30
2025-08-07,SKU03837,253,0,7,67
2025-08-07,SKU03907,0,91,7,91
2025-08-07,SKU03966,98,0,7,24
2025-08-07,SKU03968,798,0,7,148
2025-08-07,SKU04048,113,0,7,37
2025-08-07,SKU04052,241,0,7,64
2025-08-07,SKU04145,802,0,7,163
2025-08-07,SKU04152,145,0,7,31
2025-08-07,SKU04194,594,0,7,138
2025-08-07,SKU04215,307,0,7,72
2025-08-07,SKU04292,137,0,7,29
2025-08-07,SKU04305,0,44,7,44
2025-08-07,SKU04346,0,45,7,45
2025-08-07,SKU04362,0,100,7,100
2025-08-07,SKU04453,0,77,7,77
2025-08-07,SKU04461,331,0,7,71
2025-08-07,SKU04562,0,58,7,58
2025-08-07,SKU04566,324,0,7,83
2025-08-07,SKU04574,0,27,7,27
2025-08-07,SKU04605,365,0,7,75
2025-08-07,SKU04633,0,87,7,87
2025-08-07,SKU04636,188,0,7,32
2025-08-07,SKU04726,515,0,7,95
2025-08-07,SKU04756,0,33,7,33
2025-08-07,SKU04768,259,0,7,55
2025-08-07,SKU04791,136,0,7,44
2025-08-07,SKU04797,388,0,7,72
2025-08-08,SKU00002,0,180,7,180
2025-08-08,SKU00069,225,0,7,44
2025-08-08,SKU00090,178,0,7,46
2025-08-08,SKU00105,224,0,7,57
2025-08-08,SKU00140,233,0,7,62
2025-08-08,SKU00167,228,0,7,72
2025-08-08,SKU00251,574,0,7,100
2025-08-08,SKU00254,0,21,7,21
2025-08-08,SKU00291,0,54,7,54
2025-08-08,SKU00328,0,97,7,97
2025-08-08,SKU00342,272,0,7,59
2025-08-08,SKU00355,73,0,7,20
2025-08-08,SKU00363,0,53,7,53
2025-08-08,SKU00369,0,63,7,63
2025-08-08,SKU00385,293,0,7,85
2025-08-08,SKU00389,298,0,7,70
2025-08-08,SKU00498,382,0,7,87
2025-08-08,SKU00524,605,0,7,116
2025-08-08,SKU00571,495,0,7,135
2025-08-08,SKU00628,0,65,7,65
2025-08-08,SKU00654,700,0,7,143
2025-08-08,SKU00682,324,0,7,74
2025-08-08,SKU00728,0,60,7,60
2025-08-08,SKU00758,103,0,7,25
2025-08-08,SKU00788,133,0,7,32
2025-08-08,SKU00823,0,84,7,84
2025-08-08,SKU00845,0,40,7,40
2025-08-08,SKU00920,0,59,7,59
2025-08-08,SKU00929,0,36,7,36
2025-08-08,SKU00953,0,29,7,29
2025-08-08,SKU00996,0,91,7,91
2025-08-08,SKU01031,219,0,7,55
2025-08-08,SKU01063,105,0,7,23
2025-08-08,SKU01068,231,0,7,49
2025-08-08,SKU01112,81,0,7,20
2025-08-08,SKU01153,0,33,7,33
2025-08-08,SKU01170,0,95,7,95
2025-08-08,SKU01174,403,0,7,97
2025-08-08,SKU01229,162,0,7,48
2025-08-08,SKU01363,0,45,7,45
2025-08-08,SKU01370,0,66,7,66
2025-08-08,SKU01396,251,0,7,57
2025-08-08,SKU01413,114,0,7,20
2025-08-08,SKU01428,390,0,7,75
2025-08-08,SKU01457,260,0,7,67
2025-08-08,SKU01485,0,20,7,20
2025-08-08,SKU01538,314,0,7,63
2025-08-08,SKU01567,472,0,7,99
2025-08-08,SKU01578,0,98,7,98
2025-08-08,SKU01605,419,0,7,75
2025-08-08,SKU01675,228,0,7,58
2025-08-08,SKU01677,0,76,7,76
2025-08-08,SKU01751,0,56,7,56
2025-08-08,SKU01775,0,87,7,87
2025-08-08,SKU01784,0,46,7,46
2025-08-08,SKU01792,685,0,7,123
2025-08-08,SKU01834,126,0,7,24
2025-08-08,SKU01988,0,71,7,71
2025-08-08,SKU02046,0,21,7,21
2025-08-08,SKU02103,342,0,7,65
2025-08-08,SKU02164,329,0,7,66
2025-08-08,SKU02205,500,0,7,131
2025-08-08,SKU02248,648,0,7,126
2025-08-08,SKU02268,0,57,7,57
2025-08-08,SKU02368,0,59,7,59
2025-08-08,SKU02387,85,0,7,22
2025-08-08,SKU02436,333,0,7,90
2025-08-08,SKU02462,0,67,7,67
2025-08-08,SKU02471,525,0,7,100
2025-08-08,SKU02472,346,0,7,70
2025-08-08,SKU02482,0,21,7,21
2025-08-08,SKU02514,613,0,7,160
2025-08-08,SKU02520,446,0,7,109
2025-08-08,SKU02526,0,42,7,42
2025-08-08,SKU02532,0,89,7,89
2025-08-08,SKU02534,310,0,7,90
2025-08-08,SKU02558,215,0,7,65
2025-08-08,SKU02567,319,0,7,98
2025-08-08,SKU02683,0,73,7,73
2025-08-08,SKU02737,0,74,7,74
2025-08-08,SKU02740,0,47,7,47
2025-08-08,SKU02763,115,0,7,27
2025-08-08,SKU02776,0,32,7,32
2025-08-08,SKU02826,0,169,7,169
2025-08-08,SKU02897,116,0,7,27
2025-08-08,SKU02911,504,0,7,98
2025-08-08,SKU02950,0,73,7,73
2025-08-08,SKU02983,0,94,7,94
2025-08-08,SKU03063,0,34,7,34
2025-08-08,SKU03150,329,0,7,75
2025-08-08,SKU03173,242,0,7,44
2025-08-08,SKU03179,182,0,7,47
2025-08-08,SKU03220,116,0,7,20
2025-08-08,SKU03230,364,0,7,66
2025-08-08,SKU03281,305,0,7,73
2025-08-08,SKU03286,405,0,7,82
2025-08-08,SKU03292,0,73,7,73
2025-08-08,SKU03311,104,0,7,22
2025-08-08,SKU03349,356,0,7,85
2025-08-08,SKU03362,439,0,7,80
2025-08-08,SKU03414,283,0,7,62
2025-08-08,SKU03425,0,45,7,45
2025-08-08,SKU03467,601,0,7,126
2025-08-08,SKU03476,0,86,7,86
2025-08-08,SKU03578,0,152,7,152
2025-08-08,SKU03624,230,0,7,59
2025-08-08,SKU03627,394,0,7,74
2025-08-08,SKU03633,0,26,7,26
2025-08-08,SKU03693,0,146,7,146
2025-08-08,SKU03773,476,0,7,92
2025-08-08,SKU03812,0,80,7,80
2025-08-08,SKU03828,354,0,7,81
2025-08-08,SKU03837,539,0,7,90
2025-08-08,SKU03863,240,0,7,54
2025-08-08,SKU03907,0,110,7,110
2025-08-08,SKU03931,311,0,7,67
2025-08-08,SKU03975,102,0,7,25
2025-08-08,SKU04018,544,0,7,99
2025-08-08,SKU04046,0,94,7,94
2025-08-08,SKU04052,296,0,7,57
2025-08-08,SKU04105,0,63,7,63
2025-08-08,SKU04147,820,0,7,165
2025-08-08,SKU04166,0,81,7,81
2025-08-08,SKU04191,0,157,7,157
2025-08-08,SKU04222,315,0,7,69
2025-08-08,SKU04280,0,86,7,86
2025-08-08,SKU04281,224,0,7,51
2025-08-08,SKU04292,250,0,7,76
2025-08-08,SKU04305,0,63,7,63
2025-08-08,SKU04315,0,99,7,99
2025-08-08,SKU04346,0,211,7,211
2025-08-08,SKU04352,293,0,7,85
2025-08-08,SKU04453,0,77,7,77
2025-08-08,SKU04461,147,0,7,25
2025-08-08,SKU04489,0,21,7,21
2025-08-08,SKU04499,341,0,7,97
2025-08-08,SKU04508,0,56,7,56
2025-08-08,SKU04532,388,0,7,67
2025-08-08,SKU04554,371,0,7,99
2025-08-08,SKU04562,0,30,7,30
2025-08-08,SKU04580,186,0,7,33
2025-08-08,SKU04605,309,0,7,83
2025-08-08,SKU04607,238,0,7,41
2025-08-08,SKU04612,278,0,7,76
2025-08-08,SKU04663,0,50,7,50
2025-08-08,SKU04664,218,0,7,60
2025-08-08,SKU04753,289,0,7,57
2025-08-08,SKU04795,223,0,7,38
2025-08-08,SKU04831,125,0,7,36
2025-08-08,SKU04887,192,0,7,46
2025-08-08,SKU04987,451,0,7,91
2025-08-09,SKU00050,0,115,7,115
2025-08-09,SKU00062,0,172,7,172
2025-08-09,SKU00066,823,0,7,171
2025-08-09,SKU00083,140,0,7,29
2025-08-09,SKU00105,90,0,7,20
2025-08-09,SKU00167,260,0,7,50
2025-08-09,SKU00190,0,112,7,112
2025-08-09,SKU00254,0,49,7,49
2025-08-09,SKU00263,0,38,7,38
2025-08-09,SKU00291,0,47,7,47
2025-08-09,SKU00342,575,0,7,117
2025-08-09,SKU00355,473,0,7,96
2025-08-09,SKU00371,478,0,7,102
2025-08-09,SKU00449,248,0,7,48
2025-08-09,SKU00484,0,65,7,65
2025-08-09,SKU00498,328,0,7,57
2025-08-09,SKU00501,1220,0,7,245
2025-08-09,SKU00521,139,0,7,34
2025-08-09,SKU00539,0,60,7,60
2025-08-09,SKU00584,477,0,7,83
2025-08-09,SKU00649,243,0,7,62
2025-08-09,SKU00679,130,0,7,24
2025-08-09,SKU00728,0,85,7,85
2025-08-09,SKU00732,290,0,7,53
2025-08-09,SKU00740,192,0,7,52
2025-08-09,SKU00767,173,0,7,29
2025-08-09,SKU00774,0,39,7,39
2025-08-09,SKU00830,0,94,7,94
2025-08-09,SKU00855,289,0,7,67
2025-08-09,SKU00890,200,0,7,43
2025-08-09,SKU00920,0,32,7,32
2025-08-09,SKU00929,0,87,7,87
2025-08-09,SKU00932,517,0,7,124
2025-08-09,SKU00942,0,30,7,30
2025-08-09,SKU00953,0,37,7,37
2025-08-09,SKU00978,517,0,7,95
2025-08-09,SKU00987,616,0,7,179
2025-08-09,SKU00994,0,73,7,73
2025-08-09,SKU01070,449,0,7,89
2025-08-09,SKU01138,0,67,7,67
2025-08-09,SKU01152,0,182,7,182
2025-08-09,SKU01164,0,35,7,35
2025-08-09,SKU01170,0,46,7,46
2025-08-09,SKU01189,0,34,7,34
2025-08-09,SKU01274,0,47,7,47
2025-08-09,SKU01317,0,58,7,58
2025-08-09,SKU01318,371,0,7,93
2025-08-09,SKU01340,271,0,7,75
2025-08-09,SKU01356,255,0,7,59
2025-08-09,SKU01363,0,89,7,89
2025-08-09,SKU01370,0,77,7,77
2025-08-09,SKU01371,0,97,7,97
2025-08-09,SKU01414,0,99,7,99
2025-08-09,SKU01433,318,0,7,81
2025-08-09,SKU01457,371,0,7,95
2025-08-09,SKU01466,0,110,7,110
2025-08-09,SKU01578,0,59,7,59
2025-08-09,SKU01645,572,0,7,144
2025-08-09,SKU01662,0,32,7,32
2025-08-09,SKU01717,126,0,7,29
2025-08-09,SKU01762,198,0,7,54
2025-08-09,SKU01818,249,0,7,66
2025-08-09,SKU01830,596,0,7,106
2025-08-09,SKU01834,355,0,7,86
2025-08-09,SKU01903,101,0,7,22
2025-08-09,SKU01906,134,0,7,23
2025-08-09,SKU02057,146,0,7,32
2025-08-09,SKU02064,694,0,7,167
2025-08-09,SKU02068,0,72,7,72
2025-08-09,SKU02141,0,76,7,76
2025-08-09,SKU02217,146,0,7,34
2025-08-09,SKU02253,741,0,7,129
2025-08-09,SKU02333,0,27,7,27
2025-08-09,SKU02355,0,57,7,57
2025-08-09,SKU02381,0,62,7,62
2025-08-09,SKU02386,405,0,7,72
2025-08-09,SKU02387,292,0,7,77
2025-08-09,SKU02408,209,0,7,36
2025-08-09,SKU02421,152,0,7,26
2025-08-09,SKU02425,345,0,7,74
2025-08-09,SKU02462,0,54,7,54
2025-08-09,SKU02503,0,31,7,31
2025-08-09,SKU02532,0,34,7,34
2025-08-09,SKU02534,448,0,7,85
2025-08-09,SKU02538,0,50,7,50
2025-08-09,SKU02543,0,35,7,35
2025-08-09,SKU02648,0,47,7,47
2025-08-09,SKU02675,211,0,7,65
2025-08-09,SKU02686,298,0,7,53
2025-08-09,SKU02710,343,0,7,75
2025-08-09,SKU02718,65,0,7,20
2025-08-09,SKU02722,362,0,7,69
2025-08-09,SKU02728,225,0,7,40
2025-08-09,SKU02737,0,26,7,26
2025-08-09,SKU02747,0,31,7,31
2025-08-09,SKU02763,433,0,7,74
2025-08-09,SKU02840,0,27,7,27
2025-08-09,SKU02858,0,53,7,53
2025-08-09,SKU02871,149,0,7,37
2025-08-09,SKU02923,0,49,7,49
2025-08-09,SKU02930,0,37,7,37
2025-08-09,SKU02964,103,0,7,26
2025-08-09,SKU02999,78,0,7,20
2025-08-09,SKU03030,0,35,7,35
2025-08-09,SKU03043,513,0,7,89
2025-08-09,SKU03057,0,97,7,97
2025-08-09,SKU03105,417,0,7,77
2025-08-09,SKU03150,283,0,7,51
2025-08-09,SKU03179,179,0,7,48
2025-08-09,SKU03235,89,0,7,22
2025-08-09,SKU03292,0,53,7,53
2025-08-09,SKU03295,135,0,7,41
2025-08-09,SKU03347,325,0,7,76
2025-08-09,SKU03376,170,0,7,56
2025-08-09,SKU03428,131,0,7,31
2025-08-09,SKU03484,758,0,7,187
2025-08-09,SKU03491,355,0,7,67
2025-08-09,SKU03548,345,0,7,75
2025-08-09,SKU03600,407,0,7,71
2025-08-09,SKU03619,85,0,7,28
2025-08-09,SKU03622,0,84,7,84
2025-08-09,SKU03633,0,73,7,73
2025-08-09,SKU03727,0,38,7,38
2025-08-09,SKU03744,175,0,7,33
2025-08-09,SKU03805,124,0,7,21
2025-08-09,SKU03833,475,0,7,95
2025-08-09,SKU03840,0,92,7,92
2025-08-09,SKU03851,0,91,7,91
2025-08-09,SKU03863,284,0,7,50
2025-08-09,SKU03961,315,0,7,57
2025-08-09,SKU04016,0,85,7,85
2025-08-09,SKU04032,0,44,7,44
2025-08-09,SKU04105,0,94,7,94
2025-08-09,SKU04107,174,0,7,37
2025-08-09,SKU04147,427,0,7,100
2025-08-09,SKU04157,0,52,7,52
2025-08-09,SKU04228,304,0,7,98
2025-08-09,SKU04245,0,31,7,31
2025-08-09,SKU04265,190,0,7,48
2025-08-09,SKU04334,394,0,7,86
2025-08-09,SKU04362,0,36,7,36
2025-08-09,SKU04409,361,0,7,86
2025-08-09,SKU04453,0,40,7,40
2025-08-09,SKU04475,239,0,7,75
2025-08-09,SKU04591,285,0,7,49
2025-08-09,SKU04636,329,0,7,57
2025-08-09,SKU04643,177,0,7,38
2025-08-09,SKU04652,302,0,7,70
2025-08-09,SKU04710,0,51,7,51
2025-08-09,SKU04753,140,0,7,36
2025-08-09,SKU04768,117,0,7,29
2025-08-09,SKU04783,0,120,7,120
2025-08-09,SKU04847,0,165,7,165
2025-08-09,SKU04894,78,0,7,25
2025-08-09,SKU04902,889,0,7,192
2025-08-09,SKU04905,277,0,7,66
2025-08-09,SKU04913,0,81,7,81
2025-08-09,SKU04919,348,0,7,92
2025-08-09,SKU04996,251,0,7,80
2025-08-09,SKU05000,189,0,7,34
2025-08-10,SKU00150,361,0,7,90
2025-08-10,SKU00169,0,23,7,23
2025-08-10,SKU00173,118,0,7,27
2025-08-10,SKU00177,0,71,7,71
2025-08-10,SKU00254,0,39,7,39
2025-08-10,SKU00264,0,128,7,128
2025-08-10,SKU00291,0,37,7,37
2025-08-10,SKU00317,137,0,7,23
2025-08-10,SKU00376,0,237,7,237
2025-08-10,SKU00416,0,29,7,29
2025-08-10,SKU00498,460,0,7,89
2025-08-10,SKU00546,244,0,7,55
2025-08-10,SKU00571,122,0,7,37
2025-08-10,SKU00574,375,0,7,88
2025-08-10,SKU00631,307,0,7,84
2025-08-10,SKU00649,298,0,7,55
2025-08-10,SKU00650,247,0,7,52
2025-08-10,SKU00654,200,0,7,51
2025-08-10,SKU00728,0,20,7,20
2025-08-10,SKU00740,330,0,7,75
2025-08-10,SKU00830,0,48,7,48
2025-08-10,SKU00860,192,0,7,37
2025-08-10,SKU00890,232,0,7,57
2025-08-10,SKU00894,294,0,7,59
2025-08-10,SKU00942,0,51,7,51
2025-08-10,SKU00954,468,0,7,135
2025-08-10,SKU00958,157,0,7,41
2025-08-10,SKU00974,0,56,7,56
2025-08-10,SKU00976,0,42,7,42
2025-08-10,SKU00987,553,0,7,99
2025-08-10,SKU01009,0,95,7,95
2025-08-10,SKU01032,129,0,7,26
2025-08-10,SKU01045,0,100,7,100
2025-08-10,SKU01046,538,0,7,96
2025-08-10,SKU01075,887,0,7,188
2025-08-10,SKU01167,85,0,7,28
2025-08-10,SKU01224,137,0,7,39
2025-08-10,SKU01256,394,0,7,67
2025-08-10,SKU01274,0,222,7,222
2025-08-10,SKU01310,800,0,7,150
2025-08-10,SKU01340,74,0,7,23
2025-08-10,SKU01363,0,50,7,50
2025-08-10,SKU01414,0,88,7,88
2025-08-10,SKU01438,0,44,7,44
2025-08-10,SKU01495,353,0,7,63
2025-08-10,SKU01542,100,0,7,29
2025-08-10,SKU01547,0,47,7,47
2025-08-10,SKU01582,181,0,7,43
2025-08-10,SKU01605,135,0,7,39
2025-08-10,SKU01677,0,78,7,78
2025-08-10,SKU01733,471,0,7,98
2025-08-10,SKU01754,356,0,7,63
2025-08-10,SKU01766,105,0,7,26
2025-08-10,SKU01775,0,85,7,85
2025-08-10,SKU01818,354,0,7,60
2025-08-10,SKU01822,268,0,7,76
2025-08-10,SKU01911,161,0,7,41
2025-08-10,SKU01919,230,0,7,50
2025-08-10,SKU01971,429,0,7,97
2025-08-10,SKU01981,310,0,7,75
2025-08-10,SKU01986,398,0,7,88
2025-08-10,SKU02046,0,93,7,93
2025-08-10,SKU02055,204,0,7,49
2025-08-10,SKU02205,252,0,7,68
2025-08-10,SKU02209,459,0,7,81
2025-08-10,SKU02221,142,0,7,37
2025-08-10,SKU02331,408,0,7,96
2025-08-10,SKU02387,215,0,7,36
2025-08-10,SKU02471,149,0,7,29
2025-08-10,SKU02472,264,0,7,60
2025-08-10,SKU02482,0,28,7,28
2025-08-10,SKU02541,381,0,7,84
2025-08-10,SKU02558,136,0,7,32
2025-08-10,SKU02566,113,0,7,36
2025-08-10,SKU02567,217,0,7,38
2025-08-10,SKU02576,228,0,7,52
2025-08-10,SKU02614,0,27,7,27
2025-08-10,SKU02630,159,0,7,45
2025-08-10,SKU02640,0,21,7,21
2025-08-10,SKU02660,0,35,7,35
2025-08-10,SKU02681,376,0,7,81
2025-08-10,SKU02692,0,45,7,45
2025-08-10,SKU02728,442,0,7,87
2025-08-10,SKU02747,0,59,7,59
2025-08-10,SKU02768,119,0,7,33
2025-08-10,SKU02780,452,0,7,86
2025-08-10,SKU02826,0,94,7,94
2025-08-10,SKU02829,296,0,7,65
2025-08-10,SKU02898,0,54,7,54
2025-08-10,SKU02930,0,70,7,70
2025-08-10,SKU02954,0,74,7,74
2025-08-10,SKU02969,222,0,7,73
2025-08-10,SKU03053,0,60,7,60
2025-08-10,SKU03058,305,0,7,52
2025-08-10,SKU03115,396,0,7,75
2025-08-10,SKU03150,308,0,7,58
2025-08-10,SKU03171,0,121,7,121
2025-08-10,SKU03257,173,0,7,48
2025-08-10,SKU03259,0,46,7,46
2025-08-10,SKU03349,81,0,7,23
2025-08-10,SKU03476,0,47,7,47
2025-08-10,SKU03578,0,89,7,89
2025-08-10,SKU03583,290,0,7,84
2025-08-10,SKU03621,308,0,7,53
2025-08-10,SKU03633,0,24,7,24
2025-08-10,SKU03634,298,0,7,57
2025-08-10,SKU03709,281,0,7,84
2025-08-10,SKU03740,64,0,7,20
2025-08-10,SKU03773,97,0,7,20
2025-08-10,SKU03800,0,55,7,55
2025-08-10,SKU03822,921,0,7,191
2025-08-10,SKU03837,521,0,7,90
2025-08-10,SKU03864,270,0,7,51
2025-08-10,SKU04041,0,72,7,72
2025-08-10,SKU04053,258,0,7,75
2025-08-10,SKU04062,227,0,7,45
2025-08-10,SKU04073,452,0,7,103
2025-08-10,SKU04105,0,31,7,31
2025-08-10,SKU04106,735,0,7,151
2025-08-10,SKU04140,0,125,7,125
2025-08-10,SKU04194,309,0,7,59
2025-08-10,SKU04215,127,0,7,38
2025-08-10,SKU04222,446,0,7,78
2025-08-10,SKU04249,412,0,7,76
2025-08-10,SKU04280,0,66,7,66
2025-08-10,SKU04305,0,49,7,49
2025-08-10,SKU04401,265,0,7,56
2025-08-10,SKU04499,463,0,7,96
2025-08-10,SKU04504,228,0,7,65
2025-08-10,SKU04532,91,0,7,21
2025-08-10,SKU04566,282,0,7,50
2025-08-10,SKU04571,0,32,7,32
2025-08-10,SKU04596,0,54,7,54
2025-08-10,SKU04636,259,0,7,63
2025-08-10,SKU04664,95,0,7,26
2025-08-10,SKU04665,105,0,7,27
2025-08-10,SKU04679,95,0,7,28
2025-08-10,SKU04693,485,0,7,100
2025-08-10,SKU04768,95,0,7,26
2025-08-10,SKU04847,0,68,7,68
2025-08-10,SKU04849,302,0,7,56
2025-08-10,SKU04913,0,88,7,88
2025-08-10,SKU05000,553,0,7,93
2025-08-11,SKU00127,153,0,7,34
2025-08-11,SKU00155,255,0,7,57
2025-08-11,SKU00177,0,57,7,57
2025-08-11,SKU00186,387,0,7,81
2025-08-11,SKU00190,0,87,7,87
2025-08-11,SKU00264,0,34,7,34
2025-08-11,SKU00291,0,85,7,85
2025-08-11,SKU00317,155,0,7,27
2025-08-11,SKU00331,261,0,7,44
2025-08-11,SKU00355,124,0,7,25
2025-08-11,SKU00371,104,0,7,20
2025-08-11,SKU00402,106,0,7,35
2025-08-11,SKU00484,0,27,7,27
2025-08-11,SKU00507,285,0,7,85
2025-08-11,SKU00539,0,28,7,28
2025-08-11,SKU00553,296,0,7,57
2025-08-11,SKU00585,319,0,7,76
2025-08-11,SKU00638,373,0,7,71
2025-08-11,SKU00692,0,110,7,110
2025-08-11,SKU00706,180,0,7,57
2025-08-11,SKU00732,120,0,7,23
2025-08-11,SKU00832,0,68,7,68
2025-08-11,SKU00893,0,86,7,86
2025-08-11,SKU00906,390,0,7,88
2025-08-11,SKU00920,0,43,7,43
2025-08-11,SKU00929,0,80,7,80
2025-08-11,SKU00935,440,0,7,84
2025-08-11,SKU00942,0,98,7,98
2025-08-11,SKU00965,80,0,7,21
2025-08-11,SKU00991,381,0,7,92
2025-08-11,SKU01030,0,69,7,69
2025-08-11,SKU01038,328,0,7,62
2025-08-11,SKU01104,223,0,7,46
2025-08-11,SKU01153,0,96,7,96
2025-08-11,SKU01171,477,0,7,97
2025-08-11,SKU01224,173,0,7,43
2025-08-11,SKU01256,243,0,7,72
2025-08-11,SKU01318,665,0,7,151
2025-08-11,SKU01420,0,53,7,53
2025-08-11,SKU01568,442,0,7,92
2025-08-11,SKU01578,0,72,7,72
2025-08-11,SKU01582,510,0,7,93
2025-08-11,SKU01674,79,0,7,20
2025-08-11,SKU01685,0,22,7,22
2025-08-11,SKU01766,343,0,7,86
2025-08-11,SKU01784,0,94,7,94
2025-08-11,SKU01803,265,0,7,64
2025-08-11,SKU01857,198,0,7,48
2025-08-11,SKU01877,116,0,7,23
2025-08-11,SKU01915,349,0,7,91
2025-08-11,SKU02057,622,0,7,161
2025-08-11,SKU02088,0,26,7,26
2025-08-11,SKU02103,396,0,7,95
2025-08-11,SKU02129,597,0,7,138
2025-08-11,SKU02176,0,36,7,36
2025-08-11,SKU02194,140,0,7,42
2025-08-11,SKU02205,94,0,7,27
2025-08-11,SKU02255,176,0,7,33
2025-08-11,SKU02268,0,29,7,29
2025-08-11,SKU02277,542,0,7,99
2025-08-11,SKU02331,215,0,7,40
2025-08-11,SKU02375,305,0,7,71
2025-08-11,SKU02401,0,66,7,66
2025-08-11,SKU02421,228,0,7,51
2025-08-11,SKU02449,0,68,7,68
2025-08-11,SKU02462,0,54,7,54
2025-08-11,SKU02482,0,35,7,35
2025-08-11,SKU02503,0,130,7,130
2025-08-11,SKU02526,0,51,7,51
2025-08-11,SKU02541,210,0,7,50
2025-08-11,SKU02580,277,0,7,68
2025-08-11,SKU02630,381,0,7,86
2025-08-11,SKU02681,418,0,7,88
2025-08-11,SKU02683,0,63,7,63
2025-08-11,SKU02692,0,37,7,37
2025-08-11,SKU02740,0,76,7,76
2025-08-11,SKU02747,0,26,7,26
2025-08-11,SKU02763,265,0,7,74
2025-08-11,SKU02794,385,0,7,95
2025-08-11,SKU02840,0,57,7,57
2025-08-11,SKU02892,0,92,7,92
2025-08-11,SKU02907,142,0,7,32
2025-08-11,SKU02946,315,0,7,71
2025-08-11,SKU02950,0,69,7,69
2025-08-11,SKU02954,0,60,7,60
2025-08-11,SKU02999,396,0,7,100
2025-08-11,SKU03063,0,34,7,34
2025-08-11,SKU03073,418,0,7,82
2025-08-11,SKU03092,524,0,7,102
2025-08-11,SKU03210,321,0,7,54
2025-08-11,SKU03286,243,0,7,45
2025-08-11,SKU03323,0,99,7,99
2025-08-11,SKU03353,0,66,7,66
2025-08-11,SKU03357,442,0,7,83
2025-08-11,SKU03362,128,0,7,24
2025-08-11,SKU03467,189,0,7,51
2025-08-11,SKU03476,0,84,7,84
2025-08-11,SKU03504,742,0,7,157
2025-08-11,SKU03523,136,0,7,23
2025-08-11,SKU03578,0,24,7,24
2025-08-11,SKU03600,412,0,7,70
2025-08-11,SKU03609,310,0,7,59
2025-08-11,SKU03621,438,0,7,92
2025-08-11,SKU03642,362,0,7,97
2025-08-11,SKU03702,0,138,7,138
2025-08-11,SKU03743,0,57,7,57
2025-08-11,SKU03800,0,36,7,36
2025-08-11,SKU03839,168,0,7,39
2025-08-11,SKU03840,0,62,7,62
2025-08-11,SKU03863,203,0,7,53
2025-08-11,SKU03941,371,0,7,64
2025-08-11,SKU03966,240,0,7,46
2025-08-11,SKU04019,387,0,7,83
2025-08-11,SKU04041,0,30,7,30
2025-08-11,SKU04046,0,75,7,75
2025-08-11,SKU04053,133,0,7,30
2025-08-11,SKU04107,462,0,7,83
2025-08-11,SKU04153,136,0,7,26
2025-08-11,SKU04157,0,87,7,87
2025-08-11,SKU04228,215,0,7,44
2025-08-11,SKU04245,0,91,7,91
2025-08-11,SKU04315,0,94,7,94
2025-08-11,SKU04329,0,63,7,63
2025-08-11,SKU04348,0,76,7,76
2025-08-11,SKU04362,0,121,7,121
2025-08-11,SKU04381,0,124,7,124
2025-08-11,SKU04388,224,0,7,50
2025-08-11,SKU04401,268,0,7,72
2025-08-11,SKU04409,310,0,7,78
2025-08-11,SKU04491,420,0,7,78
2025-08-11,SKU04508,0,104,7,104
2025-08-11,SKU04554,246,0,7,43
2025-08-11,SKU04605,849,0,7,188
2025-08-11,SKU04607,216,0,7,49
2025-08-11,SKU04646,0,35,7,35
2025-08-11,SKU04652,158,0,7,50
2025-08-11,SKU04653,107,0,7,20
2025-08-11,SKU04664,381,0,7,88
2025-08-11,SKU04679,448,0,7,132
2025-08-11,SKU04710,0,94,7,94
2025-08-11,SKU04729,199,0,7,58
2025-08-11,SKU04771,340,0,7,87
2025-08-11,SKU04783,0,92,7,92
2025-08-11,SKU04791,516,0,7,95
2025-08-11,SKU04905,284,0,7,64
2025-08-11,SKU04913,0,37,7,37
2025-08-11,SKU04926,0,63,7,63
2025-08-12,SKU00012,324,0,7,97
2025-08-12,SKU00090,444,0,7,81
2025-08-12,SKU00169,0,35,7,35
2025-08-12,SKU00170,437,0,7,98
2025-08-12,SKU00240,328,0,7,80
2025-08-12,SKU00251,512,0,7,90
2025-08-12,SKU00262,350,0,7,85
2025-08-12,SKU00263,0,25,7,25
2025-08-12,SKU00264,0,30,7,30
2025-08-12,SKU00285,0,42,7,42
2025-08-12,SKU00286,0,75,7,75
2025-08-12,SKU00330,91,0,7,21
2025-08-12,SKU00331,504,0,7,122
2025-08-12,SKU00369,0,179,7,179
2025-08-12,SKU00371,303,0,7,74
2025-08-12,SKU00386,200,0,7,34
2025-08-12,SKU00502,349,0,7,66
2025-08-12,SKU00524,216,0,7,43
2025-08-12,SKU00535,197,0,7,33
2025-08-12,SKU00553,235,0,7,61
2025-08-12,SKU00574,434,0,7,96
2025-08-12,SKU00584,287,0,7,95
2025-08-12,SKU00585,115,0,7,38
2025-08-12,SKU00589,525,0,7,138
2025-08-12,SKU00638,335,0,7,87
2025-08-12,SKU00692,0,34,7,34
2025-08-12,SKU00728,0,45,7,45
2025-08-12,SKU00734,458,0,7,85
2025-08-12,SKU00740,446,0,7,83
2025-08-12,SKU00823,0,21,7,21
2025-08-12,SKU00832,0,22,7,22
2025-08-12,SKU00858,224,0,7,48
2025-08-12,SKU00894,245,0,7,81
2025-08-12,SKU00906,82,0,7,23
2025-08-12,SKU00942,0,68,7,68
2025-08-12,SKU00978,211,0,7,51
2025-08-12,SKU00994,0,90,7,90
2025-08-12,SKU00996,0,71,7,71
2025-08-12,SKU01037,0,40,7,40
2025-08-12,SKU01042,188,0,7,34
2025-08-12,SKU01046,157,0,7,51
2025-08-12,SKU01104,479,0,7,94
2025-08-12,SKU01171,306,0,7,98
2025-08-12,SKU01303,233,0,7,45
2025-08-12,SKU01317,0,78,7,78
2025-08-12,SKU01356,105,0,7,33
2025-08-12,SKU01363,0,80,7,80
2025-08-12,SKU01370,0,54,7,54
2025-08-12,SKU01392,847,0,7,185
2025-08-12,SKU01413,477,0,7,82
2025-08-12,SKU01414,0,80,7,80
2025-08-12,SKU01420,0,42,7,42
2025-08-12,SKU01423,312,0,7,65
2025-08-12,SKU01441,286,0,7,70
2025-08-12,SKU01578,0,70,7,70
2025-08-12,SKU01684,254,0,7,59
2025-08-12,SKU01685,0,21,7,21
2025-08-12,SKU01754,185,0,7,60
2025-08-12,SKU01805,224,0,7,42
2025-08-12,SKU01818,199,0,7,35
2025-08-12,SKU01822,364,0,7,71
2025-08-12,SKU01854,332,0,7,76
2025-08-12,SKU01919,238,0,7,74
2025-08-12,SKU01971,139,0,7,44
2025-08-12,SKU01986,80,0,7,21
2025-08-12,SKU02014,742,0,7,187
2025-08-12,SKU02038,262,0,7,74
2025-08-12,SKU02046,0,92,7,92
2025-08-12,SKU02057,298,0,7,70
2025-08-12,SKU02079,0,36,7,36
2025-08-12,SKU02103,62,0,7,20
2025-08-12,SKU02142,289,0,7,76
2025-08-12,SKU02217,156,0,7,26
2025-08-12,SKU02247,0,65,7,65
2025-08-12,SKU02248,117,0,7,27
2025-08-12,SKU02268,0,84,7,84
2025-08-12,SKU02277,500,0,7,100
2025-08-12,SKU02340,0,73,7,73
2025-08-12,SKU02376,98,0,7,29
2025-08-12,SKU02381,0,28,7,28
2025-08-12,SKU02386,151,0,7,38
2025-08-12,SKU02472,352,0,7,67
2025-08-12,SKU02533,285,0,7,62
2025-08-12,SKU02534,416,0,7,98
2025-08-12,SKU02580,470,0,7,98
2025-08-12,SKU02584,139,0,7,36
2025-08-12,SKU02614,0,60,7,60
2025-08-12,SKU02662,177,0,7,34
2025-08-12,SKU02718,327,0,7,71
2025-08-12,SKU02840,0,81,7,81
2025-08-12,SKU02871,138,0,7,40
2025-08-12,SKU02892,0,42,7,42
2025-08-12,SKU02898,0,47,7,47
2025-08-12,SKU02954,0,93,7,93
2025-08-12,SKU02997,161,0,7,44
2025-08-12,SKU03030,0,175,7,175
2025-08-12,SKU03043,426,0,7,91
2025-08-12,SKU03129,328,0,7,86
2025-08-12,SKU03235,104,0,7,31
2025-08-12,SKU03320,110,0,7,27
2025-08-12,SKU03323,0,63,7,63
2025-08-12,SKU03376,352,0,7,65
2025-08-12,SKU03441,254,0,7,70
2025-08-12,SKU03484,796,0,7,180
2025-08-12,SKU03493,116,0,7,34
2025-08-12,SKU03504,380,0,7,82
2025-08-12,SKU03520,259,0,7,50
2025-08-12,SKU03578,0,20,7,20
2025-08-12,SKU03622,0,53,7,53
2025-08-12,SKU03624,268,0,7,59
2025-08-12,SKU03693,0,53,7,53
2025-08-12,SKU03743,0,76,7,76
2025-08-12,SKU03812,0,99,7,99
2025-08-12,SKU03892,380,0,7,77
2025-08-12,SKU03931,176,0,7,37
2025-08-12,SKU03966,199,0,7,66
2025-08-12,SKU04018,466,0,7,78
2025-08-12,SKU04019,382,0,7,90
2025-08-12,SKU04032,0,78,7,78
2025-08-12,SKU04041,0,98,7,98
2025-08-12,SKU04046,0,93,7,93
2025-08-12,SKU04126,0,119,7,119
2025-08-12,SKU04142,133,0,7,41
2025-08-12,SKU04152,295,0,7,77
2025-08-12,SKU04154,0,84,7,84
2025-08-12,SKU04157,0,176,7,176
2025-08-12,SKU04166,0,110,7,110
2025-08-12,SKU04194,376,0,7,94
2025-08-12,SKU04212,346,0,7,77
2025-08-12,SKU04222,283,0,7,62
2025-08-12,SKU04261,344,0,7,89
2025-08-12,SKU04292,286,0,7,54
2025-08-12,SKU04315,0,63,7,63
2025-08-12,SKU04318,0,34,7,34
2025-08-12,SKU04319,418,0,7,93
2025-08-12,SKU04329,0,55,7,55
2025-08-12,SKU04362,0,91,7,91
2025-08-12,SKU04409,179,0,7,31
2025-08-12,SKU04442,276,0,7,54
2025-08-12,SKU04475,805,0,7,156
2025-08-12,SKU04476,0,83,7,83
2025-08-12,SKU04508,0,26,7,26
2025-08-12,SKU04554,227,0,7,68
2025-08-12,SKU04562,0,28,7,28
2025-08-12,SKU04574,0,75,7,75
2025-08-12,SKU04591,255,0,7,45
2025-08-12,SKU04612,305,0,7,97
2025-08-12,SKU04626,0,198,7,198
2025-08-12,SKU04633,0,70,7,70
2025-08-12,SKU04664,305,0,7,99
2025-08-12,SKU04690,364,0,7,92
2025-08-12,SKU04747,302,0,7,52
2025-08-12,SKU04824,0,56,7,56
2025-08-12,SKU04847,0,44,7,44
2025-08-12,SKU04849,392,0,7,98
2025-08-12,SKU04905,116,0,7,26
2025-08-12,SKU04945,418,0,7,83
2025-08-12,SKU04955,244,0,7,55
2025-08-12,SKU04958,387,0,7,89
2025-08-13,SKU00002,0,24,7,24
2025-08-13,SKU00032,403,0,7,94
2025-08-13,SKU00069,495,0,7,84
2025-08-13,SKU00169,0,43,7,43
2025-08-13,SKU00262,199,0,7,48
2025-08-13,SKU00286,0,62,7,62
2025-08-13,SKU00291,0,89,7,89
2025-08-13,SKU00328,0,62,7,62
2025-08-13,SKU00330,241,0,7,42
2025-08-13,SKU00385,252,0,7,49
2025-08-13,SKU00386,624,0,7,140
2025-08-13,SKU00401,515,0,7,92
2025-08-13,SKU00466,147,0,7,43
2025-08-13,SKU00500,0,51,7,51
2025-08-13,SKU00502,264,0,7,55
2025-08-13,SKU00506,0,28,7,28
2025-08-13,SKU00507,649,0,7,122
2025-08-13,SKU00516,284,0,7,94
2025-08-13,SKU00531,0,20,7,20
2025-08-13,SKU00538,0,33,7,33
2025-08-13,SKU00571,463,0,7,78
2025-08-13,SKU00574,619,0,7,110
2025-08-13,SKU00598,221,0,7,43
2025-08-13,SKU00649,341,0,7,85
2025-08-13,SKU00732,394,0,7,82
2025-08-13,SKU00740,149,0,7,31
2025-08-13,SKU00758,150,0,7,31
2025-08-13,SKU00775,154,0,7,50
2025-08-13,SKU00821,179,0,7,55
2025-08-13,SKU00837,386,0,7,100
2025-08-13,SKU00890,132,0,7,25
2025-08-13,SKU00893,0,29,7,29
2025-08-13,SKU00920,0,45,7,45
2025-08-13,SKU00932,157,0,7,32
2025-08-13,SKU00954,423,0,7,100
2025-08-13,SKU00986,331,0,7,68
2025-08-13,SKU00987,122,0,7,24
2025-08-13,SKU01009,0,49,7,49
2025-08-13,SKU01037,0,165,7,165
2025-08-13,SKU01046,225,0,7,54
2025-08-13,SKU01138,0,67,7,67
2025-08-13,SKU01152,0,25,7,25
2025-08-13,SKU01174,151,0,7,34
2025-08-13,SKU01179,369,0,7,68
2025-08-13,SKU01189,0,63,7,63
2025-08-13,SKU01224,107,0,7,27
2025-08-13,SKU01303,283,0,7,55
2025-08-13,SKU01318,359,0,7,77
2025-08-13,SKU01337,249,0,7,43
2025-08-13,SKU01371,0,62,7,62
2025-08-13,SKU01428,116,0,7,25
2025-08-13,SKU01438,0,138,7,138
2025-08-13,SKU01441,478,0,7,99
2025-08-13,SKU01466,0,20,7,20
2025-08-13,SKU01485,0,92,7,92
2025-08-13,SKU01495,1480,0,7,296
2025-08-13,SKU01507,0,22,7,22
2025-08-13,SKU01605,386,0,7,78
2025-08-13,SKU01643,200,0,7,34
2025-08-13,SKU01649,368,0,7,86
2025-08-13,SKU01674,205,0,7,38
2025-08-13,SKU01696,315,0,7,80
2025-08-13,SKU01717,300,0,7,55
2025-08-13,SKU01822,274,0,7,48
2025-08-13,SKU01877,186,0,7,38
2025-08-13,SKU01880,569,0,7,100
2025-08-13,SKU01906,174,0,7,34
2025-08-13,SKU01911,135,0,7,29
2025-08-13,SKU01915,451,0,7,107
2025-08-13,SKU01993,0,116,7,116
2025-08-13,SKU02014,317,0,7,68
2025-08-13,SKU02068,0,72,7,72
2025-08-13,SKU02075,515,0,7,93
2025-08-13,SKU02129,312,0,7,84
2025-08-13,SKU02142,324,0,7,54
2025-08-13,SKU02164,214,0,7,49
2025-08-13,SKU02172,109,0,7,25
2025-08-13,SKU02221,152,0,7,35
2025-08-13,SKU02267,345,0,7,58
2025-08-13,SKU02290,90,0,7,21
2025-08-13,SKU02331,368,0,7,78
2025-08-13,SKU02355,0,40,7,40
2025-08-13,SKU02375,284,0,7,74
2025-08-13,SKU02381,0,23,7,23
2025-08-13,SKU02386,243,0,7,68
2025-08-13,SKU02462,0,93,7,93
2025-08-13,SKU02514,329,0,7,78
2025-08-13,SKU02533,268,0,7,71
2025-08-13,SKU02566,225,0,7,39
2025-08-13,SKU02567,262,0,7,58
2025-08-13,SKU02590,219,0,7,38
2025-08-13,SKU02614,0,75,7,75
2025-08-13,SKU02648,0,40,7,40
2025-08-13,SKU02660,0,37,7,37
2025-08-13,SKU02662,280,0,7,87
2025-08-13,SKU02683,0,66,7,66
2025-08-13,SKU02692,0,85,7,85
2025-08-13,SKU02718,381,0,7,66
2025-08-13,SKU02740,0,59,7,59
2025-08-13,SKU02780,330,0,7,73
2025-08-13,SKU02833,0,49,7,49
2025-08-13,SKU02840,0,30,7,30
2025-08-13,SKU02877,457,0,7,77
2025-08-13,SKU02897,114,0,7,22
2025-08-13,SKU02930,0,37,7,37
2025-08-13,SKU02997,217,0,7,40
2025-08-13,SKU03014,335,0,7,70
2025-08-13,SKU03030,0,24,7,24
2025-08-13,SKU03031,255,0,7,45
2025-08-13,SKU03057,0,140,7,140
2025-08-13,SKU03088,0,90,7,90
2025-08-13,SKU03089,307,0,7,76
2025-08-13,SKU03173,747,0,7,140
2025-08-13,SKU03179,323,0,7,59
2025-08-13,SKU03210,190,0,7,36
2025-08-13,SKU03230,540,0,7,93
2025-08-13,SKU03266,381,0,7,94
2025-08-13,SKU03277,126,0,7,35
2025-08-13,SKU03290,284,0,7,65
2025-08-13,SKU03323,0,40,7,40
2025-08-13,SKU03357,137,0,7,33
2025-08-13,SKU03376,268,0,7,72
2025-08-13,SKU03414,378,0,7,73
2025-08-13,SKU03416,89,0,7,20
2025-08-13,SKU03436,185,0,7,38
2025-08-13,SKU03457,503,0,7,91
2025-08-13,SKU03476,0,73,7,73
2025-08-13,SKU03523,186,0,7,34
2025-08-13,SKU03535,0,74,7,74
2025-08-13,SKU03602,836,0,7,167
2025-08-13,SKU03624,518,0,7,92
2025-08-13,SKU03633,0,68,7,68
2025-08-13,SKU03702,0,33,7,33
2025-08-13,SKU03749,304,0,7,55
2025-08-13,SKU03773,116,0,7,29
2025-08-13,SKU03837,488,0,7,93
2025-08-13,SKU03839,339,0,7,87
2025-08-13,SKU03892,269,0,7,75
2025-08-13,SKU04018,253,0,7,59
2025-08-13,SKU04046,0,89,7,89
2025-08-13,SKU04105,0,99,7,99
2025-08-13,SKU04126,0,86,7,86
2025-08-13,SKU04153,261,0,7,49
2025-08-13,SKU04160,203,0,7,41
2025-08-13,SKU04166,0,23,7,23
2025-08-13,SKU04212,162,0,7,41
2025-08-13,SKU04228,432,0,7,99
2025-08-13,SKU04249,215,0,7,45
2025-08-13,SKU04265,403,0,7,73
2025-08-13,SKU04281,195,0,7,57
2025-08-13,SKU04321,0,58,7,58
2025-08-13,SKU04346,0,41,7,41
2025-08-13,SKU04348,0,60,7,60
2025-08-13,SKU04350,0,41,7,41
2025-08-13,SKU04401,157,0,7,31
2025-08-13,SKU04409,254,0,7,72
2025-08-13,SKU04453,0,76,7,76
2025-08-13,SKU04468,72,0,7,20
2025-08-13,SKU04499,273,0,7,73
2025-08-13,SKU04551,0,85,7,85
2025-08-13,SKU04571,0,92,7,92
2025-08-13,SKU04580,188,0,7,54
2025-08-13,SKU04633,0,79,7,79
2025-08-13,SKU04641,503,0,7,96
2025-08-13,SKU04646,0,45,7,45
2025-08-13,SKU04653,589,0,7,175
2025-08-13,SKU04665,166,0,7,49
2025-08-13,SKU04710,0,56,7,56
2025-08-13,SKU04824,0,29,7,29
2025-08-13,SKU04849,178,0,7,47
2025-08-13,SKU04888,314,0,7,71
2025-08-13,SKU04902,256,0,7,67
2025-08-13,SKU04919,448,0,7,79
2025-08-13,SKU04958,199,0,7,65
2025-08-13,SKU04987,465,0,7,95
2025-08-13,SKU04996,401,0,7,82
2025-08-14,SKU00002,0,132,7,132
2025-08-14,SKU00050,0,97,7,97
2025-08-14,SKU00083,519,0,7,131
2025-08-14,SKU00167,198,0,7,44
2025-08-14,SKU00177,0,75,7,75
2025-08-14,SKU00186,478,0,7,125
2025-08-14,SKU00190,0,78,7,78
2025-08-14,SKU00237,376,0,7,80
2025-08-14,SKU00254,0,99,7,99
2025-08-14,SKU00285,0,48,7,48
2025-08-14,SKU00291,0,60,7,60
2025-08-14,SKU00331,373,0,7,96
2025-08-14,SKU00354,370,0,7,78
2025-08-14,SKU00419,236,0,7,41
2025-08-14,SKU00445,0,27,7,27
2025-08-14,SKU00500,0,105,7,105
2025-08-14,SKU00546,315,0,7,75
2025-08-14,SKU00608,144,0,7,35
2025-08-14,SKU00649,518,0,7,90
2025-08-14,SKU00650,406,0,7,69
2025-08-14,SKU00654,468,0,7,85
2025-08-14,SKU00679,211,0,7,61
2025-08-14,SKU00706,219,0,7,41
2025-08-14,SKU00734,328,0,7,65
2025-08-14,SKU00774,0,69,7,69
2025-08-14,SKU00832,0,69,7,69
2025-08-14,SKU00845,0,96,7,96
2025-08-14,SKU00860,104,0,7,24
2025-08-14,SKU00874,331,0,7,88
2025-08-14,SKU00893,0,36,7,36
2025-08-14,SKU00920,0,92,7,92
2025-08-14,SKU00953,0,57,7,57
2025-08-14,SKU00965,651,0,7,122
2025-08-14,SKU01009,0,57,7,57
2025-08-14,SKU01017,208,0,7,38
2025-08-14,SKU01031,166,0,7,29
2025-08-14,SKU01032,298,0,7,63
2025-08-14,SKU01045,0,105,7,105
2025-08-14,SKU01153,0,58,7,58
2025-08-14,SKU01189,0,32,7,32
2025-08-14,SKU01200,386,0,7,87
2025-08-14,SKU01256,275,0,7,51
2025-08-14,SKU01303,519,0,7,120
2025-08-14,SKU01318,245,0,7,71
2025-08-14,SKU01340,355,0,7,70
2025-08-14,SKU01363,0,73,7,73
2025-08-14,SKU01371,0,21,7,21
2025-08-14,SKU01396,355,0,7,64
2025-08-14,SKU01407,307,0,7,57
2025-08-14,SKU01423,458,0,7,96
2025-08-14,SKU01507,0,93,7,93
2025-08-14,SKU01538,252,0,7,43
2025-08-14,SKU01578,0,85,7,85
2025-08-14,SKU01662,0,77,7,77
2025-08-14,SKU01674,267,0,7,84
2025-08-14,SKU01678,110,0,7,23
2025-08-14,SKU01762,444,0,7,81
2025-08-14,SKU01792,308,0,7,100
2025-08-14,SKU01911,310,0,7,90
2025-08-14,SKU01919,388,0,7,71
2025-08-14,SKU01970,417,0,7,85
2025-08-14,SKU01971,791,0,7,199
2025-08-14,SKU01986,422,0,7,99
2025-08-14,SKU02038,129,0,7,28
2025-08-14,SKU02055,148,0,7,36
2025-08-14,SKU02057,111,0,7,31
2025-08-14,SKU02064,444,0,7,99
2025-08-14,SKU02112,452,0,7,81
2025-08-14,SKU02114,298,0,7,94
2025-08-14,SKU02155,0,55,7,55
2025-08-14,SKU02176,0,45,7,45
2025-08-14,SKU02211,89,0,7,26
2025-08-14,SKU02221,360,0,7,60
2025-08-14,SKU02248,405,0,7,96
2025-08-14,SKU02268,0,78,7,78
2025-08-14,SKU02331,234,0,7,66
2025-08-14,SKU02355,0,53,7,53
2025-08-14,SKU02401,0,61,7,61
2025-08-14,SKU02408,249,0,7,59
2025-08-14,SKU02421,375,0,7,83
2025-08-14,SKU02449,0,81,7,81
2025-08-14,SKU02484,0,93,7,93
2025-08-14,SKU02514,223,0,7,63
2025-08-14,SKU02519,145,0,7,44
2025-08-14,SKU02531,0,195,7,195
2025-08-14,SKU02558,365,0,7,93
2025-08-14,SKU02657,0,31,7,31
2025-08-14,SKU02660,0,90,7,90
2025-08-14,SKU02692,0,45,7,45
2025-08-14,SKU02700,377,0,7,88
2025-08-14,SKU02718,509,0,7,87
2025-08-14,SKU02747,0,44,7,44
2025-08-14,SKU02768,415,0,7,92
2025-08-14,SKU03088,0,97,7,97
2025-08-14,SKU03089,281,0,7,51
2025-08-14,SKU03090,287,0,7,81
2025-08-14,SKU03129,254,0,7,75
2025-08-14,SKU03152,213,0,7,70
2025-08-14,SKU03192,389,0,7,85
2025-08-14,SKU03199,0,85,7,85
2025-08-14,SKU03235,310,0,7,52
2025-08-14,SKU03274,0,87,7,87
2025-08-14,SKU03286,160,0,7,39
2025-08-14,SKU03323,0,96,7,96
2025-08-14,SKU03414,146,0,7,25
2025-08-14,SKU03425,0,54,7,54
2025-08-14,SKU03492,410,0,7,99
2025-08-14,SKU03493,354,0,7,75
2025-08-14,SKU03520,176,0,7,41
2025-08-14,SKU03523,348,0,7,92
2025-08-14,SKU03535,0,53,7,53
2025-08-14,SKU03603,495,0,7,91
2025-08-14,SKU03634,253,0,7,58
2025-08-14,SKU03693,0,40,7,40
2025-08-14,SKU03709,404,0,7,78
2025-08-14,SKU03773,452,0,7,79
2025-08-14,SKU03812,0,67,7,67
2025-08-14,SKU03839,422,0,7,95
2025-08-14,SKU03848,95,0,7,20
2025-08-14,SKU03968,357,0,7,61
2025-08-14,SKU03991,353,0,7,81
2025-08-14,SKU04016,0,42,7,42
2025-08-14,SKU04106,552,0,7,96
2025-08-14,SKU04107,349,0,7,63
2025-08-14,SKU04144,345,0,7,67
2025-08-14,SKU04212,214,0,7,37
2025-08-14,SKU04215,317,0,7,80
2025-08-14,SKU04261,333,0,7,56
2025-08-14,SKU04315,0,70,7,70
2025-08-14,SKU04329,0,49,7,49
2025-08-14,SKU04334,242,0,7,55
2025-08-14,SKU04348,0,26,7,26
2025-08-14,SKU04352,388,0,7,89
2025-08-14,SKU04381,0,84,7,84
2025-08-14,SKU04476,0,72,7,72
2025-08-14,SKU04489,0,89,7,89
2025-08-14,SKU04505,233,0,7,42
2025-08-14,SKU04526,317,0,7,63
2025-08-14,SKU04532,256,0,7,85
2025-08-14,SKU04566,400,0,7,88
2025-08-14,SKU04607,283,0,7,52
2025-08-14,SKU04633,0,20,7,20
2025-08-14,SKU04652,136,0,7,43
2025-08-14,SKU04664,408,0,7,70
2025-08-14,SKU04706,116,0,7,32
2025-08-14,SKU04753,357,0,7,73
2025-08-14,SKU04756,0,73,7,73
2025-08-14,SKU04768,307,0,7,54
2025-08-14,SKU04831,436,0,7,93
2025-08-14,SKU04926,0,133,7,133
2025-08-14,SKU04955,473,0,7,82
2025-08-15,SKU00020,0,168,7,168
2025-08-15,SKU00075,96,0,7,30
2025-08-15,SKU00170,397,0,7,67
2025-08-15,SKU00190,0,131,7,131
2025-08-15,SKU00262,141,0,7,46
2025-08-15,SKU00264,0,59,7,59
2025-08-15,SKU00285,0,56,7,56
2025-08-15,SKU00331,317,0,7,59
2025-08-15,SKU00355,240,0,7,80
2025-08-15,SKU00369,0,91,7,91
2025-08-15,SKU00371,192,0,7,47
2025-08-15,SKU00376,0,92,7,92
2025-08-15,SKU00389,305,0,7,84
2025-08-15,SKU00419,548,0,7,138
2025-08-15,SKU00437,428,0,7,103
2025-08-15,SKU00466,387,0,7,91
2025-08-15,SKU00498,228,0,7,59
2025-08-15,SKU00500,0,51,7,51
2025-08-15,SKU00502,125,0,7,23
2025-08-15,SKU00524,176,0,7,32
2025-08-15,SKU00551,327,0,7,66
2025-08-15,SKU00692,0,86,7,86
2025-08-15,SKU00767,301,0,7,72
2025-08-15,SKU00774,0,58,7,58
2025-08-15,SKU00978,673,0,7,143
2025-08-15,SKU00996,0,85,7,85
2025-08-15,SKU01017,277,0,7,54
2025-08-15,SKU01030,0,127,7,127
2025-08-15,SKU01032,270,0,7,67
2025-08-15,SKU01038,119,0,7,26
2025-08-15,SKU01042,75,0,7,25
2025-08-15,SKU01068,243,0,7,47
2025-08-15,SKU01075,243,0,7,62
2025-08-15,SKU01170,0,30,7,30
2025-08-15,SKU01337,324,0,7,85
2025-08-15,SKU01363,0,165,7,165
2025-08-15,SKU01420,0,128,7,128
2025-08-15,SKU01423,327,0,7,62
2025-08-15,SKU01568,195,0,7,54
2025-08-15,SKU01592,903,0,7,167
2025-08-15,SKU01674,173,0,7,49
2025-08-15,SKU01684,284,0,7,56
2025-08-15,SKU01685,0,60,7,60
2025-08-15,SKU01733,317,0,7,85
2025-08-15,SKU01762,220,0,7,40
2025-08-15,SKU01766,161,0,7,52
2025-08-15,SKU01834,260,0,7,51
2025-08-15,SKU01915,341,0,7,70
2025-08-15,SKU01988,0,74,7,74
2025-08-15,SKU01993,0,50,7,50
2025-08-15,SKU02014,128,0,7,32
2025-08-15,SKU02079,0,94,7,94
2025-08-15,SKU02112,312,0,7,58
2025-08-15,SKU02141,0,56,7,56
2025-08-15,SKU02176,0,32,7,32
2025-08-15,SKU02248,207,0,7,35
2025-08-15,SKU02290,457,0,7,88
2025-08-15,SKU02329,301,0,7,69
2025-08-15,SKU02376,211,0,7,68
2025-08-15,SKU02436,83,0,7,26
2025-08-15,SKU02463,352,0,7,59
2025-08-15,SKU02484,0,47,7,47
2025-08-15,SKU02531,0,21,7,21
2025-08-15,SKU02532,0,164,7,164
2025-08-15,SKU02534,147,0,7,28
2025-08-15,SKU02538,0,138,7,138
2025-08-15,SKU02558,365,0,7,64
2025-08-15,SKU02570,423,0,7,78
2025-08-15,SKU02640,0,32,7,32
2025-08-15,SKU02660,0,20,7,20
2025-08-15,SKU02776,0,82,7,82
2025-08-15,SKU02829,127,0,7,40
2025-08-15,SKU02858,0,71,7,71
2025-08-15,SKU02871,505,0,7,89
2025-08-15,SKU02877,89,0,7,23
2025-08-15,SKU02930,0,74,7,74
2025-08-15,SKU02964,409,0,7,94
2025-08-15,SKU02999,444,0,7,75
2025-08-15,SKU03063,0,87,7,87
2025-08-15,SKU03108,281,0,7,58
2025-08-15,SKU03139,614,0,7,110
2025-08-15,SKU03173,239,0,7,52
2025-08-15,SKU03199,0,93,7,93
2025-08-15,SKU03235,279,0,7,52
2025-08-15,SKU03251,315,0,7,80
2025-08-15,SKU03257,136,0,7,28
2025-08-15,SKU03266,312,0,7,56
2025-08-15,SKU03284,224,0,7,67
2025-08-15,SKU03353,0,44,7,44
2025-08-15,SKU03425,0,42,7,42
2025-08-15,SKU03441,353,0,7,85
2025-08-15,SKU03467,154,0,7,45
2025-08-15,SKU03492,435,0,7,97
2025-08-15,SKU03520,193,0,7,44
2025-08-15,SKU03548,133,0,7,27
2025-08-15,SKU03578,0,64,7,64
2025-08-15,SKU03602,414,0,7,99
2025-08-15,SKU03609,220,0,7,38
2025-08-15,SKU03709,543,0,7,150
2025-08-15,SKU03744,529,0,7,91
2025-08-15,SKU03773,395,0,7,78
2025-08-15,SKU03800,0,90,7,90
2025-08-15,SKU03803,187,0,7,57
2025-08-15,SKU03812,0,136,7,136
2025-08-15,SKU03863,407,0,7,75
2025-08-15,SKU03864,205,0,7,56
2025-08-15,SKU03870,0,40,7,40
2025-08-15,SKU03892,183,0,7,37
2025-08-15,SKU03931,225,0,7,66
2025-08-15,SKU03941,211,0,7,50
2025-08-15,SKU04019,97,0,7,21
2025-08-15,SKU04041,0,20,7,20
2025-08-15,SKU04046,0,74,7,74
2025-08-15,SKU04053,266,0,7,48
2025-08-15,SKU04145,319,0,7,72
2025-08-15,SKU04154,0,75,7,75
2025-08-15,SKU04194,134,0,7,37
2025-08-15,SKU04212,263,0,7,77
2025-08-15,SKU04236,303,0,7,55
2025-08-15,SKU04249,276,0,7,84
2025-08-15,SKU04261,617,0,7,130
2025-08-15,SKU04273,0,69,7,69
2025-08-15,SKU04315,0,82,7,82
2025-08-15,SKU04381,0,23,7,23
2025-08-15,SKU04470,110,0,7,34
2025-08-15,SKU04475,450,0,7,78
2025-08-15,SKU04526,521,0,7,144
2025-08-15,SKU04566,137,0,7,35
2025-08-15,SKU04571,0,85,7,85
2025-08-15,SKU04596,0,61,7,61
2025-08-15,SKU04605,453,0,7,100
2025-08-15,SKU04636,190,0,7,40
2025-08-15,SKU04690,438,0,7,95
2025-08-15,SKU04729,346,0,7,74
2025-08-15,SKU04753,450,0,7,100
2025-08-15,SKU04756,0,28,7,28
2025-08-15,SKU04757,254,0,7,57
2025-08-15,SKU04768,93,0,7,22
2025-08-15,SKU04795,395,0,7,77
2025-08-15,SKU04888,86,0,7,23
2025-08-15,SKU04905,236,0,7,75
2025-08-15,SKU04953,188,0,7,33
2025-08-15,SKU04958,155,0,7,32
2025-08-15,SKU04987,381,0,7,70
2025-08-16,SKU00020,0,55,7,55
2025-08-16,SKU00032,363,0,7,72
2025-08-16,SKU00052,290,0,7,87
2025-08-16,SKU00062,0,22,7,22
2025-08-16,SKU00069,327,0,7,86
2025-08-16,SKU00170,113,0,7,28
2025-08-16,SKU00186,169,0,7,38
2025-08-16,SKU00285,0,21,7,21
2025-08-16,SKU00286,0,82,7,82
2025-08-16,SKU00371,366,0,7,93
2025-08-16,SKU00385,532,0,7,113
2025-08-16,SKU00389,212,0,7,49
2025-08-16,SKU00419,803,0,7,218
2025-08-16,SKU00449,224,0,7,69
2025-08-16,SKU00462,106,0,7,32
2025-08-16,SKU00531,0,100,7,100
2025-08-16,SKU00532,230,0,7,40
2025-08-16,SKU00535,129,0,7,25
2025-08-16,SKU00551,253,0,7,68
2025-08-16,SKU00585,236,0,7,60
2025-08-16,SKU00628,0,81,7,81
2025-08-16,SKU00638,182,0,7,48
2025-08-16,SKU00654,383,0,7,84
2025-08-16,SKU00692,0,88,7,88
2025-08-16,SKU00823,0,20,7,20
2025-08-16,SKU00855,247,0,7,71
2025-08-16,SKU00929,0,100,7,100
2025-08-16,SKU00942,0,81,7,81
2025-08-16,SKU00972,277,0,7,84
2025-08-16,SKU00991,189,0,7,46
2025-08-16,SKU01021,0,89,7,89
2025-08-16,SKU01034,149,0,7,38
2025-08-16,SKU01063,413,0,7,94
2025-08-16,SKU01068,477,0,7,124
2025-08-16,SKU01133,112,0,7,25
2025-08-16,SKU01152,0,70,7,70
2025-08-16,SKU01170,0,87,7,87
2025-08-16,SKU01171,272,0,7,66
2025-08-16,SKU01191,583,0,7,163
2025-08-16,SKU01229,113,0,7,34
2025-08-16,SKU01274,0,52,7,52
2025-08-16,SKU01337,153,0,7,41
2025-08-16,SKU01356,371,0,7,70
2025-08-16,SKU01370,0,79,7,79
2025-08-16,SKU01433,448,0,7,87
2025-08-16,SKU01538,120,0,7,21
2025-08-16,SKU01580,260,0,7,56
2025-08-16,SKU01643,212,0,7,53
2025-08-16,SKU01678,412,0,7,97
2025-08-16,SKU01803,230,0,7,71
2025-08-16,SKU02075,105,0,7,29
2025-08-16,SKU02079,0,249,7,249
2025-08-16,SKU02103,541,0,7,107
2025-08-16,SKU02104,298,0,7,53
2025-08-16,SKU02114,187,0,7,55
2025-08-16,SKU02129,158,0,7,28
2025-08-16,SKU02224,483,0,7,82
2025-08-16,SKU02277,501,0,7,132
2025-08-16,SKU02279,315,0,7,84
2025-08-16,SKU02302,441,0,7,91
2025-08-16,SKU02340,0,84,7,84
2025-08-16,SKU02368,0,75,7,75
2025-08-16,SKU02381,0,168,7,168
2025-08-16,SKU02387,158,0,7,41
2025-08-16,SKU02421,371,0,7,72
2025-08-16,SKU02471,201,0,7,51
2025-08-16,SKU02484,0,91,7,91
2025-08-16,SKU02503,0,46,7,46
2025-08-16,SKU02526,0,46,7,46
2025-08-16,SKU02531,0,136,7,136
2025-08-16,SKU02558,170,0,7,50
2025-08-16,SKU02570,239,0,7,41
2025-08-16,SKU02576,187,0,7,48
2025-08-16,SKU02660,0,32,7,32
2025-08-16,SKU02683,0,94,7,94
2025-08-16,SKU02722,285,0,7,84
2025-08-16,SKU02728,341,0,7,91
2025-08-16,SKU02776,0,55,7,55
2025-08-16,SKU02794,167,0,7,49
2025-08-16,SKU02822,312,0,7,60
2025-08-16,SKU02833,0,86,7,86
2025-08-16,SKU02858,0,82,7,82
2025-08-16,SKU02877,380,0,7,86
2025-08-16,SKU02892,0,83,7,83
2025-08-16,SKU02907,334,0,7,73
2025-08-16,SKU02923,0,93,7,93
2025-08-16,SKU02983,0,29,7,29
2025-08-16,SKU02999,370,0,7,68
2025-08-16,SKU03005,359,0,7,95
2025-08-16,SKU03031,359,0,7,82
2025-08-16,SKU03043,389,0,7,122
2025-08-16,SKU03088,0,57,7,57
2025-08-16,SKU03089,130,0,7,43
2025-08-16,SKU03150,503,0,7,122
2025-08-16,SKU03173,272,0,7,47
2025-08-16,SKU03199,0,59,7,59
2025-08-16,SKU03210,117,0,7,31
2025-08-16,SKU03266,405,0,7,88
2025-08-16,SKU03349,360,0,7,75
2025-08-16,SKU03353,0,72,7,72
2025-08-16,SKU03416,262,0,7,67
2025-08-16,SKU03428,100,0,7,25
2025-08-16,SKU03436,418,0,7,98
2025-08-16,SKU03441,242,0,7,48
2025-08-16,SKU03493,345,0,7,88
2025-08-16,SKU03562,99,0,7,26
2025-08-16,SKU03609,472,0,7,80
2025-08-16,SKU03642,573,0,7,99
2025-08-16,SKU03702,0,63,7,63
2025-08-16,SKU03740,283,0,7,63
2025-08-16,SKU03743,0,25,7,25
2025-08-16,SKU03837,283,0,7,81
2025-08-16,SKU03839,294,0,7,62
2025-08-16,SKU03870,0,62,7,62
2025-08-16,SKU03884,438,0,7,81
2025-08-16,SKU03941,274,0,7,55
2025-08-16,SKU03975,386,0,7,73
2025-08-16,SKU04016,0,34,7,34
2025-08-16,SKU04019,339,0,7,63
2025-08-16,SKU04053,403,0,7,73
2025-08-16,SKU04054,133,0,7,37
2025-08-16,SKU04073,128,0,7,38
2025-08-16,SKU04102,463,0,7,81
2025-08-16,SKU04106,119,0,7,36
2025-08-16,SKU04142,110,0,7,32
2025-08-16,SKU04147,196,0,7,50
2025-08-16,SKU04153,263,0,7,57
2025-08-16,SKU04166,0,87,7,87
2025-08-16,SKU04212,196,0,7,51
2025-08-16,SKU04321,0,64,7,64
2025-08-16,SKU04362,0,59,7,59
2025-08-16,SKU04381,0,92,7,92
2025-08-16,SKU04409,493,0,7,89
2025-08-16,SKU04443,111,0,7,22
2025-08-16,SKU04468,312,0,7,86
2025-08-16,SKU04475,560,0,7,145
2025-08-16,SKU04505,485,0,7,89
2025-08-16,SKU04508,0,30,7,30
2025-08-16,SKU04551,0,86,7,86
2025-08-16,SKU04574,0,32,7,32
2025-08-16,SKU04612,396,0,7,95
2025-08-16,SKU04626,0,86,7,86
2025-08-16,SKU04654,385,0,7,92
2025-08-16,SKU04693,489,0,7,97
2025-08-16,SKU04729,147,0,7,30
2025-08-16,SKU04783,0,35,7,35
2025-08-16,SKU04824,0,64,7,64
2025-08-16,SKU04854,252,0,7,59
2025-08-16,SKU04894,133,0,7,28
2025-08-16,SKU04901,115,0,7,20
2025-08-16,SKU04913,0,137,7,137
2025-08-16,SKU04996,290,0,7,95
2025-08-17,SKU00032,363,0,7,62
2025-08-17,SKU00050,0,35,7,35
2025-08-17,SKU00052,146,0,7,30
2025-08-17,SKU00083,147,0,7,43
2025-08-17,SKU00127,92,0,7,21
2025-08-17,SKU00155,170,0,7,45
2025-08-17,SKU00170,445,0,7,75
2025-08-17,SKU00177,0,41,7,41
2025-08-17,SKU00190,0,36,7,36
2025-08-17,SKU00264,0,42,7,42
2025-08-17,SKU00286,0,75,7,75
2025-08-17,SKU00328,0,59,7,59
2025-08-17,SKU00342,145,0,7,39
2025-08-17,SKU00385,262,0,7,49
2025-08-17,SKU00389,338,0,7,86
2025-08-17,SKU00401,471,0,7,127
2025-08-17,SKU00402,310,0,7,94
2025-08-17,SKU00445,0,128,7,128
2025-08-17,SKU00484,0,86,7,86
2025-08-17,SKU00501,362,0,7,66
2025-08-17,SKU00506,0,50,7,50
2025-08-17,SKU00507,324,0,7,64
2025-08-17,SKU00521,302,0,7,54
2025-08-17,SKU00531,0,68,7,68
2025-08-17,SKU00539,0,42,7,42
2025-08-17,SKU00584,144,0,7,38
2025-08-17,SKU00654,336,0,7,70
2025-08-17,SKU00682,305,0,7,51
2025-08-17,SKU00699,99,0,7,29
2025-08-17,SKU00858,95,0,7,25
2025-08-17,SKU00874,379,0,7,73
2025-08-17,SKU00893,0,49,7,49
2025-08-17,SKU00894,146,0,7,43
2025-08-17,SKU00906,298,0,7,76
2025-08-17,SKU00920,0,61,7,61
2025-08-17,SKU00986,369,0,7,88
2025-08-17,SKU00987,325,0,7,79
2025-08-17,SKU00991,256,0,7,47
2025-08-17,SKU00994,0,57,7,57
2025-08-17,SKU00996,0,74,7,74
2025-08-17,SKU01032,333,0,7,65
2025-08-17,SKU01063,170,0,7,31
2025-08-17,SKU01112,279,0,7,55
2025-08-17,SKU01133,464,0,7,136
2025-08-17,SKU01170,0,77,7,77
2025-08-17,SKU01174,481,0,7,89
2025-08-17,SKU01274,0,72,7,72
2025-08-17,SKU01310,186,0,7,57
2025-08-17,SKU01337,133,0,7,42
2025-08-17,SKU01371,0,35,7,35
2025-08-17,SKU01396,569,0,7,97
2025-08-17,SKU01414,0,78,7,78
2025-08-17,SKU01433,443,0,7,90
2025-08-17,SKU01547,0,110,7,110
2025-08-17,SKU01684,112,0,7,22
2025-08-17,SKU01685,0,32,7,32
2025-08-17,SKU01733,466,0,7,83
2025-08-17,SKU01762,564,0,7,99
2025-08-17,SKU01775,0,50,7,50
2025-08-17,SKU01781,339,0,7,62
2025-08-17,SKU01792,121,0,7,28
2025-08-17,SKU01803,185,0,7,59
2025-08-17,SKU02046,0,25,7,25
2025-08-17,SKU02103,347,0,7,90
2025-08-17,SKU02112,290,0,7,51
2025-08-17,SKU02129,415,0,7,70
2025-08-17,SKU02164,498,0,7,91
2025-08-17,SKU02194,60,0,7,20
2025-08-17,SKU02217,317,0,7,74
2025-08-17,SKU02302,486,0,7,112
2025-08-17,SKU02333,0,97,7,97
2025-08-17,SKU02340,0,87,7,87
2025-08-17,SKU02355,0,80,7,80
2025-08-17,SKU02368,0,35,7,35
2025-08-17,SKU02401,0,48,7,48
2025-08-17,SKU02436,213,0,7,37
2025-08-17,SKU02462,0,66,7,66
2025-08-17,SKU02531,0,31,7,31
2025-08-17,SKU02532,0,85,7,85
2025-08-17,SKU02534,195,0,7,64
2025-08-17,SKU02543,0,47,7,47
2025-08-17,SKU02567,298,0,7,76
2025-08-17,SKU02576,361,0,7,78
2025-08-17,SKU02626,305,0,7,55
2025-08-17,SKU02639,122,0,7,23
2025-08-17,SKU02718,639,0,7,148
2025-08-17,SKU02822,224,0,7,51
2025-08-17,SKU02840,0,30,7,30
2025-08-17,SKU02858,0,87,7,87
2025-08-17,SKU02907,109,0,7,34
2025-08-17,SKU02911,272,0,7,80
2025-08-17,SKU02950,0,65,7,65
2025-08-17,SKU02997,422,0,7,72
2025-08-17,SKU03089,488,0,7,105
2025-08-17,SKU03129,702,0,7,131
2025-08-17,SKU03254,316,0,7,69
2025-08-17,SKU03259,0,88,7,88
2025-08-17,SKU03277,390,0,7,78
2025-08-17,SKU03281,463,0,7,94
2025-08-17,SKU03290,569,0,7,97
2025-08-17,SKU03291,221,0,7,42
2025-08-17,SKU03292,0,42,7,42
2025-08-17,SKU03362,335,0,7,73
2025-08-17,SKU03375,297,0,7,95
2025-08-17,SKU03428,196,0,7,60
2025-08-17,SKU03467,711,0,7,167
2025-08-17,SKU03492,240,0,7,67
2025-08-17,SKU03493,319,0,7,88
2025-08-17,SKU03546,0,158,7,158
2025-08-17,SKU03548,171,0,7,40
2025-08-17,SKU03583,338,0,7,94
2025-08-17,SKU03603,111,0,7,20
2025-08-17,SKU03627,116,0,7,30
2025-08-17,SKU03633,0,98,7,98
2025-08-17,SKU03693,0,40,7,40
2025-08-17,SKU03727,0,45,7,45
2025-08-17,SKU03740,242,0,7,43
2025-08-17,SKU03749,100,0,7,23
2025-08-17,SKU03773,283,0,7,85
2025-08-17,SKU03805,323,0,7,79
2025-08-17,SKU03870,0,67,7,67
2025-08-17,SKU03968,478,0,7,86
2025-08-17,SKU03991,644,0,7,127
2025-08-17,SKU04046,0,61,7,61
2025-08-17,SKU04126,0,34,7,34
2025-08-17,SKU04144,195,0,7,33
2025-08-17,SKU04147,397,0,7,81
2025-08-17,SKU04273,0,34,7,34
2025-08-17,SKU04292,166,0,7,51
2025-08-17,SKU04329,0,25,7,25
2025-08-17,SKU04388,236,0,7,71
2025-08-17,SKU04443,419,0,7,92
2025-08-17,SKU04461,293,0,7,87
2025-08-17,SKU04508,0,23,7,23
2025-08-17,SKU04561,204,0,7,67
2025-08-17,SKU04571,0,69,7,69
2025-08-17,SKU04596,0,132,7,132
2025-08-17,SKU04626,0,69,7,69
2025-08-17,SKU04679,227,0,7,58
2025-08-17,SKU04690,449,0,7,78
2025-08-17,SKU04710,0,67,7,67
2025-08-17,SKU04717,317,0,7,65
2025-08-17,SKU04783,0,160,7,160
2025-08-17,SKU04798,190,0,7,60
2025-08-17,SKU04824,0,85,7,85
2025-08-17,SKU04831,396,0,7,99
2025-08-17,SKU04887,167,0,7,29
2025-08-17,SKU04894,555,0,7,93
2025-08-17,SKU04919,210,0,7,55
2025-08-18,SKU00169,0,57,7,57
2025-08-18,SKU00254,0,43,7,43
2025-08-18,SKU00328,0,93,7,93
2025-08-18,SKU00355,279,0,7,52
2025-08-18,SKU00385,215,0,7,44
2025-08-18,SKU00416,0,74,7,74
2025-08-18,SKU00462,321,0,7,65
2025-08-18,SKU00484,0,24,7,24
2025-08-18,SKU00502,303,0,7,96
2025-08-18,SKU00506,0,70,7,70
2025-08-18,SKU00507,130,0,7,39
2025-08-18,SKU00516,381,0,7,87
2025-08-18,SKU00532,157,0,7,30
2025-08-18,SKU00538,0,65,7,65
2025-08-18,SKU00574,361,0,7,86
2025-08-18,SKU00649,285,0,7,56
2025-08-18,SKU00654,300,0,7,91
2025-08-18,SKU00662,382,0,7,102
2025-08-18,SKU00749,358,0,7,95
2025-08-18,SKU00767,98,0,7,31
2025-08-18,SKU00830,0,77,7,77
2025-08-18,SKU00832,0,75,7,75
2025-08-18,SKU00845,0,72,7,72
2025-08-18,SKU00890,280,0,7,83
2025-08-18,SKU00893,0,96,7,96
2025-08-18,SKU00906,144,0,7,26
2025-08-18,SKU00929,0,46,7,46
2025-08-18,SKU00965,337,0,7,73
2025-08-18,SKU00978,216,0,7,49
2025-08-18,SKU00986,64,0,7,21
2025-08-18,SKU00996,0,52,7,52
2025-08-18,SKU01021,0,42,7,42
2025-08-18,SKU01038,129,0,7,39
2025-08-18,SKU01042,291,0,7,72
2025-08-18,SKU01170,0,67,7,67
2025-08-18,SKU01171,197,0,7,65
2025-08-18,SKU01310,124,0,7,27
2025-08-18,SKU01317,0,61,7,61
2025-08-18,SKU01337,304,0,7,95
2025-08-18,SKU01340,321,0,7,73
2025-08-18,SKU01414,0,26,7,26
2025-08-18,SKU01433,324,0,7,91
2025-08-18,SKU01485,0,90,7,90
2025-08-18,SKU01547,0,47,7,47
2025-08-18,SKU01582,103,0,7,23
2025-08-18,SKU01592,222,0,7,47
2025-08-18,SKU01649,433,0,7,92
2025-08-18,SKU01684,242,0,7,56
2025-08-18,SKU01717,152,0,7,40
2025-08-18,SKU01803,394,0,7,86
2025-08-18,SKU01805,284,0,7,65
2025-08-18,SKU01857,162,0,7,48
2025-08-18,SKU01903,471,0,7,86
2025-08-18,SKU02057,638,0,7,141
2025-08-18,SKU02070,155,0,7,27
2025-08-18,SKU02103,414,0,7,78
2025-08-18,SKU02104,262,0,7,48
2025-08-18,SKU02142,410,0,7,89
2025-08-18,SKU02302,210,0,7,42
2025-08-18,SKU02329,105,0,7,25
2025-08-18,SKU02331,313,0,7,84
2025-08-18,SKU02368,0,46,7,46
2025-08-18,SKU02381,0,52,7,52
2025-08-18,SKU02401,0,96,7,96
2025-08-18,SKU02408,165,0,7,32
2025-08-18,SKU02436,100,0,7,24
2025-08-18,SKU02449,0,61,7,61
2025-08-18,SKU02501,460,0,7,77
2025-08-18,SKU02531,0,94,7,94
2025-08-18,SKU02639,232,0,7,45
2025-08-18,SKU02648,0,72,7,72
2025-08-18,SKU02660,0,54,7,54
2025-08-18,SKU02683,0,47,7,47
2025-08-18,SKU02692,0,97,7,97
2025-08-18,SKU02710,98,0,7,20
2025-08-18,SKU02737,0,44,7,44
2025-08-18,SKU02747,0,61,7,61
2025-08-18,SKU02768,141,0,7,26
2025-08-18,SKU02826,0,88,7,88
2025-08-18,SKU02829,104,0,7,33
2025-08-18,SKU02871,202,0,7,42
2025-08-18,SKU02877,209,0,7,55
2025-08-18,SKU02892,0,76,7,76
2025-08-18,SKU02898,0,24,7,24
2025-08-18,SKU02930,0,50,7,50
2025-08-18,SKU02950,0,44,7,44
2025-08-18,SKU03005,295,0,7,84
2025-08-18,SKU03088,0,214,7,214
2025-08-18,SKU03105,135,0,7,36
2025-08-18,SKU03235,280,0,7,61
2025-08-18,SKU03254,73,0,7,22
2025-08-18,SKU03274,0,33,7,33
2025-08-18,SKU03277,405,0,7,90
2025-08-18,SKU03292,0,53,7,53
2025-08-18,SKU03320,141,0,7,34
2025-08-18,SKU03323,0,27,7,27
2025-08-18,SKU03376,616,0,7,129
2025-08-18,SKU03436,385,0,7,113
2025-08-18,SKU03441,274,0,7,88
2025-08-18,SKU03467,120,0,7,21
2025-08-18,SKU03504,293,0,7,73
2025-08-18,SKU03535,0,68,7,68
2025-08-18,SKU03546,0,58,7,58
2025-08-18,SKU03634,319,0,7,79
2025-08-18,SKU03727,0,88,7,88
2025-08-18,SKU03800,0,64,7,64
2025-08-18,SKU03803,187,0,7,49
2025-08-18,SKU03823,266,0,7,71
2025-08-18,SKU03837,75,0,7,20
2025-08-18,SKU03840,0,158,7,158
2025-08-18,SKU03870,0,45,7,45
2025-08-18,SKU03892,194,0,7,37
2025-08-18,SKU03968,105,0,7,26
2025-08-18,SKU03991,294,0,7,50
2025-08-18,SKU04035,0,40,7,40
2025-08-18,SKU04105,0,67,7,67
2025-08-18,SKU04107,171,0,7,45
2025-08-18,SKU04157,0,89,7,89
2025-08-18,SKU04166,0,22,7,22
2025-08-18,SKU04191,0,22,7,22
2025-08-18,SKU04381,0,56,7,56
2025-08-18,SKU04443,73,0,7,22
2025-08-18,SKU04468,184,0,7,39
2025-08-18,SKU04526,106,0,7,29
2025-08-18,SKU04566,111,0,7,20
2025-08-18,SKU04633,0,89,7,89
2025-08-18,SKU04641,366,0,7,69
2025-08-18,SKU04646,0,41,7,41
2025-08-18,SKU04654,363,0,7,82
2025-08-18,SKU04710,0,66,7,66
2025-08-18,SKU04729,300,0,7,55
2025-08-18,SKU04747,78,0,7,22
2025-08-18,SKU04771,398,0,7,80
2025-08-18,SKU04783,0,56,7,56
2025-08-18,SKU04791,97,0,7,24
2025-08-18,SKU04824,0,83,7,83
2025-08-18,SKU04831,205,0,7,44
2025-08-18,SKU04879,513,0,7,97
2025-08-18,SKU04888,119,0,7,36
2025-08-18,SKU04905,559,0,7,135
2025-08-18,SKU04958,379,0,7,73
2025-08-18,SKU04987,258,0,7,70
2025-08-19,SKU00002,0,24,7,24
2025-08-19,SKU00052,258,0,7,83
2025-08-19,SKU00083,200,0,7,51
2025-08-19,SKU00155,221,0,7,50
2025-08-19,SKU00169,0,21,7,21
2025-08-19,SKU00263,0,88,7,88
2025-08-19,SKU00328,0,163,7,163
2025-08-19,SKU00330,297,0,7,80
2025-08-19,SKU00416,0,67,7,67
2025-08-19,SKU00421,317,0,7,96
2025-08-19,SKU00449,116,0,7,21
2025-08-19,SKU00500,0,113,7,113
2025-08-19,SKU00506,0,51,7,51
2025-08-19,SKU00507,210,0,7,51
2025-08-19,SKU00538,0,58,7,58
2025-08-19,SKU00571,103,0,7,26
2025-08-19,SKU00584,152,0,7,46
2025-08-19,SKU00608,409,0,7,75
2025-08-19,SKU00682,96,0,7,30
2025-08-19,SKU00823,0,68,7,68
2025-08-19,SKU00830,0,79,7,79
2025-08-19,SKU00832,0,69,7,69
2025-08-19,SKU00920,0,138,7,138
2025-08-19,SKU00932,90,0,7,24
2025-08-19,SKU00935,310,0,7,88
2025-08-19,SKU00953,0,36,7,36
2025-08-19,SKU01030,0,47,7,47
2025-08-19,SKU01037,0,147,7,147
2025-08-19,SKU01045,0,30,7,30
2025-08-19,SKU01138,0,52,7,52
2025-08-19,SKU01153,0,60,7,60
2025-08-19,SKU01174,169,0,7,54
2025-08-19,SKU01179,304,0,7,87
2025-08-19,SKU01229,132,0,7,38
2025-08-19,SKU01340,440,0,7,76
2025-08-19,SKU01356,416,0,7,89
2025-08-19,SKU01420,0,98,7,98
2025-08-19,SKU01466,0,85,7,85
2025-08-19,SKU01495,149,0,7,30
2025-08-19,SKU01567,238,0,7,63
2025-08-19,SKU01643,198,0,7,35
2025-08-19,SKU01662,0,171,7,171
2025-08-19,SKU01770,198,0,7,37
2025-08-19,SKU01784,0,48,7,48
2025-08-19,SKU01863,127,0,7,33
2025-08-19,SKU01874,468,0,7,96
2025-08-19,SKU01915,407,0,7,68
2025-08-19,SKU02014,402,0,7,77
2025-08-19,SKU02057,231,0,7,49
2025-08-19,SKU02064,128,0,7,35
2025-08-19,SKU02068,0,74,7,74
2025-08-19,SKU02104,369,0,7,68
2025-08-19,SKU02114,292,0,7,60
2025-08-19,SKU02142,234,0,7,41
2025-08-19,SKU02176,0,67,7,67
2025-08-19,SKU02194,252,0,7,52
2025-08-19,SKU02267,106,0,7,33
2025-08-19,SKU02329,264,0,7,71
2025-08-19,SKU02340,0,65,7,65
2025-08-19,SKU02381,0,53,7,53
2025-08-19,SKU02436,112,0,7,31
2025-08-19,SKU02484,0,41,7,41
2025-08-19,SKU02503,0,35,7,35
2025-08-19,SKU02538,0,99,7,99
2025-08-19,SKU02660,0,95,7,95
2025-08-19,SKU02718,420,0,7,100
2025-08-19,SKU02911,174,0,7,34
2025-08-19,SKU02915,335,0,7,61
2025-08-19,SKU02950,0,72,7,72
2025-08-19,SKU02954,0,31,7,31
2025-08-19,SKU02969,301,0,7,91
2025-08-19,SKU03031,218,0,7,52
2025-08-19,SKU03171,0,48,7,48
2025-08-19,SKU03192,340,0,7,73
2025-08-19,SKU03199,0,64,7,64
2025-08-19,SKU03210,331,0,7,64
2025-08-19,SKU03257,107,0,7,34
2025-08-19,SKU03274,0,87,7,87
2025-08-19,SKU03281,317,0,7,68
2025-08-19,SKU03286,245,0,7,58
2025-08-19,SKU03375,166,0,7,46
2025-08-19,SKU03454,159,0,7,39
2025-08-19,SKU03457,137,0,7,36
2025-08-19,SKU03493,277,0,7,91
2025-08-19,SKU03603,488,0,7,95
2025-08-19,SKU03633,0,20,7,20
2025-08-19,SKU03693,0,98,7,98
2025-08-19,SKU03812,0,33,7,33
2025-08-19,SKU03828,164,0,7,41
2025-08-19,SKU03840,0,90,7,90
2025-08-19,SKU03876,0,98,7,98
2025-08-19,SKU03907,0,91,7,91
2025-08-19,SKU03935,446,0,7,86
2025-08-19,SKU03968,455,0,7,92
2025-08-19,SKU04016,0,36,7,36
2025-08-19,SKU04018,928,0,7,181
2025-08-19,SKU04062,290,0,7,68
2025-08-19,SKU04126,0,69,7,69
2025-08-19,SKU04144,261,0,7,54
2025-08-19,SKU04147,243,0,7,58
2025-08-19,SKU04153,276,0,7,50
2025-08-19,SKU04166,0,54,7,54
2025-08-19,SKU04245,0,44,7,44
2025-08-19,SKU04250,329,0,7,82
2025-08-19,SKU04265,134,0,7,27
2025-08-19,SKU04292,193,0,7,50
2025-08-19,SKU04305,0,37,7,37
2025-08-19,SKU04318,0,76,7,76
2025-08-19,SKU04321,0,47,7,47
2025-08-19,SKU04401,281,0,7,92
2025-08-19,SKU04412,171,0,7,51
2025-08-19,SKU04499,460,0,7,91
2025-08-19,SKU04508,0,87,7,87
2025-08-19,SKU04532,382,0,7,66
2025-08-19,SKU04591,455,0,7,87
2025-08-19,SKU04626,0,83,7,83
2025-08-19,SKU04653,300,0,7,63
2025-08-19,SKU04654,144,0,7,33
2025-08-19,SKU04664,300,0,7,51
2025-08-19,SKU04693,384,0,7,75
2025-08-19,SKU04729,216,0,7,56
2025-08-19,SKU04741,425,0,7,82
2025-08-19,SKU04753,219,0,7,40
2025-08-19,SKU04791,477,0,7,98
2025-08-19,SKU04849,260,0,7,52
2025-08-19,SKU04888,95,0,7,30
2025-08-19,SKU04955,214,0,7,41
2025-08-19,SKU04987,333,0,7,85
2025-08-20,SKU00066,328,0,7,55
2025-08-20,SKU00167,504,0,7,99
2025-08-20,SKU00254,0,62,7,62
2025-08-20,SKU00263,0,46,7,46
2025-08-20,SKU00285,0,78,7,78
2025-08-20,SKU00291,0,38,7,38
2025-08-20,SKU00376,0,67,7,67
2025-08-20,SKU00402,409,0,7,88
2025-08-20,SKU00449,246,0,7,59
2025-08-20,SKU00498,417,0,7,124
2025-08-20,SKU00500,0,54,7,54
2025-08-20,SKU00506,0,66,7,66
2025-08-20,SKU00516,297,0,7,94
2025-08-20,SKU00521,116,0,7,22
2025-08-20,SKU00531,0,65,7,65
2025-08-20,SKU00532,139,0,7,43
2025-08-20,SKU00538,0,75,7,75
2025-08-20,SKU00553,140,0,7,35
2025-08-20,SKU00589,369,0,7,90
2025-08-20,SKU00592,641,0,7,144
2025-08-20,SKU00631,704,0,7,168
2025-08-20,SKU00645,231,0,7,49
2025-08-20,SKU00728,0,167,7,167
2025-08-20,SKU00775,336,0,7,68
2025-08-20,SKU00858,375,0,7,68
2025-08-20,SKU00954,197,0,7,43
2025-08-20,SKU00974,0,43,7,43
2025-08-20,SKU01021,0,180,7,180
2025-08-20,SKU01070,207,0,7,45
2025-08-20,SKU01133,260,0,7,66
2025-08-20,SKU01138,0,31,7,31
2025-08-20,SKU01153,0,81,7,81
2025-08-20,SKU01171,265,0,7,65
2025-08-20,SKU01174,459,0,7,97
2025-08-20,SKU01187,494,0,7,89
2025-08-20,SKU01264,442,0,7,78
2025-08-20,SKU01274,0,28,7,28
2025-08-20,SKU01287,491,0,7,98
2025-08-20,SKU01317,0,23,7,23
2025-08-20,SKU01370,0,89,7,89
2025-08-20,SKU01371,0,52,7,52
2025-08-20,SKU01396,662,0,7,133
2025-08-20,SKU01414,0,137,7,137
2025-08-20,SKU01433,150,0,7,30
2025-08-20,SKU01438,0,31,7,31
2025-08-20,SKU01547,0,49,7,49
2025-08-20,SKU01592,297,0,7,50
2025-08-20,SKU01645,338,0,7,83
2025-08-20,SKU01675,192,0,7,59
2025-08-20,SKU01677,0,128,7,128
2025-08-20,SKU01696,347,0,7,72
2025-08-20,SKU01754,365,0,7,67
2025-08-20,SKU01762,85,0,7,20
2025-08-20,SKU01775,0,29,7,29
2025-08-20,SKU01790,326,0,7,75
2025-08-20,SKU01792,466,0,7,97
2025-08-20,SKU01822,339,0,7,59
2025-08-20,SKU01828,178,0,7,45
2025-08-20,SKU01830,486,0,7,90
2025-08-20,SKU01834,145,0,7,31
2025-08-20,SKU01880,167,0,7,29
2025-08-20,SKU01911,437,0,7,89
2025-08-20,SKU01919,480,0,7,81
2025-08-20,SKU01970,240,0,7,57
2025-08-20,SKU01981,552,0,7,120
2025-08-20,SKU02055,178,0,7,52
2025-08-20,SKU02079,0,55,7,55
2025-08-20,SKU02088,0,57,7,57
2025-08-20,SKU02103,108,0,7,27
2025-08-20,SKU02104,292,0,7,91
2025-08-20,SKU02112,179,0,7,39
2025-08-20,SKU02142,140,0,7,30
2025-08-20,SKU02164,248,0,7,80
2025-08-20,SKU02209,231,0,7,68
2025-08-20,SKU02217,302,0,7,80
2025-08-20,SKU02224,498,0,7,120
2025-08-20,SKU02248,391,0,7,88
2025-08-20,SKU02268,0,94,7,94
2025-08-20,SKU02277,205,0,7,46
2025-08-20,SKU02355,0,42,7,42
2025-08-20,SKU02375,509,0,7,89
2025-08-20,SKU02381,0,88,7,88
2025-08-20,SKU02408,287,0,7,51
2025-08-20,SKU02471,121,0,7,33
2025-08-20,SKU02482,0,110,7,110
2025-08-20,SKU02501,374,0,7,81
2025-08-20,SKU02526,0,38,7,38
2025-08-20,SKU02543,0,76,7,76
2025-08-20,SKU02558,232,0,7,44
2025-08-20,SKU02566,509,0,7,88
2025-08-20,SKU02626,266,0,7,55
2025-08-20,SKU02675,98,0,7,32
2025-08-20,SKU02683,0,37,7,37
2025-08-20,SKU02728,349,0,7,97
2025-08-20,SKU02822,512,0,7,89
2025-08-20,SKU02842,271,0,7,57
2025-08-20,SKU02892,0,50,7,50
2025-08-20,SKU02938,344,0,7,77
2025-08-20,SKU02950,0,98,7,98
2025-08-20,SKU02999,392,0,7,83
2025-08-20,SKU03005,455,0,7,80
2025-08-20,SKU03030,0,94,7,94
2025-08-20,SKU03036,190,0,7,45
2025-08-20,SKU03058,392,0,7,81
2025-08-20,SKU03063,0,45,7,45
2025-08-20,SKU03105,160,0,7,27
2025-08-20,SKU03150,328,0,7,99
2025-08-20,SKU03210,198,0,7,48
2025-08-20,SKU03251,182,0,7,41
2025-08-20,SKU03291,325,0,7,88
2025-08-20,SKU03323,0,59,7,59
2025-08-20,SKU03376,385,0,7,82
2025-08-20,SKU03428,431,0,7,85
2025-08-20,SKU03476,0,147,7,147
2025-08-20,SKU03492,431,0,7,77
2025-08-20,SKU03493,497,0,7,95
2025-08-20,SKU03523,212,0,7,54
2025-08-20,SKU03546,0,53,7,53
2025-08-20,SKU03583,256,0,7,63
2025-08-20,SKU03619,272,0,7,50
2025-08-20,SKU03624,275,0,7,70
2025-08-20,SKU03634,311,0,7,69
2025-08-20,SKU03702,0,94,7,94
2025-08-20,SKU03740,374,0,7,96
2025-08-20,SKU03773,220,0,7,52
2025-08-20,SKU03805,115,0,7,32
2025-08-20,SKU03822,133,0,7,35
2025-08-20,SKU03863,405,0,7,84
2025-08-20,SKU03864,271,0,7,67
2025-08-20,SKU04012,0,79,7,79
2025-08-20,SKU04041,0,29,7,29
2025-08-20,SKU04062,164,0,7,44
2025-08-20,SKU04153,339,0,7,61
2025-08-20,SKU04154,0,70,7,70
2025-08-20,SKU04194,380,0,7,77
2025-08-20,SKU04228,83,0,7,21
2025-08-20,SKU04236,231,0,7,58
2025-08-20,SKU04245,0,93,7,93
2025-08-20,SKU04261,249,0,7,57
2025-08-20,SKU04265,361,0,7,84
2025-08-20,SKU04305,0,34,7,34
2025-08-20,SKU04346,0,30,7,30
2025-08-20,SKU04350,0,70,7,70
2025-08-20,SKU04392,275,0,7,46
2025-08-20,SKU04414,264,0,7,65
2025-08-20,SKU04443,610,0,7,139
2025-08-20,SKU04453,0,33,7,33
2025-08-20,SKU04461,320,0,7,64
2025-08-20,SKU04475,402,0,7,97
2025-08-20,SKU04532,270,0,7,60
2025-08-20,SKU04554,467,0,7,90
2025-08-20,SKU04566,139,0,7,30
2025-08-20,SKU04574,0,83,7,83
2025-08-20,SKU04627,0,43,7,43
2025-08-20,SKU04670,267,0,7,49
2025-08-20,SKU04679,766,0,7,176
2025-08-20,SKU04710,0,29,7,29
2025-08-20,SKU04717,254,0,7,61
2025-08-20,SKU04849,132,0,7,25
2025-08-20,SKU04888,169,0,7,56
2025-08-20,SKU04945,476,0,7,82
2025-08-20,SKU04953,326,0,7,64
2025-08-21,SKU00002,0,60,7,60
2025-08-21,SKU00012,130,0,7,42
2025-08-21,SKU00062,0,25,7,25
2025-08-21,SKU00090,280,0,7,64
2025-08-21,SKU00105,167,0,7,28
2025-08-21,SKU00167,113,0,7,21
2025-08-21,SKU00186,452,0,7,112
2025-08-21,SKU00263,0,44,7,44
2025-08-21,SKU00331,133,0,7,36
2025-08-21,SKU00363,0,79,7,79
2025-08-21,SKU00376,0,112,7,112
2025-08-21,SKU00402,169,0,7,52
2025-08-21,SKU00416,0,75,7,75
2025-08-21,SKU00445,0,184,7,184
2025-08-21,SKU00498,384,0,7,70
2025-08-21,SKU00507,302,0,7,81
2025-08-21,SKU00531,0,27,7,27
2025-08-21,SKU00535,208,0,7,56
2025-08-21,SKU00571,197,0,7,64
2025-08-21,SKU00592,502,0,7,86
2025-08-21,SKU00638,197,0,7,54
2025-08-21,SKU00691,164,0,7,46
2025-08-21,SKU00788,174,0,7,49
2025-08-21,SKU00837,305,0,7,74
2025-08-21,SKU00953,0,38,7,38
2025-08-21,SKU00972,350,0,7,63
2025-08-21,SKU00976,0,181,7,181
2025-08-21,SKU00987,494,0,7,84
2025-08-21,SKU00994,0,83,7,83
2025-08-21,SKU01009,0,74,7,74
2025-08-21,SKU01032,114,0,7,23
2025-08-21,SKU01034,340,0,7,59
2025-08-21,SKU01037,0,77,7,77
2025-08-21,SKU01070,251,0,7,60
2025-08-21,SKU01075,351,0,7,64
2025-08-21,SKU01112,370,0,7,104
2025-08-21,SKU01153,0,29,7,29
2025-08-21,SKU01167,145,0,7,48
2025-08-21,SKU01187,469,0,7,89
2025-08-21,SKU01287,297,0,7,83
2025-08-21,SKU01310,593,0,7,148
2025-08-21,SKU01370,0,43,7,43
2025-08-21,SKU01414,0,70,7,70
2025-08-21,SKU01485,0,51,7,51
2025-08-21,SKU01538,178,0,7,32
2025-08-21,SKU01558,463,0,7,92
2025-08-21,SKU01592,101,0,7,23
2025-08-21,SKU01649,527,0,7,144
2025-08-21,SKU01678,418,0,7,72
2025-08-21,SKU01684,132,0,7,40
2025-08-21,SKU01685,0,23,7,23
2025-08-21,SKU01696,719,0,7,166
2025-08-21,SKU01751,0,21,7,21
2025-08-21,SKU01781,565,0,7,97
2025-08-21,SKU01828,363,0,7,70
2025-08-21,SKU01854,198,0,7,48
2025-08-21,SKU01857,300,0,7,78
2025-08-21,SKU01874,395,0,7,92
2025-08-21,SKU01906,556,0,7,96
2025-08-21,SKU01911,226,0,7,50
2025-08-21,SKU01981,95,0,7,30
2025-08-21,SKU02046,0,88,7,88
2025-08-21,SKU02055,274,0,7,65
2025-08-21,SKU02068,0,82,7,82
2025-08-21,SKU02094,428,0,7,91
2025-08-21,SKU02112,988,0,7,206
2025-08-21,SKU02172,299,0,7,50
2025-08-21,SKU02176,0,97,7,97
2025-08-21,SKU02194,780,0,7,145
2025-08-21,SKU02209,222,0,7,41
2025-08-21,SKU02351,391,0,7,85
2025-08-21,SKU02355,0,27,7,27
2025-08-21,SKU02446,230,0,7,74
2025-08-21,SKU02462,0,47,7,47
2025-08-21,SKU02526,0,38,7,38
2025-08-21,SKU02533,140,0,7,31
2025-08-21,SKU02534,518,0,7,87
2025-08-21,SKU02584,114,0,7,29
2025-08-21,SKU02657,0,61,7,61
2025-08-21,SKU02681,289,0,7,52
2025-08-21,SKU02722,407,0,7,93
2025-08-21,SKU02728,218,0,7,43
2025-08-21,SKU02737,0,81,7,81
2025-08-21,SKU02763,376,0,7,94
2025-08-21,SKU02858,0,90,7,90
2025-08-21,SKU02871,373,0,7,74
2025-08-21,SKU02877,201,0,7,44
2025-08-21,SKU02911,142,0,7,28
2025-08-21,SKU02930,0,75,7,75
2025-08-21,SKU02938,565,0,7,148
2025-08-21,SKU02946,442,0,7,114
2025-08-21,SKU03053,0,23,7,23
2025-08-21,SKU03057,0,66,7,66
2025-08-21,SKU03073,443,0,7,98
2025-08-21,SKU03090,217,0,7,49
2025-08-21,SKU03092,132,0,7,33
2025-08-21,SKU03105,103,0,7,22
2025-08-21,SKU03171,0,92,7,92
2025-08-21,SKU03220,91,0,7,23
2025-08-21,SKU03230,151,0,7,28
2025-08-21,SKU03254,129,0,7,24
2025-08-21,SKU03266,264,0,7,77
2025-08-21,SKU03274,0,49,7,49
2025-08-21,SKU03286,409,0,7,80
2025-08-21,SKU03323,0,21,7,21
2025-08-21,SKU03347,212,0,7,47
2025-08-21,SKU03349,286,0,7,50
2025-08-21,SKU03353,0,62,7,62
2025-08-21,SKU03457,519,0,7,112
2025-08-21,SKU03520,118,0,7,39
2025-08-21,SKU03574,230,0,7,48
2025-08-21,SKU03582,107,0,7,30
2025-08-21,SKU03592,266,0,7,61
2025-08-21,SKU03619,201,0,7,37
2025-08-21,SKU03621,166,0,7,46
2025-08-21,SKU03737,120,0,7,21
2025-08-21,SKU03840,0,69,7,69
2025-08-21,SKU03851,0,98,7,98
2025-08-21,SKU03864,253,0,7,75
2025-08-21,SKU03907,0,54,7,54
2025-08-21,SKU04019,248,0,7,44
2025-08-21,SKU04052,182,0,7,37
2025-08-21,SKU04053,385,0,7,90
2025-08-21,SKU04126,0,29,7,29
2025-08-21,SKU04222,397,0,7,68
2025-08-21,SKU04244,421,0,7,76
2025-08-21,SKU04305,0,87,7,87
2025-08-21,SKU04315,0,21,7,21
2025-08-21,SKU04346,0,74,7,74
2025-08-21,SKU04352,345,0,7,98
2025-08-21,SKU04425,475,0,7,99
2025-08-21,SKU04443,336,0,7,64
2025-08-21,SKU04476,0,77,7,77
2025-08-21,SKU04489,0,49,7,49
2025-08-21,SKU04505,580,0,7,99
2025-08-21,SKU04532,397,0,7,108
2025-08-21,SKU04653,420,0,7,85
2025-08-21,SKU04654,375,0,7,91
2025-08-21,SKU04664,461,0,7,96
2025-08-21,SKU04665,381,0,7,65
2025-08-21,SKU04710,0,74,7,74
2025-08-21,SKU04729,159,0,7,44
2025-08-21,SKU04747,373,0,7,73
2025-08-21,SKU04753,96,0,7,23
2025-08-21,SKU04757,215,0,7,36
2025-08-21,SKU04768,340,0,7,74
2025-08-21,SKU04795,358,0,7,64
2025-08-21,SKU04847,0,99,7,99
2025-08-21,SKU04901,255,0,7,51
2025-08-21,SKU04913,0,79,7,79
2025-08-21,SKU04958,145,0,7,33
2025-08-21,SKU04996,401,0,7,90
2025-08-21,SKU05000,420,0,7,78
2025-08-22,SKU00062,0,75,7,75
2025-08-22,SKU00090,343,0,7,100
2025-08-22,SKU00167,240,0,7,42
2025-08-22,SKU00170,117,0,7,38
2025-08-22,SKU00173,270,0,7,89
2025-08-22,SKU00186,108,0,7,27
2025-08-22,SKU00262,629,0,7,160
2025-08-22,SKU00531,0,75,7,75
2025-08-22,SKU00584,470,0,7,95
2025-08-22,SKU00598,98,0,7,30
2025-08-22,SKU00608,113,0,7,21
2025-08-22,SKU00638,211,0,7,42
2025-08-22,SKU00679,169,0,7,53
2025-08-22,SKU00691,153,0,7,41
2025-08-22,SKU00774,0,28,7,28
2025-08-22,SKU00821,152,0,7,35
2025-08-22,SKU00845,0,29,7,29
2025-08-22,SKU00858,573,0,7,97
2025-08-22,SKU00954,222,0,7,57
2025-08-22,SKU00978,561,0,7,130
2025-08-22,SKU00994,0,98,7,98
2025-08-22,SKU00996,0,78,7,78
2025-08-22,SKU01009,0,109,7,109
2025-08-22,SKU01023,455,0,7,98
2025-08-22,SKU01032,113,0,7,23
2025-08-22,SKU01037,0,34,7,34
2025-08-22,SKU01038,206,0,7,52
2025-08-22,SKU01104,190,0,7,62
2025-08-22,SKU01133,338,0,7,90
2025-08-22,SKU01153,0,90,7,90
2025-08-22,SKU01164,0,86,7,86
2025-08-22,SKU01303,369,0,7,75
2025-08-22,SKU01317,0,70,7,70
2025-08-22,SKU01318,119,0,7,26
2025-08-22,SKU01337,228,0,7,45
2025-08-22,SKU01339,264,0,7,79
2025-08-22,SKU01340,309,0,7,59
2025-08-22,SKU01371,0,26,7,26
2025-08-22,SKU01413,658,0,7,143
2025-08-22,SKU01428,538,0,7,102
2025-08-22,SKU01466,0,61,7,61
2025-08-22,SKU01495,168,0,7,42
2025-08-22,SKU01567,265,0,7,76
2025-08-22,SKU01568,402,0,7,100
2025-08-22,SKU01649,136,0,7,28
2025-08-22,SKU01651,157,0,7,30
2025-08-22,SKU01733,126,0,7,30
2025-08-22,SKU01781,121,0,7,26
2025-08-22,SKU01851,179,0,7,58
2025-08-22,SKU01854,289,0,7,57
2025-08-22,SKU01874,154,0,7,51
2025-08-22,SKU01903,561,0,7,95
2025-08-22,SKU01906,251,0,7,79
2025-08-22,SKU01911,110,0,7,20
2025-08-22,SKU01919,107,0,7,22
2025-08-22,SKU01981,206,0,7,61
2025-08-22,SKU02070,266,0,7,48
2025-08-22,SKU02075,186,0,7,40
2025-08-22,SKU02112,694,0,7,133
2025-08-22,SKU02128,80,0,7,24
2025-08-22,SKU02155,0,170,7,170
2025-08-22,SKU02209,136,0,7,28
2025-08-22,SKU02211,321,0,7,63
2025-08-22,SKU02223,129,0,7,27
2025-08-22,SKU02255,549,0,7,97
2025-08-22,SKU02268,0,149,7,149
2025-08-22,SKU02421,99,0,7,28
2025-08-22,SKU02446,147,0,7,35
2025-08-22,SKU02449,0,65,7,65
2025-08-22,SKU02482,0,55,7,55
2025-08-22,SKU02501,592,0,7,121
2025-08-22,SKU02526,0,61,7,61
2025-08-22,SKU02541,295,0,7,87
2025-08-22,SKU02570,94,0,7,25
2025-08-22,SKU02576,422,0,7,83
2025-08-22,SKU02580,162,0,7,28
2025-08-22,SKU02584,146,0,7,41
2025-08-22,SKU02639,139,0,7,40
2025-08-22,SKU02683,0,75,7,75
2025-08-22,SKU02722,704,0,7,139
2025-08-22,SKU02822,389,0,7,83
2025-08-22,SKU02892,0,52,7,52
2025-08-22,SKU02897,337,0,7,65
2025-08-22,SKU02898,0,69,7,69
2025-08-22,SKU02907,120,0,7,31
2025-08-22,SKU02915,239,0,7,78
2025-08-22,SKU02923,0,161,7,161
2025-08-22,SKU02930,0,66,7,66
2025-08-22,SKU02946,594,0,7,126
2025-08-22,SKU02997,217,0,7,52
2025-08-22,SKU03014,350,0,7,93
2025-08-22,SKU03030,0,50,7,50
2025-08-22,SKU03053,0,80,7,80
2025-08-22,SKU03058,220,0,7,57
2025-08-22,SKU03073,122,0,7,37
2025-08-22,SKU03177,255,0,7,52
2025-08-22,SKU03220,138,0,7,46
2025-08-22,SKU03230,538,0,7,91
2025-08-22,SKU03274,0,38,7,38
2025-08-22,SKU03323,0,68,7,68
2025-08-22,SKU03416,213,0,7,55
2025-08-22,SKU03425,0,56,7,56
2025-08-22,SKU03484,306,0,7,75
2025-08-22,SKU03603,280,0,7,93
2025-08-22,SKU03622,0,32,7,32
2025-08-22,SKU03633,0,100,7,100
2025-08-22,SKU03740,275,0,7,51
2025-08-22,SKU03743,0,100,7,100
2025-08-22,SKU03749,297,0,7,84
2025-08-22,SKU03807,189,0,7,52
2025-08-22,SKU03840,0,48,7,48
2025-08-22,SKU03848,169,0,7,29
2025-08-22,SKU03884,528,0,7,94
2025-08-22,SKU03932,182,0,7,45
2025-08-22,SKU03935,199,0,7,35
2025-08-22,SKU03941,780,0,7,148
2025-08-22,SKU03968,319,0,7,80
2025-08-22,SKU03975,431,0,7,90
2025-08-22,SKU03991,120,0,7,35
2025-08-22,SKU04016,0,51,7,51
2025-08-22,SKU04073,346,0,7,59
2025-08-22,SKU04105,0,73,7,73
2025-08-22,SKU04126,0,34,7,34
2025-08-22,SKU04158,383,0,7,86
2025-08-22,SKU04222,217,0,7,41
2025-08-22,SKU04249,300,0,7,86
2025-08-22,SKU04401,287,0,7,82
2025-08-22,SKU04409,270,0,7,68
2025-08-22,SKU04412,318,0,7,70
2025-08-22,SKU04414,531,0,7,100
2025-08-22,SKU04489,0,74,7,74
2025-08-22,SKU04526,489,0,7,92
2025-08-22,SKU04561,198,0,7,34
2025-08-22,SKU04562,0,74,7,74
2025-08-22,SKU04580,79,0,7,24
2025-08-22,SKU04729,194,0,7,38
2025-08-22,SKU04741,409,0,7,70
2025-08-22,SKU04753,120,0,7,29
2025-08-22,SKU04756,0,23,7,23
2025-08-22,SKU04757,305,0,7,64
2025-08-22,SKU04768,327,0,7,55
2025-08-22,SKU04783,0,72,7,72
2025-08-22,SKU04795,126,0,7,35
2025-08-22,SKU04856,215,0,7,57
2025-08-22,SKU04887,527,0,7,111
2025-08-22,SKU04888,199,0,7,52
2025-08-22,SKU04901,244,0,7,72
2025-08-22,SKU04905,166,0,7,30
2025-08-22,SKU04913,0,85,7,85
2025-08-22,SKU04955,283,0,7,87
2025-08-22,SKU04987,981,0,7,188
2025-08-23,SKU00105,160,0,7,39
2025-08-23,SKU00173,280,0,7,90
2025-08-23,SKU00186,105,0,7,34
2025-08-23,SKU00237,677,0,7,194
2025-08-23,SKU00262,112,0,7,20
2025-08-23,SKU00305,224,0,7,51
2025-08-23,SKU00350,503,0,7,111
2025-08-23,SKU00389,502,0,7,96
2025-08-23,SKU00437,302,0,7,77
2025-08-23,SKU00462,343,0,7,65
2025-08-23,SKU00484,0,86,7,86
2025-08-23,SKU00500,0,54,7,54
2025-08-23,SKU00501,323,0,7,61
2025-08-23,SKU00521,320,0,7,83
2025-08-23,SKU00532,417,0,7,84
2025-08-23,SKU00538,0,107,7,107
2025-08-23,SKU00546,116,0,7,28
2025-08-23,SKU00551,305,0,7,85
2025-08-23,SKU00585,315,0,7,97
2025-08-23,SKU00592,378,0,7,75
2025-08-23,SKU00638,111,0,7,21
2025-08-23,SKU00706,399,0,7,71
2025-08-23,SKU00855,241,0,7,53
2025-08-23,SKU00874,137,0,7,38
2025-08-23,SKU00890,201,0,7,50
2025-08-23,SKU00893,0,32,7,32
2025-08-23,SKU00906,181,0,7,40
2025-08-23,SKU00953,0,21,7,21
2025-08-23,SKU00976,0,65,7,65
2025-08-23,SKU00996,0,31,7,31
2025-08-23,SKU01031,217,0,7,72
2025-08-23,SKU01068,415,0,7,70
2025-08-23,SKU01075,479,0,7,87
2025-08-23,SKU01133,420,0,7,92
2025-08-23,SKU01200,114,0,7,30
2025-08-23,SKU01317,0,45,7,45
2025-08-23,SKU01318,234,0,7,66
2025-08-23,SKU01371,0,86,7,86
2025-08-23,SKU01414,0,98,7,98
2025-08-23,SKU01485,0,64,7,64
2025-08-23,SKU01538,191,0,7,43
2025-08-23,SKU01558,669,0,7,171
2025-08-23,SKU01567,174,0,7,41
2025-08-23,SKU01592,112,0,7,27
2025-08-23,SKU01662,0,68,7,68
2025-08-23,SKU01674,119,0,7,27
2025-08-23,SKU01675,264,0,7,67
2025-08-23,SKU01684,198,0,7,65
2025-08-23,SKU01685,0,43,7,43
2025-08-23,SKU01696,126,0,7,28
2025-08-23,SKU01717,283,0,7,58
2025-08-23,SKU01775,0,89,7,89
2025-08-23,SKU01784,0,29,7,29
2025-08-23,SKU01827,548,0,7,142
2025-08-23,SKU01911,116,0,7,32
2025-08-23,SKU01970,313,0,7,75
2025-08-23,SKU01993,0,21,7,21
2025-08-23,SKU02057,547,0,7,118
2025-08-23,SKU02064,341,0,7,60
2025-08-23,SKU02079,0,93,7,93
2025-08-23,SKU02088,0,134,7,134
2025-08-23,SKU02112,90,0,7,21
2025-08-23,SKU02114,424,0,7,73
2025-08-23,SKU02205,134,0,7,23
2025-08-23,SKU02209,496,0,7,84
2025-08-23,SKU02247,0,85,7,85
2025-08-23,SKU02253,347,0,7,97
2025-08-23,SKU02340,0,21,7,21
2025-08-23,SKU02375,220,0,7,44
2025-08-23,SKU02376,449,0,7,97
2025-08-23,SKU02425,278,0,7,51
2025-08-23,SKU02449,0,47,7,47
2025-08-23,SKU02567,286,0,7,79
2025-08-23,SKU02584,191,0,7,47
2025-08-23,SKU02660,0,25,7,25
2025-08-23,SKU02683,0,141,7,141
2025-08-23,SKU02686,254,0,7,53
2025-08-23,SKU02722,113,0,7,30
2025-08-23,SKU02747,0,51,7,51
2025-08-23,SKU02776,0,74,7,74
2025-08-23,SKU02840,0,84,7,84
2025-08-23,SKU02871,299,0,7,69
2025-08-23,SKU02999,321,0,7,88
2025-08-23,SKU03036,192,0,7,50
2025-08-23,SKU03088,0,31,7,31
2025-08-23,SKU03105,126,0,7,30
2025-08-23,SKU03192,525,0,7,129
2025-08-23,SKU03257,331,0,7,63
2025-08-23,SKU03259,0,54,7,54
2025-08-23,SKU03290,183,0,7,36
2025-08-23,SKU03347,164,0,7,37
2025-08-23,SKU03357,195,0,7,59
2025-08-23,SKU03416,294,0,7,69
2025-08-23,SKU03425,0,76,7,76
2025-08-23,SKU03441,755,0,7,133
2025-08-23,SKU03535,0,37,7,37
2025-08-23,SKU03546,0,67,7,67
2025-08-23,SKU03548,154,0,7,31
2025-08-23,SKU03603,730,0,7,156
2025-08-23,SKU03621,456,0,7,87
2025-08-23,SKU03633,0,32,7,32
2025-08-23,SKU03740,290,0,7,51
2025-08-23,SKU03773,413,0,7,90
2025-08-23,SKU03803,266,0,7,51
2025-08-23,SKU03807,302,0,7,85
2025-08-23,SKU03837,443,0,7,91
2025-08-23,SKU03840,0,127,7,127
2025-08-23,SKU03848,142,0,7,43
2025-08-23,SKU03851,0,92,7,92
2025-08-23,SKU03863,424,0,7,77
2025-08-23,SKU03905,157,0,7,27
2025-08-23,SKU03935,531,0,7,94
2025-08-23,SKU03950,428,0,7,95
2025-08-23,SKU04032,0,59,7,59
2025-08-23,SKU04041,0,46,7,46
2025-08-23,SKU04046,0,67,7,67
2025-08-23,SKU04054,406,0,7,72
2025-08-23,SKU04106,329,0,7,74
2025-08-23,SKU04126,0,59,7,59
2025-08-23,SKU04140,0,98,7,98
2025-08-23,SKU04217,479,0,7,85
2025-08-23,SKU04236,477,0,7,97
2025-08-23,SKU04249,448,0,7,78
2025-08-23,SKU04305,0,27,7,27
2025-08-23,SKU04318,0,109,7,109
2025-08-23,SKU04350,0,55,7,55
2025-08-23,SKU04476,0,79,7,79
2025-08-23,SKU04491,857,0,7,184
2025-08-23,SKU04499,342,0,7,99
2025-08-23,SKU04551,0,75,7,75
2025-08-23,SKU04571,0,84,7,84
2025-08-23,SKU04607,397,0,7,92
2025-08-23,SKU04633,0,59,7,59
2025-08-23,SKU04652,345,0,7,59
2025-08-23,SKU04664,316,0,7,63
2025-08-23,SKU04665,283,0,7,82
2025-08-23,SKU04693,172,0,7,43
2025-08-23,SKU04710,0,38,7,38
2025-08-23,SKU04797,90,0,7,23
2025-08-23,SKU04919,354,0,7,66
2025-08-23,SKU04953,121,0,7,30
2025-08-23,SKU04955,303,0,7,79
2025-08-24,SKU00002,0,140,7,140
2025-08-24,SKU00020,0,99,7,99
2025-08-24,SKU00066,72,0,7,23
2025-08-24,SKU00079,0,145,7,145
2025-08-24,SKU00150,185,0,7,41
2025-08-24,SKU00177,0,30,7,30
2025-08-24,SKU00254,0,20,7,20
2025-08-24,SKU00262,187,0,7,50
2025-08-24,SKU00291,0,93,7,93
2025-08-24,SKU00317,358,0,7,92
2025-08-24,SKU00331,92,0,7,30
2025-08-24,SKU00350,624,0,7,146
2025-08-24,SKU00354,269,0,7,75
2025-08-24,SKU00355,132,0,7,26
2025-08-24,SKU00385,387,0,7,116
2025-08-24,SKU00416,0,25,7,25
2025-08-24,SKU00421,734,0,7,157
2025-08-24,SKU00466,134,0,7,38
2025-08-24,SKU00501,179,0,7,41
2025-08-24,SKU00506,0,28,7,28
2025-08-24,SKU00538,0,52,7,52
2025-08-24,SKU00546,486,0,7,110
2025-08-24,SKU00631,1326,0,7,269
2025-08-24,SKU00662,222,0,7,44
2025-08-24,SKU00692,0,105,7,105
2025-08-24,SKU00728,0,36,7,36
2025-08-24,SKU00749,213,0,7,58
2025-08-24,SKU00823,0,96,7,96
2025-08-24,SKU00830,0,52,7,52
2025-08-24,SKU00855,492,0,7,110
2025-08-24,SKU00860,154,0,7,30
2025-08-24,SKU00874,199,0,7,65
2025-08-24,SKU00890,472,0,7,87
2025-08-24,SKU00920,0,87,7,87
2025-08-24,SKU00936,408,0,7,92
2025-08-24,SKU00986,353,0,7,65
2025-08-24,SKU00996,0,88,7,88
2025-08-24,SKU01009,0,92,7,92
2025-08-24,SKU01023,139,0,7,43
2025-08-24,SKU01042,199,0,7,43
2025-08-24,SKU01068,108,0,7,21
2025-08-24,SKU01133,561,0,7,95
2025-08-24,SKU01187,330,0,7,69
2025-08-24,SKU01189,0,186,7,186
2025-08-24,SKU01200,300,0,7,87
2025-08-24,SKU01339,239,0,7,40
2025-08-24,SKU01370,0,50,7,50
2025-08-24,SKU01407,205,0,7,42
2025-08-24,SKU01420,0,78,7,78
2025-08-24,SKU01438,0,45,7,45
2025-08-24,SKU01457,149,0,7,30
2025-08-24,SKU01485,0,46,7,46
2025-08-24,SKU01542,171,0,7,54
2025-08-24,SKU01567,316,0,7,58
2025-08-24,SKU01578,0,32,7,32
2025-08-24,SKU01592,294,0,7,71
2025-08-24,SKU01643,117,0,7,27
2025-08-24,SKU01662,0,25,7,25
2025-08-24,SKU01677,0,161,7,161
2025-08-24,SKU01685,0,57,7,57
2025-08-24,SKU01766,556,0,7,137
2025-08-24,SKU01781,313,0,7,82
2025-08-24,SKU01784,0,51,7,51
2025-08-24,SKU01790,213,0,7,59
2025-08-24,SKU01939,177,0,7,59
2025-08-24,SKU01988,0,179,7,179
2025-08-24,SKU02103,171,0,7,35
2025-08-24,SKU02104,363,0,7,98
2025-08-24,SKU02112,353,0,7,64
2025-08-24,SKU02114,258,0,7,44
2025-08-24,SKU02205,205,0,7,68
2025-08-24,SKU02247,0,34,7,34
2025-08-24,SKU02340,0,167,7,167
2025-08-24,SKU02408,710,0,7,152
2025-08-24,SKU02446,370,0,7,65
2025-08-24,SKU02449,0,95,7,95
2025-08-24,SKU02462,0,49,7,49
2025-08-24,SKU02471,121,0,7,35
2025-08-24,SKU02514,189,0,7,47
2025-08-24,SKU02520,297,0,7,62
2025-08-24,SKU02531,0,54,7,54
2025-08-24,SKU02567,369,0,7,91
2025-08-24,SKU02584,232,0,7,47
2025-08-24,SKU02626,399,0,7,89
2025-08-24,SKU02648,0,100,7,100
2025-08-24,SKU02660,0,46,7,46
2025-08-24,SKU02662,351,0,7,61
2025-08-24,SKU02686,94,0,7,27
2025-08-24,SKU02710,228,0,7,47
2025-08-24,SKU02718,644,0,7,136
2025-08-24,SKU02722,570,0,7,99
2025-08-24,SKU02728,183,0,7,38
2025-08-24,SKU02892,0,56,7,56
2025-08-24,SKU02915,343,0,7,99
2025-08-24,SKU02938,204,0,7,59
2025-08-24,SKU03014,261,0,7,77
2025-08-24,SKU03057,0,20,7,20
2025-08-24,SKU03105,265,0,7,80
2025-08-24,SKU03171,0,61,7,61
2025-08-24,SKU03179,89,0,7,25
2025-08-24,SKU03199,0,71,7,71
2025-08-24,SKU03235,106,0,7,29
2025-08-24,SKU03254,611,0,7,127
2025-08-24,SKU03291,678,0,7,119
2025-08-24,SKU03292,0,87,7,87
2025-08-24,SKU03428,336,0,7,96
2025-08-24,SKU03436,336,0,7,72
2025-08-24,SKU03454,371,0,7,76
2025-08-24,SKU03476,0,46,7,46
2025-08-24,SKU03491,286,0,7,56
2025-08-24,SKU03493,420,0,7,72
2025-08-24,SKU03535,0,52,7,52
2025-08-24,SKU03546,0,42,7,42
2025-08-24,SKU03580,104,0,7,24
2025-08-24,SKU03592,326,0,7,65
2025-08-24,SKU03622,0,70,7,70
2025-08-24,SKU03633,0,93,7,93
2025-08-24,SKU03642,381,0,7,100
2025-08-24,SKU03693,0,99,7,99
2025-08-24,SKU03773,404,0,7,79
2025-08-24,SKU03839,309,0,7,54
2025-08-24,SKU03851,0,49,7,49
2025-08-24,SKU03876,0,102,7,102
2025-08-24,SKU03931,160,0,7,37
2025-08-24,SKU03935,295,0,7,83
2025-08-24,SKU04041,0,40,7,40
2025-08-24,SKU04062,361,0,7,84
2025-08-24,SKU04107,310,0,7,97
2025-08-24,SKU04118,85,0,7,20
2025-08-24,SKU04142,494,0,7,85
2025-08-24,SKU04152,345,0,7,60
2025-08-24,SKU04160,156,0,7,27
2025-08-24,SKU04166,0,49,7,49
2025-08-24,SKU04261,329,0,7,67
2025-08-24,SKU04273,0,87,7,87
2025-08-24,SKU04280,0,87,7,87
2025-08-24,SKU04292,93,0,7,22
2025-08-24,SKU04319,252,0,7,72
2025-08-24,SKU04321,0,55,7,55
2025-08-24,SKU04348,0,86,7,86
2025-08-24,SKU04350,0,32,7,32
2025-08-24,SKU04352,506,0,7,96
2025-08-24,SKU04412,315,0,7,69
2025-08-24,SKU04442,322,0,7,58
2025-08-24,SKU04470,703,0,7,150
2025-08-24,SKU04489,0,26,7,26
2025-08-24,SKU04505,186,0,7,40
2025-08-24,SKU04532,545,0,7,91
2025-08-24,SKU04551,0,91,7,91
2025-08-24,SKU04561,401,0,7,89
2025-08-24,SKU04574,0,63,7,63
2025-08-24,SKU04580,414,0,7,97
2025-08-24,SKU04607,254,0,7,43
2025-08-24,SKU04626,0,32,7,32
2025-08-24,SKU04627,0,90,7,90
2025-08-24,SKU04646,0,48,7,48
2025-08-24,SKU04654,270,0,7,53
2025-08-24,SKU04670,271,0,7,75
2025-08-24,SKU04690,170,0,7,32
2025-08-24,SKU04747,202,0,7,53
2025-08-24,SKU04753,295,0,7,65
2025-08-24,SKU04768,444,0,7,93
2025-08-24,SKU04791,562,0,7,147
2025-08-24,SKU04795,463,0,7,87
2025-08-24,SKU04856,288,0,7,60
2025-08-24,SKU04913,0,25,7,25
2025-08-24,SKU04953,508,0,7,96
2025-08-24,SKU04987,762,0,7,179
2025-08-25,SKU00020,0,58,7,58
2025-08-25,SKU00062,0,99,7,99
2025-08-25,SKU00079,0,38,7,38
2025-08-25,SKU00150,75,0,7,22
2025-08-25,SKU00155,99,0,7,31
2025-08-25,SKU00169,0,54,7,54
2025-08-25,SKU00177,0,83,7,83
2025-08-25,SKU00342,162,0,7,36
2025-08-25,SKU00363,0,58,7,58
2025-08-25,SKU00369,0,97,7,97
2025-08-25,SKU00386,304,0,7,76
2025-08-25,SKU00416,0,35,7,35
2025-08-25,SKU00421,145,0,7,37
2025-08-25,SKU00449,252,0,7,79
2025-08-25,SKU00507,162,0,7,38
2025-08-25,SKU00516,460,0,7,87
2025-08-25,SKU00531,0,32,7,32
2025-08-25,SKU00574,146,0,7,45
2025-08-25,SKU00592,336,0,7,81
2025-08-25,SKU00649,110,0,7,23
2025-08-25,SKU00654,96,0,7,28
2025-08-25,SKU00679,557,0,7,100
2025-08-25,SKU00721,365,0,7,71
2025-08-25,SKU00740,109,0,7,20
2025-08-25,SKU00832,0,93,7,93
2025-08-25,SKU00845,0,36,7,36
2025-08-25,SKU00858,266,0,7,72
2025-08-25,SKU00874,238,0,7,73
2025-08-25,SKU00920,0,100,7,100
2025-08-25,SKU00932,462,0,7,83
2025-08-25,SKU00935,272,0,7,75
2025-08-25,SKU00986,344,0,7,72
2025-08-25,SKU01023,94,0,7,30
2025-08-25,SKU01034,386,0,7,67
2025-08-25,SKU01068,198,0,7,40
2025-08-25,SKU01070,299,0,7,87
2025-08-25,SKU01133,114,0,7,29
2025-08-25,SKU01189,0,64,7,64
2025-08-25,SKU01303,278,0,7,90
2025-08-25,SKU01356,274,0,7,60
2025-08-25,SKU01547,0,85,7,85
2025-08-25,SKU01592,145,0,7,38
2025-08-25,SKU01675,292,0,7,57
2025-08-25,SKU01775,0,71,7,71
2025-08-25,SKU01822,241,0,7,43
2025-08-25,SKU01828,315,0,7,86
2025-08-25,SKU01834,124,0,7,34
2025-08-25,SKU01915,673,0,7,124
2025-08-25,SKU01970,221,0,7,40
2025-08-25,SKU01981,135,0,7,43
2025-08-25,SKU02094,240,0,7,75
2025-08-25,SKU02164,158,0,7,43
2025-08-25,SKU02176,0,48,7,48
2025-08-25,SKU02211,416,0,7,72
2025-08-25,SKU02255,351,0,7,90
2025-08-25,SKU02268,0,51,7,51
2025-08-25,SKU02279,221,0,7,37
2025-08-25,SKU02333,0,63,7,63
2025-08-25,SKU02355,0,48,7,48
2025-08-25,SKU02376,847,0,7,183
2025-08-25,SKU02401,0,82,7,82
2025-08-25,SKU02471,349,0,7,69
2025-08-25,SKU02501,219,0,7,59
2025-08-25,SKU02503,0,59,7,59
2025-08-25,SKU02514,791,0,7,167
2025-08-25,SKU02538,0,59,7,59
2025-08-25,SKU02567,361,0,7,65
2025-08-25,SKU02584,260,0,7,57
2025-08-25,SKU02614,0,71,7,71
2025-08-25,SKU02630,183,0,7,33
2025-08-25,SKU02639,562,0,7,151
2025-08-25,SKU02681,341,0,7,67
2025-08-25,SKU02686,311,0,7,94
2025-08-25,SKU02710,298,0,7,51
2025-08-25,SKU02722,236,0,7,64
2025-08-25,SKU02737,0,125,7,125
2025-08-25,SKU02747,0,38,7,38
2025-08-25,SKU02794,424,0,7,113
2025-08-25,SKU02833,0,47,7,47
2025-08-25,SKU02907,152,0,7,33
2025-08-25,SKU02930,0,56,7,56
2025-08-25,SKU02954,0,89,7,89
2025-08-25,SKU02983,0,75,7,75
2025-08-25,SKU03031,476,0,7,86
2025-08-25,SKU03058,411,0,7,92
2025-08-25,SKU03063,0,25,7,25
2025-08-25,SKU03108,237,0,7,69
2025-08-25,SKU03171,0,160,7,160
2025-08-25,SKU03177,471,0,7,100
2025-08-25,SKU03235,201,0,7,54
2025-08-25,SKU03284,434,0,7,88
2025-08-25,SKU03291,193,0,7,34
2025-08-25,SKU03292,0,80,7,80
2025-08-25,SKU03323,0,48,7,48
2025-08-25,SKU03349,413,0,7,77
2025-08-25,SKU03357,126,0,7,22
2025-08-25,SKU03441,305,0,7,71
2025-08-25,SKU03492,166,0,7,55
2025-08-25,SKU03523,146,0,7,29
2025-08-25,SKU03548,342,0,7,77
2025-08-25,SKU03578,0,86,7,86
2025-08-25,SKU03582,368,0,7,97
2025-08-25,SKU03602,94,0,7,30
2025-08-25,SKU03624,673,0,7,168
2025-08-25,SKU03744,318,0,7,79
2025-08-25,SKU03773,206,0,7,42
2025-08-25,SKU03800,0,47,7,47
2025-08-25,SKU03812,0,47,7,47
2025-08-25,SKU03823,402,0,7,78
2025-08-25,SKU03905,251,0,7,58
2025-08-25,SKU03950,431,0,7,94
2025-08-25,SKU03966,369,0,7,81
2025-08-25,SKU04016,0,136,7,136
2025-08-25,SKU04046,0,35,7,35
2025-08-25,SKU04052,97,0,7,25
2025-08-25,SKU04053,126,0,7,30
2025-08-25,SKU04160,140,0,7,45
2025-08-25,SKU04236,449,0,7,85
2025-08-25,SKU04281,398,0,7,97
2025-08-25,SKU04334,281,0,7,50
2025-08-25,SKU04348,0,84,7,84
2025-08-25,SKU04362,0,81,7,81
2025-08-25,SKU04409,126,0,7,22
2025-08-25,SKU04468,648,0,7,179
2025-08-25,SKU04475,401,0,7,87
2025-08-25,SKU04491,275,0,7,55
2025-08-25,SKU04508,0,49,7,49
2025-08-25,SKU04532,125,0,7,27
2025-08-25,SKU04566,259,0,7,47
2025-08-25,SKU04591,549,0,7,93
2025-08-25,SKU04605,112,0,7,32
2025-08-25,SKU04627,0,74,7,74
2025-08-25,SKU04653,244,0,7,57
2025-08-25,SKU04665,151,0,7,35
2025-08-25,SKU04670,264,0,7,85
2025-08-25,SKU04693,284,0,7,57
2025-08-25,SKU04741,80,0,7,25
2025-08-25,SKU04791,199,0,7,58
2025-08-25,SKU04798,119,0,7,33
2025-08-25,SKU04856,332,0,7,79
2025-08-25,SKU04901,385,0,7,87
2025-08-25,SKU04902,263,0,7,79
2025-08-25,SKU04905,422,0,7,79
2025-08-25,SKU04926,0,128,7,128
2025-08-25,SKU04945,444,0,7,81
2025-08-26,SKU00024,566,0,7,100
2025-08-26,SKU00066,324,0,7,75
2025-08-26,SKU00167,130,0,7,25
2025-08-26,SKU00169,0,23,7,23
2025-08-26,SKU00190,0,42,7,42
2025-08-26,SKU00328,0,87,7,87
2025-08-26,SKU00350,126,0,7,37
2025-08-26,SKU00363,0,54,7,54
2025-08-26,SKU00385,353,0,7,60
2025-08-26,SKU00389,204,0,7,38
2025-08-26,SKU00445,0,58,7,58
2025-08-26,SKU00501,388,0,7,86
2025-08-26,SKU00535,116,0,7,25
2025-08-26,SKU00551,434,0,7,103
2025-08-26,SKU00553,336,0,7,85
2025-08-26,SKU00585,212,0,7,50
2025-08-26,SKU00592,178,0,7,30
2025-08-26,SKU00631,213,0,7,52
2025-08-26,SKU00638,183,0,7,51
2025-08-26,SKU00645,248,0,7,79
2025-08-26,SKU00699,236,0,7,48
2025-08-26,SKU00732,305,0,7,66
2025-08-26,SKU00774,0,34,7,34
2025-08-26,SKU00832,0,48,7,48
2025-08-26,SKU00890,181,0,7,50
2025-08-26,SKU00932,260,0,7,57
2025-08-26,SKU00936,403,0,7,84
2025-08-26,SKU00965,442,0,7,105
2025-08-26,SKU00976,0,50,7,50
2025-08-26,SKU00978,162,0,7,38
2025-08-26,SKU00987,1407,0,7,272
2025-08-26,SKU00994,0,77,7,77
2025-08-26,SKU00996,0,64,7,64
2025-08-26,SKU01021,0,82,7,82
2025-08-26,SKU01030,0,28,7,28
2025-08-26,SKU01038,420,0,7,93
2025-08-26,SKU01052,137,0,7,23
2025-08-26,SKU01063,362,0,7,62
2025-08-26,SKU01068,292,0,7,68
2025-08-26,SKU01070,147,0,7,41
2025-08-26,SKU01133,92,0,7,23
2025-08-26,SKU01138,0,132,7,132
2025-08-26,SKU01164,0,83,7,83
2025-08-26,SKU01179,105,0,7,20
2025-08-26,SKU01191,399,0,7,94
2025-08-26,SKU01256,385,0,7,80
2025-08-26,SKU01287,520,0,7,99
2025-08-26,SKU01303,146,0,7,43
2025-08-26,SKU01363,0,93,7,93
2025-08-26,SKU01420,0,79,7,79
2025-08-26,SKU01433,398,0,7,96
2025-08-26,SKU01507,0,91,7,91
2025-08-26,SKU01568,298,0,7,79
2025-08-26,SKU01592,311,0,7,71
2025-08-26,SKU01675,289,0,7,77
2025-08-26,SKU01685,0,41,7,41
2025-08-26,SKU01803,71,0,7,20
2025-08-26,SKU01805,679,0,7,153
2025-08-26,SKU01818,325,0,7,83
2025-08-26,SKU01863,150,0,7,39
2025-08-26,SKU02057,271,0,7,87
2025-08-26,SKU02070,145,0,7,40
2025-08-26,SKU02075,537,0,7,96
2025-08-26,SKU02079,0,51,7,51
2025-08-26,SKU02112,265,0,7,55
2025-08-26,SKU02164,228,0,7,66
2025-08-26,SKU02172,147,0,7,25
2025-08-26,SKU02194,409,0,7,84
2025-08-26,SKU02209,399,0,7,86
2025-08-26,SKU02211,171,0,7,40
2025-08-26,SKU02223,259,0,7,77
2025-08-26,SKU02248,749,0,7,145
2025-08-26,SKU02253,117,0,7,21
2025-08-26,SKU02331,175,0,7,49
2025-08-26,SKU02340,0,61,7,61
2025-08-26,SKU02355,0,81,7,81
2025-08-26,SKU02365,385,0,7,94
2025-08-26,SKU02408,385,0,7,86
2025-08-26,SKU02446,330,0,7,63
2025-08-26,SKU02484,0,75,7,75
2025-08-26,SKU02501,225,0,7,42
2025-08-26,SKU02534,275,0,7,70
2025-08-26,SKU02538,0,162,7,162
2025-08-26,SKU02541,297,0,7,62
2025-08-26,SKU02570,271,0,7,72
2025-08-26,SKU02639,374,0,7,75
2025-08-26,SKU02768,264,0,7,83
2025-08-26,SKU02780,176,0,7,47
2025-08-26,SKU02858,0,88,7,88
2025-08-26,SKU02892,0,70,7,70
2025-08-26,SKU02898,0,46,7,46
2025-08-26,SKU02964,427,0,7,91
2025-08-26,SKU03030,0,63,7,63
2025-08-26,SKU03036,835,0,7,197
2025-08-26,SKU03053,0,30,7,30
2025-08-26,SKU03063,0,86,7,86
2025-08-26,SKU03090,608,0,7,146
2025-08-26,SKU03115,540,0,7,93
2025-08-26,SKU03192,261,0,7,46
2025-08-26,SKU03235,398,0,7,109
2025-08-26,SKU03277,415,0,7,73
2025-08-26,SKU03323,0,87,7,87
2025-08-26,SKU03357,346,0,7,72
2025-08-26,SKU03416,221,0,7,60
2025-08-26,SKU03436,429,0,7,120
2025-08-26,SKU03467,177,0,7,46
2025-08-26,SKU03476,0,33,7,33
2025-08-26,SKU03578,0,45,7,45
2025-08-26,SKU03582,125,0,7,37
2025-08-26,SKU03592,180,0,7,52
2025-08-26,SKU03619,256,0,7,51
2025-08-26,SKU03633,0,118,7,118
2025-08-26,SKU03744,101,0,7,27
2025-08-26,SKU03828,294,0,7,87
2025-08-26,SKU03839,333,0,7,75
2025-08-26,SKU03851,0,39,7,39
2025-08-26,SKU03864,267,0,7,65
2025-08-26,SKU03870,0,85,7,85
2025-08-26,SKU03907,0,147,7,147
2025-08-26,SKU04041,0,126,7,126
2025-08-26,SKU04053,472,0,7,100
2025-08-26,SKU04062,454,0,7,87
2025-08-26,SKU04145,164,0,7,49
2025-08-26,SKU04152,394,0,7,85
2025-08-26,SKU04191,0,97,7,97
2025-08-26,SKU04212,387,0,7,92
2025-08-26,SKU04245,0,141,7,141
2025-08-26,SKU04265,268,0,7,46
2025-08-26,SKU04292,490,0,7,90
2025-08-26,SKU04315,0,86,7,86
2025-08-26,SKU04321,0,89,7,89
2025-08-26,SKU04348,0,84,7,84
2025-08-26,SKU04443,193,0,7,38
2025-08-26,SKU04475,170,0,7,34
2025-08-26,SKU04489,0,84,7,84
2025-08-26,SKU04566,273,0,7,76
2025-08-26,SKU04574,0,61,7,61
2025-08-26,SKU04580,174,0,7,48
2025-08-26,SKU04636,232,0,7,77
2025-08-26,SKU04641,254,0,7,53
2025-08-26,SKU04654,129,0,7,23
2025-08-26,SKU04663,0,78,7,78
2025-08-26,SKU04679,283,0,7,89
2025-08-26,SKU04717,166,0,7,44
2025-08-26,SKU04726,356,0,7,93
2025-08-26,SKU04756,0,83,7,83
2025-08-26,SKU04831,203,0,7,38
2025-08-26,SKU04894,113,0,7,33
2025-08-26,SKU04905,255,0,7,69
2025-08-26,SKU04913,0,64,7,64
2025-08-26,SKU04919,318,0,7,67
2025-08-26,SKU04958,301,0,7,56
2025-08-27,SKU00024,446,0,7,87
2025-08-27,SKU00066,415,0,7,98
2025-08-27,SKU00079,0,74,7,74
2025-08-27,SKU00140,249,0,7,66
2025-08-27,SKU00169,0,97,7,97
2025-08-27,SKU00170,297,0,7,77
2025-08-27,SKU00177,0,98,7,98
2025-08-27,SKU00254,0,76,7,76
2025-08-27,SKU00416,0,76,7,76
2025-08-27,SKU00419,312,0,7,82
2025-08-27,SKU00484,0,137,7,137
2025-08-27,SKU00506,0,28,7,28
2025-08-27,SKU00521,199,0,7,41
2025-08-27,SKU00571,512,0,7,87
2025-08-27,SKU00574,499,0,7,85
2025-08-27,SKU00589,743,0,7,149
2025-08-27,SKU00592,262,0,7,47
2025-08-27,SKU00645,325,0,7,70
2025-08-27,SKU00650,148,0,7,39
2025-08-27,SKU00682,347,0,7,98
2025-08-27,SKU00691,234,0,7,66
2025-08-27,SKU00706,518,0,7,89
2025-08-27,SKU00721,123,0,7,34
2025-08-27,SKU00788,254,0,7,71
2025-08-27,SKU00821,166,0,7,38
2025-08-27,SKU00830,0,58,7,58
2025-08-27,SKU00837,215,0,7,53
2025-08-27,SKU00860,153,0,7,29
2025-08-27,SKU00894,526,0,7,133
2025-08-27,SKU00974,0,81,7,81
2025-08-27,SKU00991,231,0,7,42
2025-08-27,SKU00996,0,54,7,54
2025-08-27,SKU01031,382,0,7,100
2025-08-27,SKU01042,165,0,7,29
2025-08-27,SKU01052,382,0,7,74
2025-08-27,SKU01070,388,0,7,68
2025-08-27,SKU01152,0,122,7,122
2025-08-27,SKU01158,231,0,7,40
2025-08-27,SKU01170,0,41,7,41
2025-08-27,SKU01171,296,0,7,54
2025-08-27,SKU01191,419,0,7,89
2025-08-27,SKU01224,419,0,7,82
2025-08-27,SKU01337,332,0,7,94
2025-08-27,SKU01339,348,0,7,90
2025-08-27,SKU01371,0,23,7,23
2025-08-27,SKU01396,122,0,7,37
2025-08-27,SKU01420,0,59,7,59
2025-08-27,SKU01547,0,90,7,90
2025-08-27,SKU01678,250,0,7,52
2025-08-27,SKU01803,224,0,7,55
2025-08-27,SKU01827,145,0,7,34
2025-08-27,SKU01880,297,0,7,54
2025-08-27,SKU01988,0,58,7,58
2025-08-27,SKU02064,81,0,7,23
2025-08-27,SKU02068,0,69,7,69
2025-08-27,SKU02070,412,0,7,85
2025-08-27,SKU02155,0,22,7,22
2025-08-27,SKU02176,0,49,7,49
2025-08-27,SKU02221,346,0,7,86
2025-08-27,SKU02223,283,0,7,61
2025-08-27,SKU02247,0,45,7,45
2025-08-27,SKU02355,0,92,7,92
2025-08-27,SKU02365,426,0,7,82
2025-08-27,SKU02368,0,72,7,72
2025-08-27,SKU02381,0,100,7,100
2025-08-27,SKU02387,421,0,7,82
2025-08-27,SKU02471,486,0,7,98
2025-08-27,SKU02484,0,82,7,82
2025-08-27,SKU02501,238,0,7,53
2025-08-27,SKU02503,0,54,7,54
2025-08-27,SKU02526,0,80,7,80
2025-08-27,SKU02681,152,0,7,34
2025-08-27,SKU02871,497,0,7,94
2025-08-27,SKU02892,0,192,7,192
2025-08-27,SKU02897,148,0,7,33
2025-08-27,SKU02946,148,0,7,30
2025-08-27,SKU02950,0,34,7,34
2025-08-27,SKU02969,670,0,7,130
2025-08-27,SKU03030,0,49,7,49
2025-08-27,SKU03053,0,69,7,69
2025-08-27,SKU03057,0,41,7,41
2025-08-27,SKU03063,0,97,7,97
2025-08-27,SKU03088,0,33,7,33
2025-08-27,SKU03089,178,0,7,32
2025-08-27,SKU03177,177,0,7,43
2025-08-27,SKU03179,385,0,7,98
2025-08-27,SKU03199,0,37,7,37
2025-08-27,SKU03230,98,0,7,31
2025-08-27,SKU03251,385,0,7,83
2025-08-27,SKU03259,0,45,7,45
2025-08-27,SKU03274,0,28,7,28
2025-08-27,SKU03281,810,0,7,184
2025-08-27,SKU03290,351,0,7,67
2025-08-27,SKU03320,888,0,7,184
2025-08-27,SKU03323,0,29,7,29
2025-08-27,SKU03353,0,47,7,47
2025-08-27,SKU03375,663,0,7,166
2025-08-27,SKU03425,0,74,7,74
2025-08-27,SKU03454,125,0,7,26
2025-08-27,SKU03580,174,0,7,34
2025-08-27,SKU03600,361,0,7,91
2025-08-27,SKU03603,301,0,7,82
2025-08-27,SKU03619,413,0,7,90
2025-08-27,SKU03709,115,0,7,24
2025-08-27,SKU03743,0,84,7,84
2025-08-27,SKU03749,248,0,7,49
2025-08-27,SKU03773,126,0,7,37
2025-08-27,SKU03800,0,78,7,78
2025-08-27,SKU03812,0,100,7,100
2025-08-27,SKU03837,329,0,7,81
2025-08-27,SKU03840,0,61,7,61
2025-08-27,SKU03848,262,0,7,44
2025-08-27,SKU03892,83,0,7,24
2025-08-27,SKU03907,0,26,7,26
2025-08-27,SKU03950,221,0,7,48
2025-08-27,SKU03991,103,0,7,33
2025-08-27,SKU04012,0,93,7,93
2025-08-27,SKU04018,314,0,7,61
2025-08-27,SKU04035,0,38,7,38
2025-08-27,SKU04053,493,0,7,92
2025-08-27,SKU04062,162,0,7,32
2025-08-27,SKU04140,0,31,7,31
2025-08-27,SKU04147,496,0,7,92
2025-08-27,SKU04215,592,0,7,100
2025-08-27,SKU04228,224,0,7,47
2025-08-27,SKU04244,241,0,7,49
2025-08-27,SKU04346,0,55,7,55
2025-08-27,SKU04350,0,50,7,50
2025-08-27,SKU04352,485,0,7,91
2025-08-27,SKU04504,95,0,7,23
2025-08-27,SKU04526,282,0,7,68
2025-08-27,SKU04554,358,0,7,60
2025-08-27,SKU04571,0,24,7,24
2025-08-27,SKU04591,168,0,7,30
2025-08-27,SKU04612,241,0,7,66
2025-08-27,SKU04626,0,66,7,66
2025-08-27,SKU04646,0,49,7,49
2025-08-27,SKU04690,300,0,7,100
2025-08-27,SKU04824,0,139,7,139
2025-08-27,SKU04887,149,0,7,27
2025-08-27,SKU04888,216,0,7,37
2025-08-28,SKU00024,105,0,7,20
2025-08-28,SKU00050,0,42,7,42
2025-08-28,SKU00079,0,75,7,75
2025-08-28,SKU00170,318,0,7,100
2025-08-28,SKU00254,0,79,7,79
2025-08-28,SKU00262,375,0,7,94
2025-08-28,SKU00264,0,83,7,83
2025-08-28,SKU00286,0,32,7,32
2025-08-28,SKU00305,371,0,7,90
2025-08-28,SKU00355,333,0,7,87
2025-08-28,SKU00363,0,98,7,98
2025-08-28,SKU00369,0,81,7,81
2025-08-28,SKU00445,0,46,7,46
2025-08-28,SKU00466,440,0,7,86
2025-08-28,SKU00502,346,0,7,100
2025-08-28,SKU00628,0,35,7,35
2025-08-28,SKU00631,148,0,7,33
2025-08-28,SKU00638,149,0,7,31
2025-08-28,SKU00654,190,0,7,49
2025-08-28,SKU00682,520,0,7,121
2025-08-28,SKU00830,0,66,7,66
2025-08-28,SKU00832,0,76,7,76
2025-08-28,SKU00837,366,0,7,75
2025-08-28,SKU00920,0,40,7,40
2025-08-28,SKU00942,0,20,7,20
2025-08-28,SKU00986,139,0,7,35
2025-08-28,SKU00987,233,0,7,67
2025-08-28,SKU01032,206,0,7,37
2025-08-28,SKU01045,0,34,7,34
2025-08-28,SKU01052,565,0,7,134
2025-08-28,SKU01063,369,0,7,81
2025-08-28,SKU01068,126,0,7,40
2025-08-28,SKU01070,561,0,7,98
2025-08-28,SKU01104,155,0,7,38
2025-08-28,SKU01187,132,0,7,26
2025-08-28,SKU01229,755,0,7,131
2025-08-28,SKU01339,419,0,7,89
2025-08-28,SKU01347,561,0,7,138
2025-08-28,SKU01423,209,0,7,54
2025-08-28,SKU01457,194,0,7,39
2025-08-28,SKU01538,254,0,7,82
2025-08-28,SKU01582,289,0,7,92
2025-08-28,SKU01605,300,0,7,74
2025-08-28,SKU01662,0,50,7,50
2025-08-28,SKU01678,147,0,7,25
2025-08-28,SKU01781,461,0,7,100
2025-08-28,SKU01784,0,52,7,52
2025-08-28,SKU01822,245,0,7,78
2025-08-28,SKU01830,413,0,7,71
2025-08-28,SKU01863,228,0,7,44
2025-08-28,SKU01880,365,0,7,92
2025-08-28,SKU01906,366,0,7,85
2025-08-28,SKU01988,0,84,7,84
2025-08-28,SKU02141,0,40,7,40
2025-08-28,SKU02155,0,23,7,23
2025-08-28,SKU02211,189,0,7,34
2025-08-28,SKU02253,212,0,7,41
2025-08-28,SKU02279,225,0,7,68
2025-08-28,SKU02329,275,0,7,84
2025-08-28,SKU02333,0,64,7,64
2025-08-28,SKU02408,504,0,7,90
2025-08-28,SKU02421,303,0,7,86
2025-08-28,SKU02425,652,0,7,163
2025-08-28,SKU02463,230,0,7,76
2025-08-28,SKU02484,0,72,7,72
2025-08-28,SKU02501,193,0,7,44
2025-08-28,SKU02532,0,42,7,42
2025-08-28,SKU02570,112,0,7,24
2025-08-28,SKU02576,219,0,7,55
2025-08-28,SKU02630,278,0,7,89
2025-08-28,SKU02686,82,0,7,25
2025-08-28,SKU02776,0,20,7,20
2025-08-28,SKU02794,247,0,7,71
2025-08-28,SKU02833,0,56,7,56
2025-08-28,SKU02842,231,0,7,66
2025-08-28,SKU02923,0,50,7,50
2025-08-28,SKU02946,197,0,7,59
2025-08-28,SKU02964,274,0,7,52
2025-08-28,SKU02999,127,0,7,41
2025-08-28,SKU03005,168,0,7,54
2025-08-28,SKU03053,0,57,7,57
2025-08-28,SKU03063,0,65,7,65
2025-08-28,SKU03088,0,62,7,62
2025-08-28,SKU03254,377,0,7,94
2025-08-28,SKU03375,267,0,7,78
2025-08-28,SKU03414,603,0,7,143
2025-08-28,SKU03428,123,0,7,33
2025-08-28,SKU03454,119,0,7,33
2025-08-28,SKU03467,322,0,7,77
2025-08-28,SKU03491,75,0,7,24
2025-08-28,SKU03520,321,0,7,64
2025-08-28,SKU03523,438,0,7,91
2025-08-28,SKU03634,373,0,7,65
2025-08-28,SKU03805,199,0,7,36
2025-08-28,SKU03864,324,0,7,62
2025-08-28,SKU03876,0,31,7,31
2025-08-28,SKU03907,0,133,7,133
2025-08-28,SKU03961,434,0,7,82
2025-08-28,SKU03968,323,0,7,75
2025-08-28,SKU04018,240,0,7,43
2025-08-28,SKU04032,0,51,7,51
2025-08-28,SKU04048,403,0,7,82
2025-08-28,SKU04052,432,0,7,76
2025-08-28,SKU04126,0,69,7,69
2025-08-28,SKU04145,115,0,7,33
2025-08-28,SKU04147,104,0,7,20
2025-08-28,SKU04157,0,189,7,189
2025-08-28,SKU04166,0,68,7,68
2025-08-28,SKU04191,0,63,7,63
2025-08-28,SKU04249,706,0,7,147
2025-08-28,SKU04280,0,84,7,84
2025-08-28,SKU04305,0,62,7,62
2025-08-28,SKU04318,0,29,7,29
2025-08-28,SKU04409,264,0,7,77
2025-08-28,SKU04468,432,0,7,80
2025-08-28,SKU04508,0,89,7,89
2025-08-28,SKU04562,0,40,7,40
2025-08-28,SKU04566,446,0,7,75
2025-08-28,SKU04571,0,62,7,62
2025-08-28,SKU04580,328,0,7,56
2025-08-28,SKU04627,0,95,7,95
2025-08-28,SKU04633,0,67,7,67
2025-08-28,SKU04663,0,92,7,92
2025-08-28,SKU04664,319,0,7,64
2025-08-28,SKU04670,109,0,7,27
2025-08-28,SKU04726,314,0,7,76
2025-08-28,SKU04747,195,0,7,50
2025-08-28,SKU04753,351,0,7,75
2025-08-28,SKU04795,487,0,7,92
2025-08-28,SKU04854,428,0,7,105
2025-08-28,SKU04902,323,0,7,100
2025-08-29,SKU00024,398,0,7,96
2025-08-29,SKU00066,137,0,7,35
2025-08-29,SKU00075,267,0,7,55
2025-08-29,SKU00167,317,0,7,58
2025-08-29,SKU00170,268,0,7,63
2025-08-29,SKU00190,0,39,7,39
2025-08-29,SKU00254,0,62,7,62
2025-08-29,SKU00263,0,85,7,85
2025-08-29,SKU00264,0,65,7,65
2025-08-29,SKU00285,0,97,7,97
2025-08-29,SKU00286,0,150,7,150
2025-08-29,SKU00331,344,0,7,64
2025-08-29,SKU00354,472,0,7,130
2025-08-29,SKU00363,0,99,7,99
2025-08-29,SKU00385,315,0,7,59
2025-08-29,SKU00402,410,0,7,72
2025-08-29,SKU00416,0,58,7,58
2025-08-29,SKU00437,274,0,7,76
2025-08-29,SKU00484,0,30,7,30
2025-08-29,SKU00501,309,0,7,56
2025-08-29,SKU00502,601,0,7,136
2025-08-29,SKU00506,0,34,7,34
2025-08-29,SKU00507,167,0,7,31
2025-08-29,SKU00546,210,0,7,41
2025-08-29,SKU00832,0,36,7,36
2025-08-29,SKU00858,357,0,7,67
2025-08-29,SKU00894,641,0,7,143
2025-08-29,SKU00929,0,66,7,66
2025-08-29,SKU00935,76,0,7,20
2025-08-29,SKU00954,185,0,7,32
2025-08-29,SKU00958,159,0,7,31
2025-08-29,SKU00965,125,0,7,35
2025-08-29,SKU00976,0,89,7,89
2025-08-29,SKU00978,242,0,7,43
2025-08-29,SKU00991,238,0,7,50
2025-08-29,SKU01009,0,182,7,182
2025-08-29,SKU01075,358,0,7,84
2025-08-29,SKU01112,258,0,7,48
2025-08-29,SKU01152,0,75,7,75
2025-08-29,SKU01153,0,108,7,108
2025-08-29,SKU01170,0,80,7,80
2025-08-29,SKU01179,310,0,7,83
2025-08-29,SKU01287,253,0,7,66
2025-08-29,SKU01370,0,45,7,45
2025-08-29,SKU01396,282,0,7,67
2025-08-29,SKU01433,217,0,7,67
2025-08-29,SKU01466,0,33,7,33
2025-08-29,SKU01578,0,137,7,137
2025-08-29,SKU01580,501,0,7,94
2025-08-29,SKU01592,168,0,7,55
2025-08-29,SKU01605,100,0,7,32
2025-08-29,SKU01754,570,0,7,100
2025-08-29,SKU01781,270,0,7,73
2025-08-29,SKU01803,361,0,7,80
2025-08-29,SKU01830,383,0,7,66
2025-08-29,SKU01988,0,32,7,32
2025-08-29,SKU01993,0,65,7,65
2025-08-29,SKU02014,249,0,7,78
2025-08-29,SKU02068,0,38,7,38
2025-08-29,SKU02103,466,0,7,94
2025-08-29,SKU02112,292,0,7,63
2025-08-29,SKU02176,0,42,7,42
2025-08-29,SKU02223,152,0,7,27
2025-08-29,SKU02268,0,58,7,58
2025-08-29,SKU02355,0,78,7,78
2025-08-29,SKU02421,203,0,7,45
2025-08-29,SKU02462,0,124,7,124
2025-08-29,SKU02501,249,0,7,58
2025-08-29,SKU02514,529,0,7,97
2025-08-29,SKU02541,226,0,7,74
2025-08-29,SKU02566,578,0,7,112
2025-08-29,SKU02580,149,0,7,29
2025-08-29,SKU02639,263,0,7,57
2025-08-29,SKU02640,0,72,7,72
2025-08-29,SKU02718,410,0,7,71
2025-08-29,SKU02728,273,0,7,72
2025-08-29,SKU02794,103,0,7,30
2025-08-29,SKU02826,0,61,7,61
2025-08-29,SKU02923,0,37,7,37
2025-08-29,SKU02954,0,89,7,89
2025-08-29,SKU02983,0,108,7,108
2025-08-29,SKU03053,0,75,7,75
2025-08-29,SKU03057,0,56,7,56
2025-08-29,SKU03063,0,26,7,26
2025-08-29,SKU03073,186,0,7,51
2025-08-29,SKU03089,662,0,7,134
2025-08-29,SKU03115,526,0,7,93
2025-08-29,SKU03220,399,0,7,77
2025-08-29,SKU03290,128,0,7,38
2025-08-29,SKU03292,0,21,7,21
2025-08-29,SKU03323,0,36,7,36
2025-08-29,SKU03375,256,0,7,75
2025-08-29,SKU03457,182,0,7,33
2025-08-29,SKU03520,197,0,7,50
2025-08-29,SKU03535,0,162,7,162
2025-08-29,SKU03580,445,0,7,100
2025-08-29,SKU03583,250,0,7,75
2025-08-29,SKU03592,468,0,7,79
2025-08-29,SKU03627,321,0,7,63
2025-08-29,SKU03633,0,66,7,66
2025-08-29,SKU03702,0,88,7,88
2025-08-29,SKU03709,269,0,7,87
2025-08-29,SKU03812,0,99,7,99
2025-08-29,SKU03851,0,105,7,105
2025-08-29,SKU03870,0,47,7,47
2025-08-29,SKU03892,228,0,7,67
2025-08-29,SKU03950,238,0,7,79
2025-08-29,SKU03991,340,0,7,72
2025-08-29,SKU04016,0,58,7,58
2025-08-29,SKU04019,314,0,7,69
2025-08-29,SKU04032,0,77,7,77
2025-08-29,SKU04073,172,0,7,31
2025-08-29,SKU04126,0,93,7,93
2025-08-29,SKU04144,178,0,7,49
2025-08-29,SKU04145,626,0,7,128
2025-08-29,SKU04157,0,100,7,100
2025-08-29,SKU04160,92,0,7,21
2025-08-29,SKU04222,270,0,7,71
2025-08-29,SKU04250,265,0,7,53
2025-08-29,SKU04292,270,0,7,49
2025-08-29,SKU04305,0,23,7,23
2025-08-29,SKU04346,0,76,7,76
2025-08-29,SKU04350,0,51,7,51
2025-08-29,SKU04362,0,92,7,92
2025-08-29,SKU04381,0,72,7,72
2025-08-29,SKU04425,416,0,7,75
2025-08-29,SKU04476,0,85,7,85
2025-08-29,SKU04489,0,91,7,91
2025-08-29,SKU04532,444,0,7,83
2025-08-29,SKU04566,400,0,7,96
2025-08-29,SKU04574,0,96,7,96
2025-08-29,SKU04596,0,31,7,31
2025-08-29,SKU04643,386,0,7,74
2025-08-29,SKU04646,0,87,7,87
2025-08-29,SKU04652,167,0,7,51
2025-08-29,SKU04706,197,0,7,60
2025-08-29,SKU04768,79,0,7,21
2025-08-29,SKU04783,0,41,7,41
2025-08-29,SKU04824,0,56,7,56
2025-08-29,SKU04901,164,0,7,53
2025-08-29,SKU04913,0,26,7,26
2025-08-29,SKU04955,160,0,7,44
2025-08-30,SKU00050,0,84,7,84
2025-08-30,SKU00052,383,0,7,77
2025-08-30,SKU00075,235,0,7,74
2025-08-30,SKU00079,0,79,7,79
2025-08-30,SKU00140,383,0,7,76
2025-08-30,SKU00173,151,0,7,29
2025-08-30,SKU00264,0,87,7,87
2025-08-30,SKU00285,0,152,7,152
2025-08-30,SKU00389,380,0,7,100
2025-08-30,SKU00401,212,0,7,65
2025-08-30,SKU00462,176,0,7,30
2025-08-30,SKU00466,140,0,7,38
2025-08-30,SKU00484,0,71,7,71
2025-08-30,SKU00501,108,0,7,30
2025-08-30,SKU00502,202,0,7,63
2025-08-30,SKU00506,0,70,7,70
2025-08-30,SKU00507,359,0,7,96
2025-08-30,SKU00524,248,0,7,61
2025-08-30,SKU00531,0,28,7,28
2025-08-30,SKU00535,320,0,7,55
2025-08-30,SKU00546,130,0,7,32
2025-08-30,SKU00589,385,0,7,67
2025-08-30,SKU00592,90,0,7,26
2025-08-30,SKU00645,323,0,7,68
2025-08-30,SKU00649,194,0,7,56
2025-08-30,SKU00699,467,0,7,78
2025-08-30,SKU00721,362,0,7,89
2025-08-30,SKU00774,0,52,7,52
2025-08-30,SKU00821,78,0,7,23
2025-08-30,SKU00858,384,0,7,86
2025-08-30,SKU00893,0,70,7,70
2025-08-30,SKU00920,0,55,7,55
2025-08-30,SKU00932,348,0,7,67
2025-08-30,SKU00935,126,0,7,26
2025-08-30,SKU00953,0,61,7,61
2025-08-30,SKU00965,354,0,7,76
2025-08-30,SKU00987,220,0,7,65
2025-08-30,SKU00994,0,63,7,63
2025-08-30,SKU00996,0,77,7,77
2025-08-30,SKU01037,0,20,7,20
2025-08-30,SKU01104,548,0,7,100
2025-08-30,SKU01153,0,74,7,74
2025-08-30,SKU01158,429,0,7,82
2025-08-30,SKU01167,154,0,7,30
2025-08-30,SKU01256,594,0,7,100
2025-08-30,SKU01317,0,22,7,22
2025-08-30,SKU01339,476,0,7,86
2025-08-30,SKU01466,0,190,7,190
2025-08-30,SKU01507,0,61,7,61
2025-08-30,SKU01542,373,0,7,65
2025-08-30,SKU01651,363,0,7,82
2025-08-30,SKU01675,105,0,7,28
2025-08-30,SKU01685,0,49,7,49
2025-08-30,SKU01766,328,0,7,94
2025-08-30,SKU01781,133,0,7,25
2025-08-30,SKU01790,211,0,7,52
2025-08-30,SKU01803,496,0,7,91
2025-08-30,SKU01818,222,0,7,47
2025-08-30,SKU01828,414,0,7,77
2025-08-30,SKU01911,246,0,7,77
2025-08-30,SKU02057,304,0,7,61
2025-08-30,SKU02129,190,0,7,44
2025-08-30,SKU02141,0,65,7,65
2025-08-30,SKU02217,279,0,7,68
2025-08-30,SKU02333,0,95,7,95
2025-08-30,SKU02368,0,68,7,68
2025-08-30,SKU02421,298,0,7,50
2025-08-30,SKU02436,398,0,7,79
2025-08-30,SKU02449,0,80,7,80
2025-08-30,SKU02472,260,0,7,79
2025-08-30,SKU02501,93,0,7,27
2025-08-30,SKU02519,364,0,7,86
2025-08-30,SKU02520,328,0,7,69
2025-08-30,SKU02538,0,40,7,40
2025-08-30,SKU02576,141,0,7,30
2025-08-30,SKU02580,146,0,7,39
2025-08-30,SKU02614,0,68,7,68
2025-08-30,SKU02648,0,68,7,68
2025-08-30,SKU02692,0,94,7,94
2025-08-30,SKU02740,0,85,7,85
2025-08-30,SKU02768,231,0,7,59
2025-08-30,SKU02776,0,44,7,44
2025-08-30,SKU02780,124,0,7,29
2025-08-30,SKU02829,400,0,7,75
2025-08-30,SKU02871,328,0,7,100
2025-08-30,SKU02892,0,117,7,117
2025-08-30,SKU02898,0,29,7,29
2025-08-30,SKU03014,211,0,7,43
2025-08-30,SKU03031,98,0,7,32
2025-08-30,SKU03057,0,34,7,34
2025-08-30,SKU03088,0,88,7,88
2025-08-30,SKU03092,138,0,7,23
2025-08-30,SKU03105,401,0,7,93
2025-08-30,SKU03150,191,0,7,44
2025-08-30,SKU03171,0,131,7,131
2025-08-30,SKU03199,0,79,7,79
2025-08-30,SKU03257,638,0,7,168
2025-08-30,SKU03291,305,0,7,80
2025-08-30,SKU03292,0,79,7,79
2025-08-30,SKU03414,383,0,7,68
2025-08-30,SKU03425,0,63,7,63
2025-08-30,SKU03476,0,69,7,69
2025-08-30,SKU03504,264,0,7,55
2025-08-30,SKU03578,0,35,7,35
2025-08-30,SKU03582,263,0,7,49
2025-08-30,SKU03592,263,0,7,47
2025-08-30,SKU03609,169,0,7,42
2025-08-30,SKU03749,229,0,7,61
2025-08-30,SKU03833,223,0,7,51
2025-08-30,SKU03840,0,61,7,61
2025-08-30,SKU03851,0,98,7,98
2025-08-30,SKU03876,0,34,7,34
2025-08-30,SKU03950,137,0,7,23
2025-08-30,SKU04012,0,91,7,91
2025-08-30,SKU04048,422,0,7,71
2025-08-30,SKU04054,188,0,7,44
2025-08-30,SKU04144,295,0,7,84
2025-08-30,SKU04147,92,0,7,30
2025-08-30,SKU04158,950,0,7,177
2025-08-30,SKU04160,167,0,7,49
2025-08-30,SKU04191,0,78,7,78
2025-08-30,SKU04194,384,0,7,76
2025-08-30,SKU04265,307,0,7,66
2025-08-30,SKU04280,0,78,7,78
2025-08-30,SKU04292,246,0,7,81
2025-08-30,SKU04315,0,43,7,43
2025-08-30,SKU04329,0,24,7,24
2025-08-30,SKU04334,244,0,7,50
2025-08-30,SKU04346,0,54,7,54
2025-08-30,SKU04352,174,0,7,52
2025-08-30,SKU04409,230,0,7,47
2025-08-30,SKU04442,506,0,7,90
2025-08-30,SKU04453,0,52,7,52
2025-08-30,SKU04461,280,0,7,74
2025-08-30,SKU04505,668,0,7,124
2025-08-30,SKU04508,0,69,7,69
2025-08-30,SKU04526,410,0,7,84
2025-08-30,SKU04551,0,278,7,278
2025-08-30,SKU04561,271,0,7,52
2025-08-30,SKU04591,401,0,7,95
2025-08-30,SKU04596,0,83,7,83
2025-08-30,SKU04607,499,0,7,87
2025-08-30,SKU04641,488,0,7,96
2025-08-30,SKU04646,0,66,7,66
2025-08-30,SKU04652,122,0,7,34
2025-08-30,SKU04664,273,0,7,64
2025-08-30,SKU04729,106,0,7,31
2025-08-30,SKU04757,184,0,7,36
2025-08-30,SKU04797,258,0,7,83
2025-08-30,SKU04798,189,0,7,37
2025-08-30,SKU04888,404,0,7,82
2025-08-30,SKU04905,448,0,7,86
2025-08-30,SKU04919,345,0,7,68
2025-08-30,SKU04926,0,54,7,54
2025-08-30,SKU04996,372,0,7,71
2025-08-30,SKU05000,272,0,7,55
2025-08-31,SKU00012,123,0,7,38
2025-08-31,SKU00062,0,32,7,32
2025-08-31,SKU00127,96,0,7,20
2025-08-31,SKU00140,498,0,7,97
2025-08-31,SKU00167,175,0,7,35
2025-08-31,SKU00177,0,40,7,40
2025-08-31,SKU00190,0,83,7,83
2025-08-31,SKU00237,389,0,7,66
2025-08-31,SKU00240,375,0,7,68
2025-08-31,SKU00291,0,98,7,98
2025-08-31,SKU00328,0,100,7,100
2025-08-31,SKU00355,342,0,7,87
2025-08-31,SKU00389,306,0,7,80
2025-08-31,SKU00449,132,0,7,38
2025-08-31,SKU00466,259,0,7,52
2025-08-31,SKU00500,0,32,7,32
2025-08-31,SKU00506,0,72,7,72
2025-08-31,SKU00507,402,0,7,86
2025-08-31,SKU00551,175,0,7,31
2025-08-31,SKU00598,205,0,7,39
2025-08-31,SKU00628,0,33,7,33
2025-08-31,SKU00692,0,40,7,40
2025-08-31,SKU00699,245,0,7,46
2025-08-31,SKU00721,115,0,7,36
2025-08-31,SKU00749,336,0,7,60
2025-08-31,SKU00767,356,0,7,95
2025-08-31,SKU00821,107,0,7,32
2025-08-31,SKU00823,0,30,7,30
2025-08-31,SKU00830,0,87,7,87
2025-08-31,SKU00832,0,55,7,55
2025-08-31,SKU00858,186,0,7,38
2025-08-31,SKU00890,98,0,7,26
2025-08-31,SKU00936,154,0,7,41
2025-08-31,SKU00942,0,115,7,115
2025-08-31,SKU00974,0,128,7,128
2025-08-31,SKU01009,0,42,7,42
2025-08-31,SKU01031,174,0,7,52
2025-08-31,SKU01032,277,0,7,82
2025-08-31,SKU01038,266,0,7,62
2025-08-31,SKU01045,0,69,7,69
2025-08-31,SKU01046,342,0,7,78
2025-08-31,SKU01048,0,88,7,88
2025-08-31,SKU01052,341,0,7,71
2025-08-31,SKU01112,295,0,7,98
2025-08-31,SKU01152,0,51,7,51
2025-08-31,SKU01191,225,0,7,44
2025-08-31,SKU01200,783,0,7,140
2025-08-31,SKU01229,378,0,7,70
2025-08-31,SKU01264,394,0,7,76
2025-08-31,SKU01318,364,0,7,66
2025-08-31,SKU01340,136,0,7,27
2025-08-31,SKU01356,175,0,7,30
2025-08-31,SKU01370,0,25,7,25
2025-08-31,SKU01414,0,79,7,79
2025-08-31,SKU01428,147,0,7,29
2025-08-31,SKU01438,0,160,7,160
2025-08-31,SKU01457,128,0,7,25
2025-08-31,SKU01507,0,49,7,49
2025-08-31,SKU01592,210,0,7,51
2025-08-31,SKU01645,252,0,7,44
2025-08-31,SKU01651,339,0,7,64
2025-08-31,SKU01685,0,68,7,68
2025-08-31,SKU01717,357,0,7,95
2025-08-31,SKU01733,339,0,7,73
2025-08-31,SKU01751,0,73,7,73
2025-08-31,SKU01775,0,21,7,21
2025-08-31,SKU01784,0,60,7,60
2025-08-31,SKU01830,263,0,7,79
2025-08-31,SKU01857,403,0,7,76
2025-08-31,SKU01939,299,0,7,55
2025-08-31,SKU01988,0,75,7,75
2025-08-31,SKU02014,745,0,7,189
2025-08-31,SKU02046,0,150,7,150
2025-08-31,SKU02064,246,0,7,73
2025-08-31,SKU02103,252,0,7,72
2025-08-31,SKU02114,247,0,7,50
2025-08-31,SKU02128,316,0,7,59
2025-08-31,SKU02176,0,67,7,67
2025-08-31,SKU02221,769,0,7,143
2025-08-31,SKU02268,0,119,7,119
2025-08-31,SKU02279,212,0,7,69
2025-08-31,SKU02408,119,0,7,39
2025-08-31,SKU02446,120,0,7,28
2025-08-31,SKU02471,404,0,7,81
2025-08-31,SKU02500,569,0,7,100
2025-08-31,SKU02503,0,31,7,31
2025-08-31,SKU02532,0,55,7,55
2025-08-31,SKU02541,318,0,7,96
2025-08-31,SKU02543,0,231,7,231
2025-08-31,SKU02570,201,0,7,39
2025-08-31,SKU02576,530,0,7,90
2025-08-31,SKU02614,0,127,7,127
2025-08-31,SKU02626,187,0,7,55
2025-08-31,SKU02639,324,0,7,74
2025-08-31,SKU02640,0,33,7,33
2025-08-31,SKU02648,0,55,7,55
2025-08-31,SKU02683,0,95,7,95
2025-08-31,SKU02722,140,0,7,42
2025-08-31,SKU02737,0,143,7,143
2025-08-31,SKU02740,0,64,7,64
2025-08-31,SKU02747,0,29,7,29
2025-08-31,SKU02763,429,0,7,101
2025-08-31,SKU02822,232,0,7,75
2025-08-31,SKU02833,0,55,7,55
2025-08-31,SKU02907,296,0,7,94
2025-08-31,SKU02969,418,0,7,80
2025-08-31,SKU02999,279,0,7,76
2025-08-31,SKU03053,0,89,7,89
2025-08-31,SKU03057,0,75,7,75
2025-08-31,SKU03115,439,0,7,99
2025-08-31,SKU03129,403,0,7,96
2025-08-31,SKU03179,375,0,7,83
2025-08-31,SKU03220,318,0,7,60
2025-08-31,SKU03230,835,0,7,174
2025-08-31,SKU03251,399,0,7,77
2025-08-31,SKU03266,261,0,7,44
2025-08-31,SKU03320,519,0,7,125
2025-08-31,SKU03353,0,20,7,20
2025-08-31,SKU03428,201,0,7,65
2025-08-31,SKU03441,437,0,7,119
2025-08-31,SKU03476,0,26,7,26
2025-08-31,SKU03491,157,0,7,42
2025-08-31,SKU03520,593,0,7,116
2025-08-31,SKU03582,143,0,7,43
2025-08-31,SKU03609,327,0,7,79
2025-08-31,SKU03621,387,0,7,79
2025-08-31,SKU03627,411,0,7,90
2025-08-31,SKU03642,330,0,7,76
2025-08-31,SKU03709,145,0,7,48
2025-08-31,SKU03740,150,0,7,30
2025-08-31,SKU03743,0,71,7,71
2025-08-31,SKU03749,245,0,7,73
2025-08-31,SKU03773,335,0,7,63
2025-08-31,SKU03822,427,0,7,84
2025-08-31,SKU03833,461,0,7,88
2025-08-31,SKU03848,205,0,7,57
2025-08-31,SKU03851,0,95,7,95
2025-08-31,SKU03884,508,0,7,96
2025-08-31,SKU03907,0,93,7,93
2025-08-31,SKU03932,158,0,7,28
2025-08-31,SKU03935,114,0,7,24
2025-08-31,SKU03975,288,0,7,66
2025-08-31,SKU04019,843,0,7,179
2025-08-31,SKU04032,0,31,7,31
2025-08-31,SKU04035,0,65,7,65
2025-08-31,SKU04046,0,193,7,193
2025-08-31,SKU04052,150,0,7,33
2025-08-31,SKU04102,228,0,7,74
2025-08-31,SKU04157,0,93,7,93
2025-08-31,SKU04222,140,0,7,45
2025-08-31,SKU04236,403,0,7,91
2025-08-31,SKU04245,0,57,7,57
2025-08-31,SKU04250,324,0,7,65
2025-08-31,SKU04280,0,177,7,177
2025-08-31,SKU04318,0,41,7,41
2025-08-31,SKU04329,0,61,7,61
2025-08-31,SKU04348,0,95,7,95
2025-08-31,SKU04388,205,0,7,56
2025-08-31,SKU04409,272,0,7,60
2025-08-31,SKU04412,385,0,7,75
2025-08-31,SKU04414,92,0,7,24
2025-08-31,SKU04442,132,0,7,37
2025-08-31,SKU04475,223,0,7,71
2025-08-31,SKU04505,234,0,7,52
2025-08-31,SKU04526,461,0,7,92
2025-08-31,SKU04561,552,0,7,99
2025-08-31,SKU04580,179,0,7,43
2025-08-31,SKU04633,0,51,7,51
2025-08-31,SKU04636,209,0,7,35
2025-08-31,SKU04663,0,193,7,193
2025-08-31,SKU04665,340,0,7,98
2025-08-31,SKU04690,150,0,7,33
2025-08-31,SKU04706,304,0,7,68
2025-08-31,SKU04717,153,0,7,32
2025-08-31,SKU04747,541,0,7,132
2025-08-31,SKU04831,686,0,7,160
2025-08-31,SKU04854,79,0,7,20
2025-08-31,SKU04902,273,0,7,47
2025-08-31,SKU04941,259,0,7,48
2025-09-01,SKU00002,0,100,7,100
2025-09-01,SKU00012,363,0,7,65
2025-09-01,SKU00050,0,71,7,71
2025-09-01,SKU00069,336,0,7,63
2025-09-01,SKU00169,0,60,7,60
2025-09-01,SKU00342,345,0,7,59
2025-09-01,SKU00355,674,0,7,128
2025-09-01,SKU00401,588,0,7,140
2025-09-01,SKU00402,261,0,7,55
2025-09-01,SKU00445,0,35,7,35
2025-09-01,SKU00484,0,69,7,69
2025-09-01,SKU00498,229,0,7,63
2025-09-01,SKU00550,78,0,7,23
2025-09-01,SKU00571,518,0,7,93
2025-09-01,SKU00574,222,0,7,61
2025-09-01,SKU00654,449,0,7,84
2025-09-01,SKU00679,329,0,7,89
2025-09-01,SKU00706,223,0,7,54
2025-09-01,SKU00774,0,79,7,79
2025-09-01,SKU00837,383,0,7,68
2025-09-01,SKU00858,445,0,7,75
2025-09-01,SKU00906,103,0,7,20
2025-09-01,SKU00996,0,84,7,84
2025-09-01,SKU01021,0,81,7,81
2025-09-01,SKU01032,255,0,7,76
2025-09-01,SKU01063,229,0,7,76
2025-09-01,SKU01112,722,0,7,155
2025-09-01,SKU01153,0,98,7,98
2025-09-01,SKU01171,211,0,7,44
2025-09-01,SKU01189,0,38,7,38
2025-09-01,SKU01317,0,73,7,73
2025-09-01,SKU01356,349,0,7,75
2025-09-01,SKU01370,0,87,7,87
2025-09-01,SKU01441,105,0,7,25
2025-09-01,SKU01507,0,143,7,143
2025-09-01,SKU01542,249,0,7,60
2025-09-01,SKU01547,0,45,7,45
2025-09-01,SKU01558,320,0,7,80
2025-09-01,SKU01645,174,0,7,57
2025-09-01,SKU01649,215,0,7,41
2025-09-01,SKU01684,366,0,7,85
2025-09-01,SKU01733,334,0,7,92
2025-09-01,SKU01751,0,82,7,82
2025-09-01,SKU01754,186,0,7,59
2025-09-01,SKU01766,202,0,7,40
2025-09-01,SKU01805,428,0,7,84
2025-09-01,SKU01854,479,0,7,109
2025-09-01,SKU01874,321,0,7,54
2025-09-01,SKU01915,465,0,7,94
2025-09-01,SKU01986,210,0,7,64
2025-09-01,SKU02014,174,0,7,46
2025-09-01,SKU02038,156,0,7,32
2025-09-01,SKU02068,0,110,7,110
2025-09-01,SKU02094,274,0,7,51
2025-09-01,SKU02104,490,0,7,96
2025-09-01,SKU02129,396,0,7,74
2025-09-01,SKU02164,232,0,7,72
2025-09-01,SKU02176,0,67,7,67
2025-09-01,SKU02211,383,0,7,65
2025-09-01,SKU02247,0,74,7,74
2025-09-01,SKU02277,448,0,7,88
2025-09-01,SKU02333,0,94,7,94
2025-09-01,SKU02368,0,77,7,77
2025-09-01,SKU02381,0,44,7,44
2025-09-01,SKU02386,129,0,7,34
2025-09-01,SKU02408,342,0,7,87
2025-09-01,SKU02436,172,0,7,35
2025-09-01,SKU02463,464,0,7,78
2025-09-01,SKU02472,126,0,7,30
2025-09-01,SKU02484,0,72,7,72
2025-09-01,SKU02500,356,0,7,71
2025-09-01,SKU02546,634,0,7,133
2025-09-01,SKU02648,0,45,7,45
2025-09-01,SKU02737,0,33,7,33
2025-09-01,SKU02747,0,56,7,56
2025-09-01,SKU02776,0,50,7,50
2025-09-01,SKU02780,600,0,7,138
2025-09-01,SKU02858,0,53,7,53
2025-09-01,SKU02915,134,0,7,36
2025-09-01,SKU02923,0,174,7,174
2025-09-01,SKU02930,0,47,7,47
2025-09-01,SKU02954,0,93,7,93
2025-09-01,SKU03005,141,0,7,24
2025-09-01,SKU03014,221,0,7,62
2025-09-01,SKU03030,0,41,7,41
2025-09-01,SKU03043,121,0,7,24
2025-09-01,SKU03053,0,34,7,34
2025-09-01,SKU03105,418,0,7,79
2025-09-01,SKU03108,226,0,7,64
2025-09-01,SKU03115,293,0,7,64
2025-09-01,SKU03173,298,0,7,71
2025-09-01,SKU03199,0,21,7,21
2025-09-01,SKU03210,317,0,7,75
2025-09-01,SKU03257,324,0,7,63
2025-09-01,SKU03259,0,32,7,32
2025-09-01,SKU03274,0,87,7,87
2025-09-01,SKU03323,0,96,7,96
2025-09-01,SKU03357,272,0,7,62
2025-09-01,SKU03376,461,0,7,86
2025-09-01,SKU03436,289,0,7,87
2025-09-01,SKU03467,320,0,7,85
2025-09-01,SKU03476,0,25,7,25
2025-09-01,SKU03546,0,24,7,24
2025-09-01,SKU03592,284,0,7,80
2025-09-01,SKU03602,160,0,7,31
2025-09-01,SKU03622,0,86,7,86
2025-09-01,SKU03624,149,0,7,25
2025-09-01,SKU03693,0,71,7,71
2025-09-01,SKU03737,138,0,7,25
2025-09-01,SKU03743,0,56,7,56
2025-09-01,SKU03823,180,0,7,53
2025-09-01,SKU03837,242,0,7,53
2025-09-01,SKU03851,0,45,7,45
2025-09-01,SKU03892,157,0,7,39
2025-09-01,SKU03905,540,0,7,95
2025-09-01,SKU04019,587,0,7,98
2025-09-01,SKU04102,598,0,7,100
2025-09-01,SKU04126,0,63,7,63
2025-09-01,SKU04152,119,0,7,35
2025-09-01,SKU04154,0,92,7,92
2025-09-01,SKU04222,425,0,7,92
2025-09-01,SKU04228,186,0,7,32
2025-09-01,SKU04250,179,0,7,30
2025-09-01,SKU04273,0,154,7,154
2025-09-01,SKU04334,188,0,7,46
2025-09-01,SKU04346,0,50,7,50
2025-09-01,SKU04350,0,89,7,89
2025-09-01,SKU04453,0,74,7,74
2025-09-01,SKU04508,0,90,7,90
2025-09-01,SKU04554,95,0,7,27
2025-09-01,SKU04643,299,0,7,53
2025-09-01,SKU04652,265,0,7,53
2025-09-01,SKU04653,229,0,7,43
2025-09-01,SKU04663,0,29,7,29
2025-09-01,SKU04664,182,0,7,31
2025-09-01,SKU04690,283,0,7,67
2025-09-01,SKU04710,0,130,7,130
2025-09-01,SKU04717,481,0,7,94
2025-09-01,SKU04729,410,0,7,97
2025-09-01,SKU04768,323,0,7,56
2025-09-01,SKU04795,252,0,7,61
2025-09-01,SKU04958,177,0,7,31
2025-09-01,SKU05000,116,0,7,34
2025-09-02,SKU00052,292,0,7,62
2025-09-02,SKU00066,257,0,7,68
2025-09-02,SKU00069,229,0,7,66
2025-09-02,SKU00251,195,0,7,63
2025-09-02,SKU00264,0,72,7,72
2025-09-02,SKU00285,0,86,7,86
2025-09-02,SKU00291,0,78,7,78
2025-09-02,SKU00331,514,0,7,96
2025-09-02,SKU00363,0,52,7,52
2025-09-02,SKU00371,909,0,7,174
2025-09-02,SKU00402,276,0,7,48
2025-09-02,SKU00416,0,27,7,27
2025-09-02,SKU00449,180,0,7,32
2025-09-02,SKU00500,0,81,7,81
2025-09-02,SKU00521,293,0,7,88
2025-09-02,SKU00535,74,0,7,20
2025-09-02,SKU00538,0,93,7,93
2025-09-02,SKU00571,818,0,7,147
2025-09-02,SKU00598,354,0,7,98
2025-09-02,SKU00645,228,0,7,49
2025-09-02,SKU00649,84,0,7,28
2025-09-02,SKU00734,177,0,7,33
2025-09-02,SKU00749,509,0,7,91
2025-09-02,SKU00767,253,0,7,56
2025-09-02,SKU00855,342,0,7,84
2025-09-02,SKU00890,339,0,7,86
2025-09-02,SKU00929,0,59,7,59
2025-09-02,SKU00942,0,75,7,75
2025-09-02,SKU00976,0,40,7,40
2025-09-02,SKU00978,134,0,7,23
2025-09-02,SKU00991,418,0,7,98
2025-09-02,SKU01021,0,85,7,85
2025-09-02,SKU01032,201,0,7,61
2025-09-02,SKU01048,0,52,7,52
2025-09-02,SKU01075,281,0,7,68
2025-09-02,SKU01112,411,0,7,81
2025-09-02,SKU01153,0,42,7,42
2025-09-02,SKU01179,213,0,7,70
2025-09-02,SKU01274,0,50,7,50
2025-09-02,SKU01317,0,190,7,190
2025-09-02,SKU01339,869,0,7,174
2025-09-02,SKU01347,418,0,7,73
2025-09-02,SKU01413,391,0,7,71
2025-09-02,SKU01495,326,0,7,93
2025-09-02,SKU01507,0,53,7,53
2025-09-02,SKU01538,289,0,7,61
2025-09-02,SKU01558,253,0,7,44
2025-09-02,SKU01578,0,43,7,43
2025-09-02,SKU01643,186,0,7,36
2025-09-02,SKU01684,378,0,7,91
2025-09-02,SKU01685,0,25,7,25
2025-09-02,SKU01751,0,22,7,22
2025-09-02,SKU01770,290,0,7,85
2025-09-02,SKU01818,230,0,7,50
2025-09-02,SKU01828,356,0,7,98
2025-09-02,SKU01834,350,0,7,108
2025-09-02,SKU01874,445,0,7,85
2025-09-02,SKU01939,213,0,7,40
2025-09-02,SKU01970,171,0,7,32
2025-09-02,SKU02014,132,0,7,33
2025-09-02,SKU02046,0,41,7,41
2025-09-02,SKU02075,296,0,7,83
2025-09-02,SKU02079,0,29,7,29
2025-09-02,SKU02114,229,0,7,61
2025-09-02,SKU02129,182,0,7,53
2025-09-02,SKU02155,0,33,7,33
2025-09-02,SKU02223,361,0,7,77
2025-09-02,SKU02247,0,51,7,51
2025-09-02,SKU02267,535,0,7,97
2025-09-02,SKU02279,493,0,7,83
2025-09-02,SKU02340,0,78,7,78
2025-09-02,SKU02351,124,0,7,37
2025-09-02,SKU02381,0,74,7,74
2025-09-02,SKU02425,284,0,7,76
2025-09-02,SKU02446,371,0,7,76
2025-09-02,SKU02520,176,0,7,40
2025-09-02,SKU02526,0,100,7,100
2025-09-02,SKU02546,964,0,7,213
2025-09-02,SKU02558,481,0,7,85
2025-09-02,SKU02566,259,0,7,44
2025-09-02,SKU02570,720,0,7,184
2025-09-02,SKU02662,364,0,7,68
2025-09-02,SKU02718,258,0,7,48
2025-09-02,SKU02833,0,64,7,64
2025-09-02,SKU02840,0,38,7,38
2025-09-02,SKU02871,455,0,7,98
2025-09-02,SKU02911,510,0,7,91
2025-09-02,SKU02915,125,0,7,28
2025-09-02,SKU02930,0,22,7,22
2025-09-02,SKU02950,0,99,7,99
2025-09-02,SKU02983,0,73,7,73
2025-09-02,SKU03058,146,0,7,27
2025-09-02,SKU03089,386,0,7,83
2025-09-02,SKU03090,478,0,7,83
2025-09-02,SKU03092,496,0,7,97
2025-09-02,SKU03150,339,0,7,79
2025-09-02,SKU03179,269,0,7,49
2025-09-02,SKU03286,184,0,7,52
2025-09-02,SKU03290,240,0,7,43
2025-09-02,SKU03295,249,0,7,46
2025-09-02,SKU03347,422,0,7,85
2025-09-02,SKU03349,234,0,7,45
2025-09-02,SKU03376,167,0,7,55
2025-09-02,SKU03493,258,0,7,68
2025-09-02,SKU03520,150,0,7,41
2025-09-02,SKU03523,190,0,7,39
2025-09-02,SKU03546,0,155,7,155
2025-09-02,SKU03592,273,0,7,64
2025-09-02,SKU03602,386,0,7,93
2025-09-02,SKU03603,339,0,7,99
2025-09-02,SKU03619,547,0,7,96
2025-09-02,SKU03737,274,0,7,86
2025-09-02,SKU03744,131,0,7,25
2025-09-02,SKU03812,0,83,7,83
2025-09-02,SKU03851,0,36,7,36
2025-09-02,SKU03864,452,0,7,80
2025-09-02,SKU03968,237,0,7,41
2025-09-02,SKU03991,358,0,7,75
2025-09-02,SKU04046,0,43,7,43
2025-09-02,SKU04053,269,0,7,73
2025-09-02,SKU04062,397,0,7,69
2025-09-02,SKU04107,312,0,7,76
2025-09-02,SKU04126,0,92,7,92
2025-09-02,SKU04140,0,74,7,74
2025-09-02,SKU04147,546,0,7,92
2025-09-02,SKU04152,429,0,7,90
2025-09-02,SKU04154,0,27,7,27
2025-09-02,SKU04212,352,0,7,76
2025-09-02,SKU04273,0,88,7,88
2025-09-02,SKU04280,0,36,7,36
2025-09-02,SKU04292,257,0,7,48
2025-09-02,SKU04315,0,48,7,48
2025-09-02,SKU04475,384,0,7,79
2025-09-02,SKU04476,0,38,7,38
2025-09-02,SKU04489,0,145,7,145
2025-09-02,SKU04580,346,0,7,74
2025-09-02,SKU04596,0,127,7,127
2025-09-02,SKU04641,622,0,7,171
2025-09-02,SKU04643,388,0,7,68
2025-09-02,SKU04653,124,0,7,30
2025-09-02,SKU04663,0,44,7,44
2025-09-02,SKU04664,177,0,7,33
2025-09-02,SKU04706,109,0,7,20
2025-09-02,SKU04726,90,0,7,23
2025-09-02,SKU04741,177,0,7,43
2025-09-02,SKU04791,308,0,7,62
2025-09-02,SKU04798,382,0,7,93
2025-09-02,SKU04847,0,45,7,45
2025-09-02,SKU04849,150,0,7,42
2025-09-02,SKU04902,333,0,7,82
2025-09-02,SKU04945,371,0,7,92
2025-09-02,SKU04953,253,0,7,55
2025-09-02,SKU05000,158,0,7,33
2025-09-03,SKU00002,0,193,7,193
2025-09-03,SKU00177,0,44,7,44
2025-09-03,SKU00484,0,92,7,92
2025-09-03,SKU00500,0,115,7,115
2025-09-03,SKU00531,0,74,7,74
2025-09-03,SKU00774,0,86,7,86
2025-09-03,SKU00832,0,66,7,66
2025-09-03,SKU00929,0,35,7,35
2025-09-03,SKU00976,0,42,7,42
2025-09-03,SKU01037,0,92,7,92
2025-09-03,SKU01152,0,83,7,83
2025-09-03,SKU01153,0,23,7,23
2025-09-03,SKU01164,0,82,7,82
2025-09-03,SKU01363,0,96,7,96
2025-09-03,SKU01370,0,96,7,96
2025-09-03,SKU01414,0,47,7,47
2025-09-03,SKU01466,0,46,7,46
2025-09-03,SKU01485,0,61,7,61
2025-09-03,SKU01507,0,53,7,53
2025-09-03,SKU01578,0,50,7,50
2025-09-03,SKU01784,0,79,7,79
2025-09-03,SKU01988,0,58,7,58
2025-09-03,SKU02247,0,25,7,25
2025-09-03,SKU02355,0,58,7,58
2025-09-03,SKU02381,0,98,7,98
2025-09-03,SKU02484,0,99,7,99
2025-09-03,SKU02503,0,29,7,29
2025-09-03,SKU02526,0,127,7,127
2025-09-03,SKU02531,0,99,7,99
2025-09-03,SKU02640,0,68,7,68
2025-09-03,SKU02950,0,55,7,55
2025-09-03,SKU02954,0,45,7,45
2025-09-03,SKU02983,0,143,7,143
2025-09-03,SKU03057,0,89,7,89
2025-09-03,SKU03171,0,78,7,78
2025-09-03,SKU03199,0,49,7,49
2025-09-03,SKU03292,0,35,7,35
2025-09-03,SKU03476,0,71,7,71
2025-09-03,SKU03535,0,47,7,47
2025-09-03,SKU03546,0,48,7,48
2025-09-03,SKU03578,0,30,7,30
2025-09-03,SKU03727,0,43,7,43
2025-09-03,SKU03800,0,23,7,23
2025-09-03,SKU03876,0,40,7,40
2025-09-03,SKU04012,0,69,7,69
2025-09-03,SKU04016,0,67,7,67
2025-09-03,SKU04032,0,24,7,24
2025-09-03,SKU04041,0,78,7,78
2025-09-03,SKU04166,0,47,7,47
2025-09-03,SKU04362,0,36,7,36
2025-09-03,SKU04489,0,73,7,73
2025-09-03,SKU04551,0,47,7,47
2025-09-03,SKU04663,0,96,7,96
2025-09-03,SKU04756,0,94,7,94
2025-09-04,SKU00020,0,37,7,37
2025-09-04,SKU00062,0,139,7,139
2025-09-04,SKU00285,0,93,7,93
2025-09-04,SKU00363,0,58,7,58
2025-09-04,SKU00376,0,103,7,103
2025-09-04,SKU00445,0,73,7,73
2025-09-04,SKU00830,0,21,7,21
2025-09-04,SKU00845,0,72,7,72
2025-09-04,SKU00893,0,91,7,91
2025-09-04,SKU00929,0,85,7,85
2025-09-04,SKU00976,0,92,7,92
2025-09-04,SKU01152,0,83,7,83
2025-09-04,SKU01153,0,23,7,23
2025-09-04,SKU01164,0,79,7,79
2025-09-04,SKU01274,0,75,7,75
2025-09-04,SKU01578,0,38,7,38
2025-09-04,SKU02079,0,119,7,119
2025-09-04,SKU02141,0,49,7,49
2025-09-04,SKU02155,0,20,7,20
2025-09-04,SKU02176,0,51,7,51
2025-09-04,SKU02247,0,24,7,24
2025-09-04,SKU02340,0,21,7,21
2025-09-04,SKU02381,0,64,7,64
2025-09-04,SKU02462,0,20,7,20
2025-09-04,SKU02503,0,51,7,51
2025-09-04,SKU02526,0,67,7,67
2025-09-04,SKU02640,0,49,7,49
2025-09-04,SKU02648,0,66,7,66
2025-09-04,SKU02683,0,84,7,84
2025-09-04,SKU02692,0,32,7,32
2025-09-04,SKU02840,0,34,7,34
2025-09-04,SKU02892,0,47,7,47
2025-09-04,SKU02923,0,29,7,29
2025-09-04,SKU02954,0,29,7,29
2025-09-04,SKU03030,0,20,7,20
2025-09-04,SKU03057,0,99,7,99
2025-09-04,SKU03088,0,20,7,20
2025-09-04,SKU03259,0,43,7,43
2025-09-04,SKU03292,0,80,7,80
2025-09-04,SKU03578,0,75,7,75
2025-09-04,SKU03702,0,111,7,111
2025-09-04,SKU03727,0,99,7,99
2025-09-04,SKU03870,0,83,7,83
2025-09-04,SKU03907,0,23,7,23
2025-09-04,SKU04105,0,98,7,98
2025-09-04,SKU04157,0,133,7,133
2025-09-04,SKU04166,0,43,7,43
2025-09-04,SKU04273,0,34,7,34
2025-09-04,SKU04280,0,37,7,37
2025-09-04,SKU04329,0,40,7,40
2025-09-04,SKU04562,0,52,7,52
2025-09-04,SKU04571,0,100,7,100
2025-09-04,SKU04627,0,149,7,149
2025-09-04,SKU04646,0,61,7,61
2025-09-04,SKU04710,0,81,7,81
2025-09-04,SKU04847,0,28,7,28
2025-09-04,SKU04913,0,63,7,63
2025-09-05,SKU00020,0,53,7,53
2025-09-05,SKU00079,0,80,7,80
2025-09-05,SKU00264,0,97,7,97
2025-09-05,SKU00291,0,86,7,86
2025-09-05,SKU00328,0,21,7,21
2025-09-05,SKU00416,0,159,7,159
2025-09-05,SKU00500,0,67,7,67
2025-09-05,SKU00692,0,90,7,90
2025-09-05,SKU00823,0,57,7,57
2025-09-05,SKU00929,0,34,7,34
2025-09-05,SKU00953,0,69,7,69
2025-09-05,SKU01009,0,84,7,84
2025-09-05,SKU01021,0,78,7,78
2025-09-05,SKU01048,0,205,7,205
2025-09-05,SKU01164,0,25,7,25
2025-09-05,SKU01170,0,31,7,31
2025-09-05,SKU01317,0,89,7,89
2025-09-05,SKU01371,0,76,7,76
2025-09-05,SKU01485,0,22,7,22
2025-09-05,SKU01507,0,27,7,27
2025-09-05,SKU01662,0,72,7,72
2025-09-05,SKU01677,0,96,7,96
2025-09-05,SKU01751,0,130,7,130
2025-09-05,SKU01993,0,29,7,29
2025-09-05,SKU02046,0,28,7,28
2025-09-05,SKU02079,0,36,7,36
2025-09-05,SKU02176,0,40,7,40
2025-09-05,SKU02247,0,77,7,77
2025-09-05,SKU02268,0,89,7,89
2025-09-05,SKU02333,0,96,7,96
2025-09-05,SKU02340,0,100,7,100
2025-09-05,SKU02381,0,90,7,90
2025-09-05,SKU02484,0,99,7,99
2025-09-05,SKU02538,0,156,7,156
2025-09-05,SKU02543,0,49,7,49
2025-09-05,SKU02657,0,61,7,61
2025-09-05,SKU02660,0,79,7,79
2025-09-05,SKU02826,0,50,7,50
2025-09-05,SKU02833,0,72,7,72
2025-09-05,SKU02983,0,77,7,77
2025-09-05,SKU03057,0,107,7,107
2025-09-05,SKU03259,0,21,7,21
2025-09-05,SKU03292,0,199,7,199
2025-09-05,SKU03323,0,65,7,65
2025-09-05,SKU03800,0,36,7,36
2025-09-05,SKU03812,0,28,7,28
2025-09-05,SKU04041,0,79,7,79
2025-09-05,SKU04154,0,84,7,84
2025-09-05,SKU04273,0,70,7,70
2025-09-05,SKU04362,0,77,7,77
2025-09-05,SKU04381,0,49,7,49
2025-09-05,SKU04453,0,21,7,21
2025-09-05,SKU04489,0,76,7,76
2025-09-05,SKU04551,0,80,7,80
2025-09-05,SKU04562,0,59,7,59
2025-09-05,SKU04710,0,67,7,67
2025-09-05,SKU04756,0,83,7,83
2025-09-06,SKU00062,0,36,7,36
2025-09-06,SKU00169,0,156,7,156
2025-09-06,SKU00369,0,23,7,23
2025-09-06,SKU00376,0,31,7,31
2025-09-06,SKU00506,0,62,7,62
2025-09-06,SKU00628,0,80,7,80
2025-09-06,SKU00893,0,90,7,90
2025-09-06,SKU00929,0,80,7,80
2025-09-06,SKU00994,0,65,7,65
2025-09-06,SKU01021,0,170,7,170
2025-09-06,SKU01045,0,179,7,179
2025-09-06,SKU01152,0,98,7,98
2025-09-06,SKU01164,0,77,7,77
2025-09-06,SKU01189,0,51,7,51
2025-09-06,SKU01363,0,51,7,51
2025-09-06,SKU01414,0,93,7,93
2025-09-06,SKU01438,0,24,7,24
2025-09-06,SKU01466,0,85,7,85
2025-09-06,SKU01677,0,80,7,80
2025-09-06,SKU01784,0,42,7,42
2025-09-06,SKU01988,0,22,7,22
2025-09-06,SKU02088,0,92,7,92
2025-09-06,SKU02155,0,89,7,89
2025-09-06,SKU02247,0,84,7,84
2025-09-06,SKU02333,0,76,7,76
2025-09-06,SKU02368,0,136,7,136
2025-09-06,SKU02401,0,56,7,56
2025-09-06,SKU02449,0,79,7,79
2025-09-06,SKU02484,0,33,7,33
2025-09-06,SKU02526,0,46,7,46
2025-09-06,SKU02532,0,51,7,51
2025-09-06,SKU02640,0,154,7,154
2025-09-06,SKU02648,0,22,7,22
2025-09-06,SKU02833,0,117,7,117
2025-09-06,SKU02840,0,29,7,29
2025-09-06,SKU02892,0,34,7,34
2025-09-06,SKU02930,0,40,7,40
2025-09-06,SKU02950,0,60,7,60
2025-09-06,SKU02954,0,100,7,100
2025-09-06,SKU02983,0,80,7,80
2025-09-06,SKU03199,0,20,7,20
2025-09-06,SKU03353,0,28,7,28
2025-09-06,SKU03535,0,44,7,44
2025-09-06,SKU03693,0,56,7,56
2025-09-06,SKU03840,0,55,7,55
2025-09-06,SKU03870,0,78,7,78
2025-09-06,SKU04016,0,37,7,37
2025-09-06,SKU04041,0,92,7,92
2025-09-06,SKU04166,0,71,7,71
2025-09-06,SKU04191,0,56,7,56
2025-09-06,SKU04273,0,147,7,147
2025-09-06,SKU04280,0,65,7,65
2025-09-06,SKU04346,0,168,7,168
2025-09-06,SKU04350,0,89,7,89
2025-09-06,SKU04381,0,87,7,87
2025-09-06,SKU04453,0,71,7,71
2025-09-06,SKU04476,0,66,7,66
2025-09-06,SKU04710,0,33,7,33
2025-09-06,SKU04783,0,78,7,78
2025-09-06,SKU04847,0,61,7,61
2025-09-06,SKU04913,0,98,7,98
2025-09-07,SKU00363,0,20,7,20
2025-09-07,SKU00692,0,99,7,99
2025-09-07,SKU00823,0,50,7,50
2025-09-07,SKU00830,0,90,7,90
2025-09-07,SKU00832,0,73,7,73
2025-09-07,SKU00845,0,125,7,125
2025-09-07,SKU00929,0,106,7,106
2025-09-07,SKU01045,0,26,7,26
2025-09-07,SKU01048,0,74,7,74
2025-09-07,SKU01414,0,78,7,78
2025-09-07,SKU01438,0,86,7,86
2025-09-07,SKU01466,0,42,7,42
2025-09-07,SKU01662,0,76,7,76
2025-09-07,SKU01677,0,131,7,131
2025-09-07,SKU01993,0,56,7,56
2025-09-07,SKU02176,0,88,7,88
2025-09-07,SKU02247,0,81,7,81
2025-09-07,SKU02340,0,66,7,66
2025-09-07,SKU02482,0,85,7,85
2025-09-07,SKU02484,0,60,7,60
2025-09-07,SKU02648,0,69,7,69
2025-09-07,SKU02657,0,69,7,69
2025-09-07,SKU02898,0,83,7,83
2025-09-07,SKU03535,0,27,7,27
2025-09-07,SKU03578,0,54,7,54
2025-09-07,SKU03693,0,35,7,35
2025-09-07,SKU04016,0,73,7,73
2025-09-07,SKU04035,0,32,7,32
2025-09-07,SKU04046,0,153,7,153
2025-09-07,SKU04157,0,96,7,96
2025-09-07,SKU04329,0,61,7,61
2025-09-07,SKU04350,0,92,7,92
2025-09-07,SKU04562,0,90,7,90
2025-09-07,SKU04627,0,36,7,36
2025-09-07,SKU04633,0,48,7,48
2025-09-07,SKU04663,0,58,7,58
2025-09-07,SKU04824,0,88,7,88
2025-09-07,SKU04847,0,106,7,106
2025-09-07,SKU04926,0,63,7,63
2025-09-08,SKU00020,0,37,7,37
2025-09-08,SKU00050,0,83,7,83
2025-09-08,SKU00285,0,22,7,22
2025-09-08,SKU00286,0,72,7,72
2025-09-08,SKU00328,0,93,7,93
2025-09-08,SKU00445,0,46,7,46
2025-09-08,SKU00692,0,26,7,26
2025-09-08,SKU00845,0,29,7,29
2025-09-08,SKU00994,0,77,7,77
2025-09-08,SKU01021,0,64,7,64
2025-09-08,SKU01164,0,82,7,82
2025-09-08,SKU01170,0,42,7,42
2025-09-08,SKU01317,0,79,7,79
2025-09-08,SKU01370,0,43,7,43
2025-09-08,SKU01420,0,64,7,64
2025-09-08,SKU01466,0,99,7,99
2025-09-08,SKU01507,0,45,7,45
2025-09-08,SKU01578,0,60,7,60
2025-09-08,SKU01751,0,23,7,23
2025-09-08,SKU01784,0,48,7,48
2025-09-08,SKU02333,0,81,7,81
2025-09-08,SKU02355,0,86,7,86
2025-09-08,SKU02381,0,52,7,52
2025-09-08,SKU02484,0,92,7,92
2025-09-08,SKU02660,0,46,7,46
2025-09-08,SKU02692,0,48,7,48
2025-09-08,SKU02826,0,29,7,29
2025-09-08,SKU02898,0,56,7,56
2025-09-08,SKU02930,0,202,7,202
2025-09-08,SKU02954,0,72,7,72
2025-09-08,SKU03292,0,49,7,49
2025-09-08,SKU03323,0,42,7,42
2025-09-08,SKU03425,0,123,7,123
2025-09-08,SKU03727,0,70,7,70
2025-09-08,SKU03743,0,92,7,92
2025-09-08,SKU03812,0,20,7,20
2025-09-08,SKU03840,0,49,7,49
2025-09-08,SKU03851,0,73,7,73
2025-09-08,SKU04166,0,48,7,48
2025-09-08,SKU04318,0,27,7,27
2025-09-08,SKU04551,0,28,7,28
2025-09-08,SKU04633,0,37,7,37
2025-09-08,SKU04646,0,70,7,70
2025-09-08,SKU04710,0,23,7,23
2025-09-08,SKU04824,0,68,7,68
2025-09-09,SKU00020,0,51,7,51
2025-09-09,SKU00079,0,75,7,75
2025-09-09,SKU00628,0,59,7,59
2025-09-09,SKU00845,0,30,7,30
2025-09-09,SKU01021,0,91,7,91
2025-09-09,SKU01037,0,95,7,95
2025-09-09,SKU01152,0,184,7,184
2025-09-09,SKU01170,0,37,7,37
2025-09-09,SKU01189,0,80,7,80
2025-09-09,SKU01274,0,46,7,46
2025-09-09,SKU01317,0,33,7,33
2025-09-09,SKU01438,0,63,7,63
2025-09-09,SKU01685,0,69,7,69
2025-09-09,SKU01988,0,61,7,61
2025-09-09,SKU02141,0,42,7,42
2025-09-09,SKU02155,0,64,7,64
2025-09-09,SKU02247,0,20,7,20
2025-09-09,SKU02381,0,68,7,68
2025-09-09,SKU02401,0,65,7,65
2025-09-09,SKU02531,0,85,7,85
2025-09-09,SKU02543,0,25,7,25
2025-09-09,SKU02648,0,49,7,49
2025-09-09,SKU02660,0,58,7,58
2025-09-09,SKU02737,0,73,7,73
2025-09-09,SKU02833,0,54,7,54
2025-09-09,SKU02840,0,93,7,93
2025-09-09,SKU02892,0,44,7,44
2025-09-09,SKU02898,0,34,7,34
2025-09-09,SKU03171,0,82,7,82
2025-09-09,SKU03199,0,76,7,76
2025-09-09,SKU03292,0,196,7,196
2025-09-09,SKU03353,0,42,7,42
2025-09-09,SKU03425,0,96,7,96
2025-09-09,SKU03578,0,82,7,82
2025-09-09,SKU03702,0,133,7,133
2025-09-09,SKU03727,0,94,7,94
2025-09-09,SKU03812,0,71,7,71
2025-09-09,SKU03876,0,33,7,33
2025-09-09,SKU04032,0,45,7,45
2025-09-09,SKU04105,0,30,7,30
2025-09-09,SKU04154,0,97,7,97
2025-09-09,SKU04157,0,85,7,85
2025-09-09,SKU04245,0,89,7,89
2025-09-09,SKU04329,0,28,7,28
2025-09-09,SKU04348,0,74,7,74
2025-09-09,SKU04453,0,177,7,177
2025-09-09,SKU04489,0,75,7,75
2025-09-09,SKU04551,0,42,7,42
2025-09-09,SKU04627,0,66,7,66
2025-09-09,SKU04663,0,36,7,36
2025-09-09,SKU04847,0,75,7,75
2025-09-09,SKU04913,0,169,7,169
2025-09-09,SKU04926,0,121,7,121
2025-09-10,SKU00062,0,99,7,99
2025-09-10,SKU00264,0,210,7,210
2025-09-10,SKU00285,0,113,7,113
2025-09-10,SKU00328,0,91,7,91
2025-09-10,SKU00369,0,26,7,26
2025-09-10,SKU00376,0,34,7,34
2025-09-10,SKU00506,0,46,7,46
2025-09-10,SKU00538,0,98,7,98
2025-09-10,SKU00823,0,85,7,85
2025-09-10,SKU00953,0,25,7,25
2025-09-10,SKU00994,0,60,7,60
2025-09-10,SKU01170,0,33,7,33
2025-09-10,SKU01317,0,154,7,154
2025-09-10,SKU01547,0,56,7,56
2025-09-10,SKU01775,0,77,7,77
2025-09-10,SKU02046,0,100,7,100
2025-09-10,SKU02141,0,55,7,55
2025-09-10,SKU02247,0,29,7,29
2025-09-10,SKU02333,0,76,7,76
2025-09-10,SKU02482,0,98,7,98
2025-09-10,SKU02484,0,52,7,52
2025-09-10,SKU02640,0,96,7,96
2025-09-10,SKU02657,0,81,7,81
2025-09-10,SKU02776,0,37,7,37
2025-09-10,SKU02826,0,67,7,67
2025-09-10,SKU03053,0,41,7,41
2025-09-10,SKU03353,0,153,7,153
2025-09-10,SKU03546,0,81,7,81
2025-09-10,SKU03578,0,29,7,29
2025-09-10,SKU03622,0,86,7,86
2025-09-10,SKU03812,0,76,7,76
2025-09-10,SKU03840,0,67,7,67
2025-09-10,SKU03907,0,64,7,64
2025-09-10,SKU04035,0,44,7,44
2025-09-10,SKU04046,0,58,7,58
2025-09-10,SKU04154,0,55,7,55
2025-09-10,SKU04166,0,184,7,184
2025-09-10,SKU04273,0,42,7,42
2025-09-10,SKU04280,0,67,7,67
2025-09-10,SKU04329,0,62,7,62
2025-09-10,SKU04596,0,203,7,203
2025-09-10,SKU04646,0,69,7,69
2025-09-10,SKU04663,0,76,7,76
2025-09-10,SKU04824,0,155,7,155
2025-09-11,SKU00190,0,119,7,119
2025-09-11,SKU00263,0,27,7,27
2025-09-11,SKU00285,0,76,7,76
2025-09-11,SKU00363,0,107,7,107
2025-09-11,SKU00369,0,73,7,73
2025-09-11,SKU00376,0,44,7,44
2025-09-11,SKU00445,0,43,7,43
2025-09-11,SKU00500,0,74,7,74
2025-09-11,SKU00539,0,83,7,83
2025-09-11,SKU00692,0,20,7,20
2025-09-11,SKU00953,0,92,7,92
2025-09-11,SKU00996,0,24,7,24
2025-09-11,SKU01021,0,136,7,136
2025-09-11,SKU01037,0,65,7,65
2025-09-11,SKU01152,0,80,7,80
2025-09-11,SKU01153,0,71,7,71
2025-09-11,SKU01189,0,44,7,44
2025-09-11,SKU01363,0,65,7,65
2025-09-11,SKU01370,0,39,7,39
2025-09-11,SKU01420,0,68,7,68
2025-09-11,SKU01485,0,34,7,34
2025-09-11,SKU01507,0,33,7,33
2025-09-11,SKU01547,0,41,7,41
2025-09-11,SKU01578,0,33,7,33
2025-09-11,SKU01677,0,100,7,100
2025-09-11,SKU01775,0,43,7,43
2025-09-11,SKU01988,0,43,7,43
2025-09-11,SKU02046,0,92,7,92
2025-09-11,SKU02068,0,25,7,25
2025-09-11,SKU02155,0,109,7,109
2025-09-11,SKU02368,0,54,7,54
2025-09-11,SKU02462,0,95,7,95
2025-09-11,SKU02482,0,100,7,100
2025-09-11,SKU02531,0,147,7,147
2025-09-11,SKU02614,0,97,7,97
2025-09-11,SKU02640,0,74,7,74
2025-09-11,SKU02648,0,53,7,53
2025-09-11,SKU02692,0,49,7,49
2025-09-11,SKU02740,0,77,7,77
2025-09-11,SKU02747,0,21,7,21
2025-09-11,SKU02840,0,51,7,51
2025-09-11,SKU03053,0,40,7,40
2025-09-11,SKU03199,0,99,7,99
2025-09-11,SKU03870,0,26,7,26
2025-09-11,SKU03876,0,92,7,92
2025-09-11,SKU04046,0,91,7,91
2025-09-11,SKU04157,0,85,7,85
2025-09-11,SKU04245,0,60,7,60
2025-09-11,SKU04318,0,58,7,58
2025-09-11,SKU04350,0,49,7,49
2025-09-11,SKU04453,0,21,7,21
2025-09-11,SKU04489,0,47,7,47
2025-09-11,SKU04562,0,48,7,48
2025-09-11,SKU04571,0,33,7,33
2025-09-11,SKU04633,0,186,7,186
2025-09-11,SKU04646,0,87,7,87
2025-09-11,SKU04756,0,84,7,84
2025-09-12,SKU00050,0,50,7,50
2025-09-12,SKU00328,0,39,7,39
2025-09-12,SKU00416,0,63,7,63
2025-09-12,SKU00484,0,100,7,100
2025-09-12,SKU00539,0,51,7,51
2025-09-12,SKU00628,0,25,7,25
2025-09-12,SKU00728,0,66,7,66
2025-09-12,SKU00823,0,84,7,84
2025-09-12,SKU00830,0,24,7,24
2025-09-12,SKU00845,0,28,7,28
2025-09-12,SKU00953,0,67,7,67
2025-09-12,SKU00996,0,65,7,65
2025-09-12,SKU01030,0,91,7,91
2025-09-12,SKU01045,0,181,7,181
2025-09-12,SKU01153,0,184,7,184
2025-09-12,SKU01170,0,68,7,68
2025-09-12,SKU01370,0,99,7,99
2025-09-12,SKU01371,0,86,7,86
2025-09-12,SKU01420,0,46,7,46
2025-09-12,SKU01438,0,46,7,46
2025-09-12,SKU01466,0,94,7,94
2025-09-12,SKU01507,0,97,7,97
2025-09-12,SKU01662,0,59,7,59
2025-09-12,SKU01775,0,50,7,50
2025-09-12,SKU02046,0,157,7,157
2025-09-12,SKU02068,0,21,7,21
2025-09-12,SKU02088,0,59,7,59
2025-09-12,SKU02155,0,62,7,62
2025-09-12,SKU02368,0,43,7,43
2025-09-12,SKU02482,0,93,7,93
2025-09-12,SKU02526,0,35,7,35
2025-09-12,SKU02614,0,30,7,30
2025-09-12,SKU02840,0,24,7,24
2025-09-12,SKU02892,0,46,7,46
2025-09-12,SKU03030,0,30,7,30
2025-09-12,SKU03199,0,95,7,95
2025-09-12,SKU03259,0,109,7,109
2025-09-12,SKU03274,0,94,7,94
2025-09-12,SKU03425,0,38,7,38
2025-09-12,SKU03578,0,45,7,45
2025-09-12,SKU03633,0,114,7,114
2025-09-12,SKU03812,0,82,7,82
2025-09-12,SKU03870,0,21,7,21
2025-09-12,SKU04041,0,45,7,45
2025-09-12,SKU04245,0,52,7,52
2025-09-12,SKU04348,0,32,7,32
2025-09-12,SKU04571,0,91,7,91
2025-09-12,SKU04626,0,83,7,83
2025-09-12,SKU04756,0,20,7,20
2025-09-12,SKU04824,0,64,7,64
2025-09-12,SKU04926,0,94,7,94
2025-09-13,SKU00020,0,121,7,121
2025-09-13,SKU00050,0,21,7,21
2025-09-13,SKU00177,0,98,7,98
2025-09-13,SKU00254,0,92,7,92
2025-09-13,SKU00263,0,153,7,153
2025-09-13,SKU00539,0,31,7,31
2025-09-13,SKU00728,0,97,7,97
2025-09-13,SKU00942,0,95,7,95
2025-09-13,SKU00994,0,68,7,68
2025-09-13,SKU01009,0,97,7,97
2025-09-13,SKU01153,0,182,7,182
2025-09-13,SKU01170,0,99,7,99
2025-09-13,SKU01466,0,86,7,86
2025-09-13,SKU01784,0,37,7,37
2025-09-13,SKU02046,0,25,7,25
2025-09-13,SKU02079,0,181,7,181
2025-09-13,SKU02141,0,50,7,50
2025-09-13,SKU02503,0,61,7,61
2025-09-13,SKU02532,0,30,7,30
2025-09-13,SKU02640,0,71,7,71
2025-09-13,SKU02657,0,34,7,34
2025-09-13,SKU02898,0,76,7,76
2025-09-13,SKU03199,0,37,7,37
2025-09-13,SKU03476,0,48,7,48
2025-09-13,SKU03727,0,78,7,78
2025-09-13,SKU03743,0,66,7,66
2025-09-13,SKU03870,0,93,7,93
2025-09-13,SKU04012,0,87,7,87
2025-09-13,SKU04035,0,55,7,55
2025-09-13,SKU04245,0,108,7,108
2025-09-13,SKU04273,0,96,7,96
2025-09-13,SKU04321,0,40,7,40
2025-09-13,SKU04329,0,77,7,77
2025-09-13,SKU04489,0,32,7,32
2025-09-14,SKU00002,0,46,7,46
2025-09-14,SKU00169,0,56,7,56
2025-09-14,SKU00190,0,28,7,28
2025-09-14,SKU00263,0,70,7,70
2025-09-14,SKU00376,0,50,7,50
2025-09-14,SKU00416,0,39,7,39
2025-09-14,SKU00445,0,163,7,163
2025-09-14,SKU00539,0,98,7,98
2025-09-14,SKU00728,0,48,7,48
2025-09-14,SKU00845,0,60,7,60
2025-09-14,SKU00942,0,58,7,58
2025-09-14,SKU01030,0,90,7,90
2025-09-14,SKU01274,0,31,7,31
2025-09-14,SKU01370,0,79,7,79
2025-09-14,SKU01414,0,67,7,67
2025-09-14,SKU01547,0,88,7,88
2025-09-14,SKU01775,0,90,7,90
2025-09-14,SKU01988,0,53,7,53
2025-09-14,SKU02268,0,52,7,52
2025-09-14,SKU02462,0,71,7,71
2025-09-14,SKU02526,0,68,7,68
2025-09-14,SKU02531,0,73,7,73
2025-09-14,SKU02532,0,80,7,80
2025-09-14,SKU02538,0,66,7,66
2025-09-14,SKU02543,0,149,7,149
2025-09-14,SKU02640,0,29,7,29
2025-09-14,SKU02657,0,36,7,36
2025-09-14,SKU02740,0,65,7,65
2025-09-14,SKU02747,0,90,7,90
2025-09-14,SKU02826,0,54,7,54
2025-09-14,SKU02858,0,79,7,79
2025-09-14,SKU02923,0,89,7,89
2025-09-14,SKU03171,0,51,7,51
2025-09-14,SKU03259,0,187,7,187
2025-09-14,SKU03274,0,28,7,28
2025-09-14,SKU03353,0,48,7,48
2025-09-14,SKU03476,0,91,7,91
2025-09-14,SKU03535,0,31,7,31
2025-09-14,SKU03546,0,81,7,81
2025-09-14,SKU03622,0,78,7,78
2025-09-14,SKU03702,0,96,7,96
2025-09-14,SKU03727,0,32,7,32
2025-09-14,SKU03743,0,87,7,87
2025-09-14,SKU03812,0,29,7,29
2025-09-14,SKU03907,0,188,7,188
2025-09-14,SKU04012,0,22,7,22
2025-09-14,SKU04016,0,178,7,178
2025-09-14,SKU04035,0,79,7,79
2025-09-14,SKU04154,0,126,7,126
2025-09-14,SKU04273,0,99,7,99
2025-09-14,SKU04362,0,97,7,97
2025-09-14,SKU04453,0,141,7,141
2025-09-14,SKU04551,0,94,7,94
2025-09-14,SKU04562,0,98,7,98
2025-09-14,SKU04756,0,49,7,49
2025-09-14,SKU04847,0,44,7,44
2025-09-14,SKU04913,0,164,7,164
2025-09-15,SKU00062,0,123,7,123
2025-09-15,SKU00079,0,92,7,92
2025-09-15,SKU00169,0,36,7,36
2025-09-15,SKU00263,0,53,7,53
2025-09-15,SKU00328,0,97,7,97
2025-09-15,SKU00376,0,34,7,34
2025-09-15,SKU00539,0,162,7,162
2025-09-15,SKU00953,0,63,7,63
2025-09-15,SKU00974,0,29,7,29
2025-09-15,SKU00976,0,27,7,27
2025-09-15,SKU00996,0,40,7,40
2025-09-15,SKU01037,0,47,7,47
2025-09-15,SKU01045,0,41,7,41
2025-09-15,SKU01048,0,70,7,70
2025-09-15,SKU01164,0,46,7,46
2025-09-15,SKU01189,0,91,7,91
2025-09-15,SKU01274,0,72,7,72
2025-09-15,SKU01414,0,70,7,70
2025-09-15,SKU01775,0,74,7,74
2025-09-15,SKU01784,0,31,7,31
2025-09-15,SKU02068,0,50,7,50
2025-09-15,SKU02088,0,99,7,99
2025-09-15,SKU02368,0,52,7,52
2025-09-15,SKU02449,0,42,7,42
2025-09-15,SKU02526,0,24,7,24
2025-09-15,SKU02531,0,156,7,156
2025-09-15,SKU02543,0,27,7,27
2025-09-15,SKU02614,0,53,7,53
2025-09-15,SKU02657,0,61,7,61
2025-09-15,SKU02660,0,67,7,67
2025-09-15,SKU02747,0,42,7,42
2025-09-15,SKU02892,0,68,7,68
2025-09-15,SKU03063,0,45,7,45
2025-09-15,SKU03259,0,63,7,63
2025-09-15,SKU03274,0,61,7,61
2025-09-15,SKU03292,0,85,7,85
2025-09-15,SKU03323,0,74,7,74
2025-09-15,SKU03622,0,55,7,55
2025-09-15,SKU03800,0,21,7,21
2025-09-15,SKU03840,0,58,7,58
2025-09-15,SKU03851,0,80,7,80
2025-09-15,SKU03876,0,92,7,92
2025-09-15,SKU04032,0,77,7,77
2025-09-15,SKU04157,0,73,7,73
2025-09-15,SKU04245,0,52,7,52
2025-09-15,SKU04273,0,20,7,20
2025-09-15,SKU04350,0,95,7,95
2025-09-15,SKU04562,0,22,7,22
2025-09-15,SKU04571,0,57,7,57
2025-09-15,SKU04627,0,66,7,66
2025-09-15,SKU04847,0,95,7,95
2025-09-16,SKU00079,0,41,7,41
2025-09-16,SKU00263,0,44,7,44
2025-09-16,SKU00264,0,150,7,150
2025-09-16,SKU00286,0,67,7,67
2025-09-16,SKU00376,0,54,7,54
2025-09-16,SKU00506,0,97,7,97
2025-09-16,SKU00538,0,98,7,98
2025-09-16,SKU00539,0,81,7,81
2025-09-16,SKU00628,0,45,7,45
2025-09-16,SKU00774,0,202,7,202
2025-09-16,SKU00823,0,86,7,86
2025-09-16,SKU00953,0,47,7,47
2025-09-16,SKU00974,0,47,7,47
2025-09-16,SKU00976,0,93,7,93
2025-09-16,SKU00996,0,87,7,87
2025-09-16,SKU01048,0,92,7,92
2025-09-16,SKU01153,0,70,7,70
2025-09-16,SKU01507,0,67,7,67
2025-09-16,SKU02176,0,52,7,52
2025-09-16,SKU02333,0,82,7,82
2025-09-16,SKU02368,0,72,7,72
2025-09-16,SKU02503,0,28,7,28
2025-09-16,SKU02648,0,160,7,160
2025-09-16,SKU02683,0,39,7,39
2025-09-16,SKU02737,0,32,7,32
2025-09-16,SKU02747,0,60,7,60
2025-09-16,SKU02776,0,56,7,56
2025-09-16,SKU02826,0,63,7,63
2025-09-16,SKU02833,0,52,7,52
2025-09-16,SKU02840,0,40,7,40
2025-09-16,SKU02898,0,28,7,28
2025-09-16,SKU03057,0,51,7,51
2025-09-16,SKU03171,0,38,7,38
2025-09-16,SKU03425,0,86,7,86
2025-09-16,SKU03546,0,24,7,24
2025-09-16,SKU03622,0,57,7,57
2025-09-16,SKU03702,0,54,7,54
2025-09-16,SKU03727,0,28,7,28
2025-09-16,SKU03876,0,90,7,90
2025-09-16,SKU04035,0,110,7,110
2025-09-16,SKU04191,0,45,7,45
2025-09-16,SKU04280,0,25,7,25
2025-09-16,SKU04318,0,71,7,71
2025-09-16,SKU04350,0,60,7,60
2025-09-16,SKU04381,0,30,7,30
2025-09-16,SKU04551,0,46,7,46
2025-09-16,SKU04571,0,75,7,75
2025-09-16,SKU04626,0,73,7,73
2025-09-16,SKU04756,0,39,7,39
2025-09-16,SKU04926,0,164,7,164
2025-09-17,SKU00254,0,33,7,33
2025-09-17,SKU00263,0,161,7,161
2025-09-17,SKU00291,0,65,7,65
2025-09-17,SKU00328,0,108,7,108
2025-09-17,SKU00531,0,61,7,61
2025-09-17,SKU00628,0,87,7,87
2025-09-17,SKU00823,0,88,7,88
2025-09-17,SKU00832,0,62,7,62
2025-09-17,SKU00929,0,80,7,80
2025-09-17,SKU00953,0,73,7,73
2025-09-17,SKU00976,0,58,7,58
2025-09-17,SKU01048,0,60,7,60
2025-09-17,SKU01152,0,98,7,98
2025-09-17,SKU01370,0,47,7,47
2025-09-17,SKU01371,0,275,7,275
2025-09-17,SKU01438,0,50,7,50
2025-09-17,SKU01466,0,156,7,156
2025-09-17,SKU01485,0,83,7,83
2025-09-17,SKU01507,0,48,7,48
2025-09-17,SKU01662,0,97,7,97
2025-09-17,SKU01677,0,71,7,71
2025-09-17,SKU01751,0,95,7,95
2025-09-17,SKU01988,0,60,7,60
2025-09-17,SKU02088,0,92,7,92
2025-09-17,SKU02155,0,95,7,95
2025-09-17,SKU02247,0,72,7,72
2025-09-17,SKU02355,0,25,7,25
2025-09-17,SKU02484,0,47,7,47
2025-09-17,SKU02543,0,69,7,69
2025-09-17,SKU02640,0,58,7,58
2025-09-17,SKU02657,0,39,7,39
2025-09-17,SKU02660,0,50,7,50
2025-09-17,SKU02923,0,62,7,62
2025-09-17,SKU02950,0,56,7,56
2025-09-17,SKU02954,0,27,7,27
2025-09-17,SKU03030,0,32,7,32
2025-09-17,SKU03053,0,47,7,47
2025-09-17,SKU03425,0,89,7,89
2025-09-17,SKU03546,0,21,7,21
2025-09-17,SKU03727,0,53,7,53
2025-09-17,SKU04035,0,94,7,94
2025-09-17,SKU04140,0,76,7,76
2025-09-17,SKU04157,0,68,7,68
2025-09-17,SKU04280,0,55,7,55
2025-09-17,SKU04329,0,60,7,60
2025-09-17,SKU04362,0,35,7,35
2025-09-17,SKU04476,0,38,7,38
2025-09-17,SKU04562,0,20,7,20
2025-09-17,SKU04783,0,133,7,133
2025-09-17,SKU04824,0,69,7,69
2025-09-18,SKU00002,0,60,7,60
2025-09-18,SKU00020,0,57,7,57
2025-09-18,SKU00079,0,32,7,32
2025-09-18,SKU00177,0,143,7,143
2025-09-18,SKU00254,0,55,7,55
2025-09-18,SKU00484,0,23,7,23
2025-09-18,SKU00531,0,58,7,58
2025-09-18,SKU00830,0,92,7,92
2025-09-18,SKU00832,0,55,7,55
2025-09-18,SKU00953,0,78,7,78
2025-09-18,SKU00976,0,37,7,37
2025-09-18,SKU00994,0,137,7,137
2025-09-18,SKU01021,0,30,7,30
2025-09-18,SKU01048,0,78,7,78
2025-09-18,SKU01153,0,90,7,90
2025-09-18,SKU01274,0,159,7,159
2025-09-18,SKU01414,0,28,7,28
2025-09-18,SKU01420,0,28,7,28
2025-09-18,SKU01547,0,68,7,68
2025-09-18,SKU01662,0,67,7,67
2025-09-18,SKU01677,0,59,7,59
2025-09-18,SKU02046,0,23,7,23
2025-09-18,SKU02079,0,92,7,92
2025-09-18,SKU02141,0,298,7,298
2025-09-18,SKU02268,0,179,7,179
2025-09-18,SKU02340,0,34,7,34
2025-09-18,SKU02449,0,47,7,47
2025-09-18,SKU02526,0,72,7,72
2025-09-18,SKU02648,0,35,7,35
2025-09-18,SKU02692,0,59,7,59
2025-09-18,SKU02747,0,52,7,52
2025-09-18,SKU02776,0,127,7,127
2025-09-18,SKU02898,0,78,7,78
2025-09-18,SKU03053,0,58,7,58
2025-09-18,SKU03199,0,35,7,35
2025-09-18,SKU03274,0,91,7,91
2025-09-18,SKU03323,0,61,7,61
2025-09-18,SKU03353,0,96,7,96
2025-09-18,SKU03693,0,181,7,181
2025-09-18,SKU03743,0,74,7,74
2025-09-18,SKU03851,0,51,7,51
2025-09-18,SKU04016,0,54,7,54
2025-09-18,SKU04032,0,41,7,41
2025-09-18,SKU04105,0,111,7,111
2025-09-18,SKU04154,0,96,7,96
2025-09-18,SKU04166,0,64,7,64
2025-09-18,SKU04191,0,155,7,155
2025-09-18,SKU04318,0,53,7,53
2025-09-18,SKU04329,0,139,7,139
2025-09-18,SKU04350,0,96,7,96
2025-09-18,SKU04381,0,117,7,117
2025-09-18,SKU04571,0,100,7,100
2025-09-18,SKU04626,0,80,7,80
2025-09-18,SKU04783,0,20,7,20
2025-09-18,SKU04824,0,90,7,90
2025-09-19,SKU00169,0,28,7,28
2025-09-19,SKU00177,0,97,7,97
2025-09-19,SKU00254,0,132,7,132
2025-09-19,SKU00264,0,49,7,49
2025-09-19,SKU00286,0,75,7,75
2025-09-19,SKU00291,0,82,7,82
2025-09-19,SKU00376,0,92,7,92
2025-09-19,SKU00538,0,66,7,66
2025-09-19,SKU00823,0,31,7,31
2025-09-19,SKU00830,0,75,7,75
2025-09-19,SKU00942,0,35,7,35
2025-09-19,SKU01009,0,98,7,98
2025-09-19,SKU01045,0,95,7,95
2025-09-19,SKU01138,0,164,7,164
2025-09-19,SKU01170,0,61,7,61
2025-09-19,SKU01274,0,99,7,99
2025-09-19,SKU01466,0,87,7,87
2025-09-19,SKU01485,0,46,7,46
2025-09-19,SKU01662,0,23,7,23
2025-09-19,SKU02355,0,109,7,109
2025-09-19,SKU02401,0,165,7,165
2025-09-19,SKU02484,0,94,7,94
2025-09-19,SKU02543,0,65,7,65
2025-09-19,SKU02648,0,100,7,100
2025-09-19,SKU02660,0,86,7,86
2025-09-19,SKU02692,0,63,7,63
2025-09-19,SKU02737,0,87,7,87
2025-09-19,SKU02740,0,23,7,23
2025-09-19,SKU02776,0,63,7,63
2025-09-19,SKU02898,0,46,7,46
2025-09-19,SKU02983,0,73,7,73
2025-09-19,SKU03274,0,74,7,74
2025-09-19,SKU03292,0,106,7,106
2025-09-19,SKU03353,0,67,7,67
2025-09-19,SKU03425,0,86,7,86
2025-09-19,SKU03546,0,30,7,30
2025-09-19,SKU03693,0,23,7,23
2025-09-19,SKU03727,0,138,7,138
2025-09-19,SKU03743,0,85,7,85
2025-09-19,SKU03907,0,26,7,26
2025-09-19,SKU04016,0,33,7,33
2025-09-19,SKU04191,0,91,7,91
2025-09-19,SKU04280,0,53,7,53
2025-09-19,SKU04305,0,65,7,65
2025-09-19,SKU04476,0,23,7,23
2025-09-19,SKU04508,0,55,7,55
2025-09-19,SKU04562,0,42,7,42
2025-09-19,SKU04571,0,25,7,25
2025-09-19,SKU04646,0,45,7,45
2025-09-20,SKU00020,0,45,7,45
2025-09-20,SKU00254,0,67,7,67
2025-09-20,SKU00416,0,119,7,119
2025-09-20,SKU00506,0,185,7,185
2025-09-20,SKU00728,0,30,7,30
2025-09-20,SKU00845,0,30,7,30
2025-09-20,SKU00942,0,99,7,99
2025-09-20,SKU00996,0,92,7,92
2025-09-20,SKU01189,0,33,7,33
2025-09-20,SKU01274,0,59,7,59
2025-09-20,SKU01317,0,124,7,124
2025-09-20,SKU01547,0,80,7,80
2025-09-20,SKU01677,0,92,7,92
2025-09-20,SKU01685,0,81,7,81
2025-09-20,SKU02068,0,49,7,49
2025-09-20,SKU02368,0,41,7,41
2025-09-20,SKU02543,0,51,7,51
2025-09-20,SKU02660,0,21,7,21
2025-09-20,SKU02747,0,72,7,72
2025-09-20,SKU02776,0,70,7,70
2025-09-20,SKU02954,0,53,7,53
2025-09-20,SKU03030,0,220,7,220
2025-09-20,SKU03199,0,93,7,93
2025-09-20,SKU03535,0,69,7,69
2025-09-20,SKU03633,0,31,7,31
2025-09-20,SKU03702,0,21,7,21
2025-09-20,SKU03743,0,47,7,47
2025-09-20,SKU03800,0,36,7,36
2025-09-20,SKU04032,0,71,7,71
2025-09-20,SKU04041,0,74,7,74
2025-09-20,SKU04105,0,47,7,47
2025-09-20,SKU04140,0,82,7,82
2025-09-20,SKU04154,0,83,7,83
2025-09-20,SKU04305,0,42,7,42
2025-09-20,SKU04346,0,64,7,64
2025-09-20,SKU04348,0,44,7,44
2025-09-20,SKU04381,0,52,7,52
2025-09-20,SKU04453,0,61,7,61
2025-09-20,SKU04571,0,180,7,180
2025-09-20,SKU04574,0,68,7,68
2025-09-20,SKU04663,0,110,7,110
2025-09-20,SKU04824,0,96,7,96
2025-09-21,SKU00190,0,29,7,29
2025-09-21,SKU00263,0,74,7,74
2025-09-21,SKU00291,0,70,7,70
2025-09-21,SKU00328,0,76,7,76
2025-09-21,SKU00539,0,45,7,45
2025-09-21,SKU00728,0,54,7,54
2025-09-21,SKU00920,0,107,7,107
2025-09-21,SKU00974,0,34,7,34
2025-09-21,SKU00976,0,75,7,75
2025-09-21,SKU01021,0,60,7,60
2025-09-21,SKU01045,0,89,7,89
2025-09-21,SKU01048,0,52,7,52
2025-09-21,SKU01189,0,31,7,31
2025-09-21,SKU01485,0,45,7,45
2025-09-21,SKU01547,0,83,7,83
2025-09-21,SKU01751,0,100,7,100
2025-09-21,SKU02068,0,37,7,37
2025-09-21,SKU02141,0,65,7,65
2025-09-21,SKU02247,0,27,7,27
2025-09-21,SKU02368,0,84,7,84
2025-09-21,SKU02449,0,81,7,81
2025-09-21,SKU02482,0,84,7,84
2025-09-21,SKU02531,0,22,7,22
2025-09-21,SKU02532,0,91,7,91
2025-09-21,SKU02538,0,66,7,66
2025-09-21,SKU02614,0,44,7,44
2025-09-21,SKU02657,0,41,7,41
2025-09-21,SKU02660,0,52,7,52
2025-09-21,SKU02776,0,92,7,92
2025-09-21,SKU02826,0,56,7,56
2025-09-21,SKU02840,0,44,7,44
2025-09-21,SKU02930,0,41,7,41
2025-09-21,SKU02950,0,63,7,63
2025-09-21,SKU03053,0,54,7,54
2025-09-21,SKU03274,0,161,7,161
2025-09-21,SKU03476,0,42,7,42
2025-09-21,SKU03546,0,97,7,97
2025-09-21,SKU04035,0,137,7,137
2025-09-21,SKU04046,0,29,7,29
2025-09-21,SKU04126,0,62,7,62
2025-09-21,SKU04154,0,53,7,53
2025-09-21,SKU04157,0,42,7,42
2025-09-21,SKU04166,0,63,7,63
2025-09-21,SKU04318,0,41,7,41
2025-09-21,SKU04453,0,89,7,89
2025-09-21,SKU04551,0,71,7,71
2025-09-22,SKU00002,0,67,7,67
2025-09-22,SKU00020,0,31,7,31
2025-09-22,SKU00079,0,72,7,72
2025-09-22,SKU00169,0,21,7,21
2025-09-22,SKU00291,0,58,7,58
2025-09-22,SKU00369,0,65,7,65
2025-09-22,SKU00445,0,62,7,62
2025-09-22,SKU00692,0,60,7,60
2025-09-22,SKU00728,0,41,7,41
2025-09-22,SKU00823,0,63,7,63
2025-09-22,SKU00893,0,62,7,62
2025-09-22,SKU00929,0,78,7,78
2025-09-22,SKU00996,0,46,7,46
2025-09-22,SKU01009,0,37,7,37
2025-09-22,SKU01371,0,80,7,80
2025-09-22,SKU01507,0,58,7,58
2025-09-22,SKU01677,0,89,7,89
2025-09-22,SKU01751,0,74,7,74
2025-09-22,SKU01993,0,198,7,198
2025-09-22,SKU02088,0,82,7,82
2025-09-22,SKU02141,0,25,7,25
2025-09-22,SKU02333,0,82,7,82
2025-09-22,SKU02543,0,86,7,86
2025-09-22,SKU02640,0,28,7,28
2025-09-22,SKU02692,0,23,7,23
2025-09-22,SKU02737,0,84,7,84
2025-09-22,SKU02892,0,40,7,40
2025-09-22,SKU03030,0,71,7,71
2025-09-22,SKU03063,0,42,7,42
2025-09-22,SKU03199,0,42,7,42
2025-09-22,SKU03323,0,81,7,81
2025-09-22,SKU03578,0,83,7,83
2025-09-22,SKU03702,0,43,7,43
2025-09-22,SKU03727,0,80,7,80
2025-09-22,SKU03800,0,99,7,99
2025-09-22,SKU04016,0,99,7,99
2025-09-22,SKU04126,0,85,7,85
2025-09-22,SKU04140,0,88,7,88
2025-09-22,SKU04157,0,156,7,156
2025-09-22,SKU04273,0,97,7,97
2025-09-22,SKU04305,0,93,7,93
2025-09-22,SKU04346,0,72,7,72
2025-09-22,SKU04350,0,48,7,48
2025-09-22,SKU04362,0,60,7,60
2025-09-22,SKU04476,0,72,7,72
2025-09-22,SKU04562,0,37,7,37
2025-09-22,SKU04663,0,45,7,45
2025-09-22,SKU04926,0,20,7,20
2025-09-23,SKU00020,0,149,7,149
2025-09-23,SKU00079,0,66,7,66
2025-09-23,SKU00285,0,64,7,64
2025-09-23,SKU00291,0,49,7,49
2025-09-23,SKU00363,0,22,7,22
2025-09-23,SKU00539,0,71,7,71
2025-09-23,SKU00728,0,110,7,110
2025-09-23,SKU00920,0,57,7,57
2025-09-23,SKU00974,0,93,7,93
2025-09-23,SKU01030,0,24,7,24
2025-09-23,SKU01037,0,77,7,77
2025-09-23,SKU01138,0,99,7,99
2025-09-23,SKU01189,0,36,7,36
2025-09-23,SKU01274,0,40,7,40
2025-09-23,SKU01363,0,111,7,111
2025-09-23,SKU01662,0,57,7,57
2025-09-23,SKU01685,0,84,7,84
2025-09-23,SKU02068,0,69,7,69
2025-09-23,SKU02484,0,55,7,55
2025-09-23,SKU02503,0,23,7,23
2025-09-23,SKU02526,0,82,7,82
2025-09-23,SKU02538,0,47,7,47
2025-09-23,SKU02543,0,28,7,28
2025-09-23,SKU02614,0,38,7,38
2025-09-23,SKU02640,0,91,7,91
2025-09-23,SKU02737,0,61,7,61
2025-09-23,SKU02840,0,26,7,26
2025-09-23,SKU02858,0,152,7,152
2025-09-23,SKU03030,0,77,7,77
2025-09-23,SKU03057,0,164,7,164
2025-09-23,SKU03063,0,21,7,21
2025-09-23,SKU03171,0,26,7,26
2025-09-23,SKU03259,0,65,7,65
2025-09-23,SKU03274,0,86,7,86
2025-09-23,SKU03353,0,80,7,80
2025-09-23,SKU03535,0,32,7,32
2025-09-23,SKU03546,0,92,7,92
2025-09-23,SKU03578,0,53,7,53
2025-09-23,SKU03693,0,179,7,179
2025-09-23,SKU03876,0,37,7,37
2025-09-23,SKU04035,0,85,7,85
2025-09-23,SKU04046,0,35,7,35
2025-09-23,SKU04105,0,83,7,83
2025-09-23,SKU04305,0,81,7,81
2025-09-23,SKU04321,0,137,7,137
2025-09-23,SKU04329,0,76,7,76
2025-09-23,SKU04362,0,71,7,71
2025-09-23,SKU04381,0,58,7,58
2025-09-23,SKU04453,0,69,7,69
2025-09-23,SKU04476,0,52,7,52
2025-09-23,SKU04551,0,22,7,22
2025-09-23,SKU04574,0,106,7,106
2025-09-23,SKU04627,0,80,7,80
2025-09-24,SKU00020,0,60,7,60
2025-09-24,SKU00050,0,63,7,63
2025-09-24,SKU00062,0,79,7,79
2025-09-24,SKU00263,0,26,7,26
2025-09-24,SKU00264,0,89,7,89
2025-09-24,SKU00286,0,69,7,69
2025-09-24,SKU00363,0,44,7,44
2025-09-24,SKU00539,0,38,7,38
2025-09-24,SKU00628,0,57,7,57
2025-09-24,SKU00774,0,147,7,147
2025-09-24,SKU00942,0,99,7,99
2025-09-24,SKU00953,0,37,7,37
2025-09-24,SKU01021,0,85,7,85
2025-09-24,SKU01048,0,70,7,70
2025-09-24,SKU01152,0,61,7,61
2025-09-24,SKU01317,0,146,7,146
2025-09-24,SKU01370,0,95,7,95
2025-09-24,SKU01414,0,99,7,99
2025-09-24,SKU01420,0,98,7,98
2025-09-24,SKU01438,0,61,7,61
2025-09-24,SKU01507,0,70,7,70
2025-09-24,SKU01662,0,93,7,93
2025-09-24,SKU01751,0,47,7,47
2025-09-24,SKU02079,0,95,7,95
2025-09-24,SKU02141,0,88,7,88
2025-09-24,SKU02247,0,74,7,74
2025-09-24,SKU02401,0,85,7,85
2025-09-24,SKU02482,0,35,7,35
2025-09-24,SKU02484,0,78,7,78
2025-09-24,SKU02503,0,26,7,26
2025-09-24,SKU02614,0,46,7,46
2025-09-24,SKU02640,0,40,7,40
2025-09-24,SKU02657,0,90,7,90
2025-09-24,SKU02683,0,93,7,93
2025-09-24,SKU02858,0,125,7,125
2025-09-24,SKU02930,0,78,7,78
2025-09-24,SKU03171,0,84,7,84
2025-09-24,SKU03274,0,55,7,55
2025-09-24,SKU03353,0,79,7,79
2025-09-24,SKU03546,0,39,7,39
2025-09-24,SKU03743,0,66,7,66
2025-09-24,SKU03840,0,68,7,68
2025-09-24,SKU04032,0,52,7,52
2025-09-24,SKU04046,0,36,7,36
2025-09-24,SKU04140,0,25,7,25
2025-09-24,SKU04154,0,145,7,145
2025-09-24,SKU04157,0,34,7,34
2025-09-24,SKU04166,0,59,7,59
2025-09-24,SKU04348,0,61,7,61
2025-09-24,SKU04362,0,177,7,177
2025-09-24,SKU04381,0,78,7,78
2025-09-24,SKU04551,0,87,7,87
2025-09-24,SKU04783,0,65,7,65
2025-09-24,SKU04926,0,73,7,73
2025-09-25,SKU00264,0,84,7,84
2025-09-25,SKU00376,0,98,7,98
2025-09-25,SKU00445,0,55,7,55
2025-09-25,SKU00484,0,96,7,96
2025-09-25,SKU00500,0,155,7,155
2025-09-25,SKU00531,0,99,7,99
2025-09-25,SKU00692,0,22,7,22
2025-09-25,SKU00774,0,59,7,59
2025-09-25,SKU00830,0,56,7,56
2025-09-25,SKU01021,0,81,7,81
2025-09-25,SKU01030,0,81,7,81
2025-09-25,SKU01048,0,86,7,86
2025-09-25,SKU01274,0,85,7,85
2025-09-25,SKU01485,0,36,7,36
2025-09-25,SKU01507,0,85,7,85
2025-09-25,SKU01751,0,91,7,91
2025-09-25,SKU01775,0,71,7,71
2025-09-25,SKU01784,0,53,7,53
2025-09-25,SKU02046,0,56,7,56
2025-09-25,SKU02079,0,39,7,39
2025-09-25,SKU02155,0,93,7,93
2025-09-25,SKU02355,0,72,7,72
2025-09-25,SKU02462,0,47,7,47
2025-09-25,SKU02538,0,64,7,64
2025-09-25,SKU02740,0,74,7,74
2025-09-25,SKU02776,0,89,7,89
2025-09-25,SKU02826,0,100,7,100
2025-09-25,SKU02833,0,140,7,140
2025-09-25,SKU02950,0,94,7,94
2025-09-25,SKU03057,0,77,7,77
2025-09-25,SKU03171,0,76,7,76
2025-09-25,SKU03274,0,52,7,52
2025-09-25,SKU03353,0,56,7,56
2025-09-25,SKU03622,0,61,7,61
2025-09-25,SKU03743,0,98,7,98
2025-09-25,SKU04016,0,38,7,38
2025-09-25,SKU04041,0,96,7,96
2025-09-25,SKU04305,0,79,7,79
2025-09-25,SKU04381,0,82,7,82
2025-09-25,SKU04562,0,116,7,116
2025-09-25,SKU04626,0,71,7,71
2025-09-25,SKU04847,0,64,7,64
2025-09-26,SKU00177,0,33,7,33
2025-09-26,SKU00190,0,24,7,24
2025-09-26,SKU00254,0,76,7,76
2025-09-26,SKU00506,0,55,7,55
2025-09-26,SKU00976,0,36,7,36
2025-09-26,SKU00996,0,25,7,25
2025-09-26,SKU01189,0,67,7,67
2025-09-26,SKU01363,0,81,7,81
2025-09-26,SKU01371,0,36,7,36
2025-09-26,SKU01414,0,57,7,57
2025-09-26,SKU01507,0,95,7,95
2025-09-26,SKU01578,0,51,7,51
2025-09-26,SKU01685,0,21,7,21
2025-09-26,SKU01988,0,134,7,134
2025-09-26,SKU02088,0,87,7,87
2025-09-26,SKU02176,0,152,7,152
2025-09-26,SKU02449,0,46,7,46
2025-09-26,SKU02531,0,35,7,35
2025-09-26,SKU02538,0,48,7,48
2025-09-26,SKU02657,0,79,7,79
2025-09-26,SKU02737,0,64,7,64
2025-09-26,SKU02776,0,28,7,28
2025-09-26,SKU02833,0,35,7,35
2025-09-26,SKU02950,0,26,7,26
2025-09-26,SKU03030,0,137,7,137
2025-09-26,SKU03057,0,70,7,70
2025-09-26,SKU03063,0,83,7,83
2025-09-26,SKU03353,0,105,7,105
2025-09-26,SKU03578,0,88,7,88
2025-09-26,SKU03727,0,76,7,76
2025-09-26,SKU03851,0,71,7,71
2025-09-26,SKU03876,0,95,7,95
2025-09-26,SKU04032,0,139,7,139
2025-09-26,SKU04035,0,44,7,44
2025-09-26,SKU04105,0,69,7,69
2025-09-26,SKU04126,0,56,7,56
2025-09-26,SKU04166,0,86,7,86
2025-09-26,SKU04273,0,66,7,66
2025-09-26,SKU04280,0,31,7,31
2025-09-26,SKU04348,0,41,7,41
2025-09-26,SKU04362,0,58,7,58
2025-09-26,SKU04489,0,35,7,35
2025-09-26,SKU04626,0,64,7,64
2025-09-26,SKU04627,0,56,7,56
2025-09-26,SKU04646,0,87,7,87
2025-09-26,SKU04756,0,32,7,32
2025-09-26,SKU04783,0,34,7,34
2025-09-26,SKU04913,0,24,7,24
2025-09-26,SKU04926,0,71,7,71
2025-09-27,SKU00002,0,87,7,87
2025-09-27,SKU00190,0,76,7,76
2025-09-27,SKU00264,0,29,7,29
2025-09-27,SKU00363,0,68,7,68
2025-09-27,SKU00376,0,30,7,30
2025-09-27,SKU00445,0,58,7,58
2025-09-27,SKU00539,0,61,7,61
2025-09-27,SKU00628,0,76,7,76
2025-09-27,SKU00692,0,100,7,100
2025-09-27,SKU00774,0,177,7,177
2025-09-27,SKU00823,0,97,7,97
2025-09-27,SKU00942,0,43,7,43
2025-09-27,SKU00976,0,23,7,23
2025-09-27,SKU01045,0,110,7,110
2025-09-27,SKU01274,0,43,7,43
2025-09-27,SKU01466,0,88,7,88
2025-09-27,SKU01685,0,180,7,180
2025-09-27,SKU01775,0,92,7,92
2025-09-27,SKU02141,0,41,7,41
2025-09-27,SKU02247,0,47,7,47
2025-09-27,SKU02333,0,28,7,28
2025-09-27,SKU02531,0,98,7,98
2025-09-27,SKU02532,0,37,7,37
2025-09-27,SKU02657,0,49,7,49
2025-09-27,SKU02683,0,131,7,131
2025-09-27,SKU02826,0,42,7,42
2025-09-27,SKU02898,0,61,7,61
2025-09-27,SKU03057,0,83,7,83
2025-09-27,SKU03171,0,52,7,52
2025-09-27,SKU03353,0,49,7,49
2025-09-27,SKU03476,0,119,7,119
2025-09-27,SKU03693,0,26,7,26
2025-09-27,SKU03800,0,72,7,72
2025-09-27,SKU03870,0,27,7,27
2025-09-27,SKU03907,0,71,7,71
2025-09-27,SKU04012,0,83,7,83
2025-09-27,SKU04032,0,94,7,94
2025-09-27,SKU04126,0,59,7,59
2025-09-27,SKU04157,0,73,7,73
2025-09-27,SKU04191,0,69,7,69
2025-09-27,SKU04245,0,27,7,27
2025-09-27,SKU04273,0,59,7,59
2025-09-27,SKU04315,0,25,7,25
2025-09-27,SKU04321,0,86,7,86
2025-09-27,SKU04362,0,98,7,98
2025-09-27,SKU04571,0,31,7,31
2025-09-27,SKU04596,0,100,7,100
2025-09-27,SKU04627,0,56,7,56
2025-09-27,SKU04646,0,37,7,37
2025-09-27,SKU04663,0,69,7,69
2025-09-28,SKU00020,0,126,7,126
2025-09-28,SKU00079,0,27,7,27
2025-09-28,SKU00190,0,84,7,84
2025-09-28,SKU00263,0,33,7,33
2025-09-28,SKU00291,0,74,7,74
2025-09-28,SKU00369,0,89,7,89
2025-09-28,SKU00416,0,115,7,115
2025-09-28,SKU00531,0,91,7,91
2025-09-28,SKU00692,0,78,7,78
2025-09-28,SKU00774,0,31,7,31
2025-09-28,SKU00823,0,78,7,78
2025-09-28,SKU00996,0,94,7,94
2025-09-28,SKU01030,0,24,7,24
2025-09-28,SKU01152,0,98,7,98
2025-09-28,SKU01170,0,94,7,94
2025-09-28,SKU01189,0,70,7,70
2025-09-28,SKU01274,0,86,7,86
2025-09-28,SKU01370,0,93,7,93
2025-09-28,SKU01485,0,100,7,100
2025-09-28,SKU01507,0,67,7,67
2025-09-28,SKU01578,0,46,7,46
2025-09-28,SKU01685,0,35,7,35
2025-09-28,SKU01775,0,30,7,30
2025-09-28,SKU01784,0,42,7,42
2025-09-28,SKU01993,0,43,7,43
2025-09-28,SKU02046,0,57,7,57
2025-09-28,SKU02068,0,64,7,64
2025-09-28,SKU02449,0,70,7,70
2025-09-28,SKU02462,0,158,7,158
2025-09-28,SKU02657,0,26,7,26
2025-09-28,SKU02833,0,70,7,70
2025-09-28,SKU02954,0,29,7,29
2025-09-28,SKU03030,0,33,7,33
2025-09-28,SKU03476,0,58,7,58
2025-09-28,SKU03535,0,68,7,68
2025-09-28,SKU03693,0,85,7,85
2025-09-28,SKU03870,0,26,7,26
2025-09-28,SKU04012,0,100,7,100
2025-09-28,SKU04041,0,89,7,89
2025-09-28,SKU04140,0,77,7,77
2025-09-28,SKU04154,0,51,7,51
2025-09-28,SKU04273,0,65,7,65
2025-09-28,SKU04305,0,31,7,31
2025-09-28,SKU04346,0,84,7,84
2025-09-28,SKU04350,0,126,7,126
2025-09-28,SKU04362,0,99,7,99
2025-09-28,SKU04453,0,42,7,42
2025-09-28,SKU04551,0,70,7,70
2025-09-28,SKU04596,0,40,7,40
2025-09-28,SKU04633,0,25,7,25
2025-09-28,SKU04663,0,97,7,97
2025-09-28,SKU04756,0,73,7,73
2025-09-29,SKU00020,0,46,7,46
2025-09-29,SKU00079,0,60,7,60
2025-09-29,SKU00190,0,83,7,83
2025-09-29,SKU00291,0,52,7,52
2025-09-29,SKU00484,0,99,7,99
2025-09-29,SKU00500,0,63,7,63
2025-09-29,SKU00832,0,52,7,52
2025-09-29,SKU00974,0,55,7,55
2025-09-29,SKU01037,0,87,7,87
2025-09-29,SKU01048,0,63,7,63
2025-09-29,SKU01138,0,27,7,27
2025-09-29,SKU01170,0,45,7,45
2025-09-29,SKU01317,0,96,7,96
2025-09-29,SKU01466,0,79,7,79
2025-09-29,SKU01485,0,55,7,55
2025-09-29,SKU01751,0,26,7,26
2025-09-29,SKU02268,0,42,7,42
2025-09-29,SKU02355,0,27,7,27
2025-09-29,SKU02484,0,60,7,60
2025-09-29,SKU02503,0,32,7,32
2025-09-29,SKU02531,0,136,7,136
2025-09-29,SKU02692,0,93,7,93
2025-09-29,SKU02747,0,44,7,44
2025-09-29,SKU02826,0,43,7,43
2025-09-29,SKU02840,0,87,7,87
2025-09-29,SKU02898,0,127,7,127
2025-09-29,SKU02954,0,24,7,24
2025-09-29,SKU02983,0,67,7,67
2025-09-29,SKU03088,0,26,7,26
2025-09-29,SKU03476,0,70,7,70
2025-09-29,SKU03546,0,81,7,81
2025-09-29,SKU03578,0,76,7,76
2025-09-29,SKU03743,0,81,7,81
2025-09-29,SKU03840,0,32,7,32
2025-09-29,SKU03870,0,186,7,186
2025-09-29,SKU03876,0,55,7,55
2025-09-29,SKU03907,0,69,7,69
2025-09-29,SKU04032,0,77,7,77
2025-09-29,SKU04105,0,142,7,142
2025-09-29,SKU04126,0,46,7,46
2025-09-29,SKU04154,0,54,7,54
2025-09-29,SKU04166,0,64,7,64
2025-09-29,SKU04245,0,81,7,81
2025-09-29,SKU04305,0,21,7,21
2025-09-29,SKU04315,0,39,7,39
2025-09-29,SKU04329,0,128,7,128
2025-09-29,SKU04346,0,85,7,85
2025-09-29,SKU04381,0,97,7,97
2025-09-29,SKU04489,0,40,7,40
2025-09-29,SKU04596,0,72,7,72
2025-09-29,SKU04926,0,60,7,60
2025-09-30,SKU00002,0,44,7,44
2025-09-30,SKU00050,0,90,7,90
2025-09-30,SKU00062,0,68,7,68
2025-09-30,SKU00177,0,69,7,69
2025-09-30,SKU00264,0,43,7,43
2025-09-30,SKU00416,0,69,7,69
2025-09-30,SKU00538,0,24,7,24
2025-09-30,SKU00774,0,108,7,108
2025-09-30,SKU00845,0,120,7,120
2025-09-30,SKU00996,0,140,7,140
2025-09-30,SKU01021,0,66,7,66
2025-09-30,SKU01030,0,36,7,36
2025-09-30,SKU01037,0,95,7,95
2025-09-30,SKU01466,0,31,7,31
2025-09-30,SKU01547,0,59,7,59
2025-09-30,SKU01578,0,69,7,69
2025-09-30,SKU02046,0,53,7,53
2025-09-30,SKU02141,0,84,7,84
2025-09-30,SKU02155,0,37,7,37
2025-09-30,SKU02176,0,86,7,86
2025-09-30,SKU02268,0,34,7,34
2025-09-30,SKU02340,0,186,7,186
2025-09-30,SKU02355,0,60,7,60
2025-09-30,SKU02381,0,66,7,66
2025-09-30,SKU02503,0,118,7,118
2025-09-30,SKU02532,0,92,7,92
2025-09-30,SKU02538,0,93,7,93
2025-09-30,SKU02640,0,68,7,68
2025-09-30,SKU02737,0,28,7,28
2025-09-30,SKU02950,0,37,7,37
2025-09-30,SKU02954,0,82,7,82
2025-09-30,SKU03053,0,53,7,53
2025-09-30,SKU03088,0,128,7,128
2025-09-30,SKU03171,0,47,7,47
2025-09-30,SKU03199,0,88,7,88
2025-09-30,SKU03259,0,56,7,56
2025-09-30,SKU03323,0,50,7,50
2025-09-30,SKU03425,0,40,7,40
2025-09-30,SKU03578,0,31,7,31
2025-09-30,SKU03633,0,89,7,89
2025-09-30,SKU03812,0,55,7,55
2025-09-30,SKU03851,0,44,7,44
2025-09-30,SKU03870,0,82,7,82
2025-09-30,SKU04012,0,67,7,67
2025-09-30,SKU04032,0,74,7,74
2025-09-30,SKU04046,0,44,7,44
2025-09-30,SKU04105,0,74,7,74
2025-09-30,SKU04140,0,62,7,62
2025-09-30,SKU04273,0,64,7,64
2025-09-30,SKU04315,0,91,7,91
2025-09-30,SKU04318,0,197,7,197
2025-09-30,SKU04346,0,41,7,41
2025-09-30,SKU04453,0,20,7,20
2025-09-30,SKU04508,0,100,7,100
2025-09-30,SKU04551,0,85,7,85
2025-09-30,SKU04562,0,41,7,41
2025-09-30,SKU04571,0,42,7,42
2025-09-30,SKU04574,0,130,7,130
2025-09-30,SKU04633,0,25,7,25
2025-09-30,SKU04663,0,36,7,36
2025-09-30,SKU04756,0,113,7,113
2025-10-01,SKU00190,0,64,7,64
2025-10-01,SKU00264,0,67,7,67
2025-10-01,SKU00328,0,38,7,38
2025-10-01,SKU00369,0,164,7,164
2025-10-01,SKU00484,0,106,7,106
2025-10-01,SKU00500,0,82,7,82
2025-10-01,SKU00506,0,25,7,25
2025-10-01,SKU00531,0,135,7,135
2025-10-01,SKU00628,0,34,7,34
2025-10-01,SKU00830,0,42,7,42
2025-10-01,SKU00845,0,75,7,75
2025-10-01,SKU00893,0,71,7,71
2025-10-01,SKU00929,0,84,7,84
2025-10-01,SKU01138,0,49,7,49
2025-10-01,SKU01152,0,39,7,39
2025-10-01,SKU01775,0,25,7,25
2025-10-01,SKU02155,0,21,7,21
2025-10-01,SKU02268,0,30,7,30
2025-10-01,SKU02381,0,37,7,37
2025-10-01,SKU02401,0,21,7,21
2025-10-01,SKU02462,0,95,7,95
2025-10-01,SKU02503,0,92,7,92
2025-10-01,SKU02614,0,38,7,38
2025-10-01,SKU02640,0,22,7,22
2025-10-01,SKU02683,0,62,7,62
2025-10-01,SKU02740,0,62,7,62
2025-10-01,SKU02776,0,98,7,98
2025-10-01,SKU02923,0,143,7,143
2025-10-01,SKU03199,0,70,7,70
2025-10-01,SKU03259,0,98,7,98
2025-10-01,SKU03535,0,20,7,20
2025-10-01,SKU03633,0,124,7,124
2025-10-01,SKU03743,0,58,7,58
2025-10-01,SKU03812,0,46,7,46
2025-10-01,SKU03851,0,49,7,49
2025-10-01,SKU04016,0,50,7,50
2025-10-01,SKU04035,0,88,7,88
2025-10-01,SKU04041,0,67,7,67
2025-10-01,SKU04348,0,29,7,29
2025-10-01,SKU04350,0,83,7,83
2025-10-01,SKU04362,0,23,7,23
2025-10-01,SKU04551,0,94,7,94
2025-10-01,SKU04627,0,35,7,35
2025-10-01,SKU04756,0,151,7,151
2025-10-01,SKU04783,0,94,7,94
2025-10-01,SKU04926,0,94,7,94
2025-10-02,SKU00002,0,130,7,130
2025-10-02,SKU00020,0,36,7,36
2025-10-02,SKU00169,0,54,7,54
2025-10-02,SKU00190,0,22,7,22
2025-10-02,SKU00531,0,99,7,99
2025-10-02,SKU00538,0,38,7,38
2025-10-02,SKU00628,0,85,7,85
2025-10-02,SKU00830,0,79,7,79
2025-10-02,SKU00929,0,92,7,92
2025-10-02,SKU00953,0,66,7,66
2025-10-02,SKU00994,0,37,7,37
2025-10-02,SKU01009,0,56,7,56
2025-10-02,SKU01030,0,117,7,117
2025-10-02,SKU01037,0,90,7,90
2025-10-02,SKU01045,0,95,7,95
2025-10-02,SKU01152,0,76,7,76
2025-10-02,SKU01547,0,96,7,96
2025-10-02,SKU02046,0,46,7,46
2025-10-02,SKU02355,0,50,7,50
2025-10-02,SKU02449,0,79,7,79
2025-10-02,SKU02482,0,72,7,72
2025-10-02,SKU02660,0,80,7,80
2025-10-02,SKU02737,0,63,7,63
2025-10-02,SKU02740,0,92,7,92
2025-10-02,SKU02826,0,33,7,33
2025-10-02,SKU02840,0,67,7,67
2025-10-02,SKU02858,0,59,7,59
2025-10-02,SKU02892,0,22,7,22
2025-10-02,SKU02923,0,87,7,87
2025-10-02,SKU02950,0,90,7,90
2025-10-02,SKU02954,0,61,7,61
2025-10-02,SKU03057,0,34,7,34
2025-10-02,SKU03088,0,61,7,61
2025-10-02,SKU03800,0,87,7,87
2025-10-02,SKU03812,0,77,7,77
2025-10-02,SKU03840,0,100,7,100
2025-10-02,SKU03870,0,84,7,84
2025-10-02,SKU04032,0,60,7,60
2025-10-02,SKU04041,0,127,7,127
2025-10-02,SKU04140,0,37,7,37
2025-10-02,SKU04315,0,75,7,75
2025-10-02,SKU04321,0,24,7,24
2025-10-02,SKU04362,0,27,7,27
2025-10-02,SKU04453,0,67,7,67
2025-10-02,SKU04476,0,61,7,61
2025-10-02,SKU04508,0,123,7,123
2025-10-02,SKU04663,0,97,7,97
2025-10-02,SKU04783,0,163,7,163
2025-10-02,SKU04824,0,98,7,98
2025-10-02,SKU04847,0,62,7,62
2025-10-03,SKU00002,0,60,7,60
2025-10-03,SKU00050,0,43,7,43
2025-10-03,SKU00062,0,30,7,30
2025-10-03,SKU00190,0,59,7,59
2025-10-03,SKU00254,0,30,7,30
2025-10-03,SKU00286,0,90,7,90
2025-10-03,SKU00363,0,21,7,21
2025-10-03,SKU00369,0,91,7,91
2025-10-03,SKU00416,0,34,7,34
2025-10-03,SKU00500,0,96,7,96
2025-10-03,SKU00506,0,75,7,75
2025-10-03,SKU00774,0,86,7,86
2025-10-03,SKU00823,0,52,7,52
2025-10-03,SKU00845,0,77,7,77
2025-10-03,SKU00893,0,34,7,34
2025-10-03,SKU00953,0,20,7,20
2025-10-03,SKU01021,0,92,7,92
2025-10-03,SKU01037,0,69,7,69
2025-10-03,SKU01138,0,22,7,22
2025-10-03,SKU01189,0,52,7,52
2025-10-03,SKU01371,0,27,7,27
2025-10-03,SKU01578,0,45,7,45
2025-10-03,SKU02046,0,110,7,110
2025-10-03,SKU02381,0,34,7,34
2025-10-03,SKU02401,0,34,7,34
2025-10-03,SKU02532,0,65,7,65
2025-10-03,SKU02543,0,34,7,34
2025-10-03,SKU02657,0,109,7,109
2025-10-03,SKU02740,0,43,7,43
2025-10-03,SKU02833,0,83,7,83
2025-10-03,SKU02858,0,27,7,27
2025-10-03,SKU02954,0,62,7,62
2025-10-03,SKU03057,0,93,7,93
2025-10-03,SKU03088,0,92,7,92
2025-10-03,SKU03353,0,31,7,31
2025-10-03,SKU03476,0,68,7,68
2025-10-03,SKU03622,0,34,7,34
2025-10-03,SKU03702,0,44,7,44
2025-10-03,SKU03743,0,25,7,25
2025-10-03,SKU03840,0,94,7,94
2025-10-03,SKU03870,0,149,7,149
2025-10-03,SKU04012,0,145,7,145
2025-10-03,SKU04032,0,52,7,52
2025-10-03,SKU04154,0,80,7,80
2025-10-03,SKU04157,0,92,7,92
2025-10-03,SKU04191,0,91,7,91
2025-10-03,SKU04318,0,36,7,36
2025-10-03,SKU04350,0,27,7,27
2025-10-03,SKU04571,0,86,7,86
2025-10-03,SKU04626,0,95,7,95
2025-10-03,SKU04646,0,72,7,72
2025-10-03,SKU04847,0,79,7,79
2025-10-03,SKU04926,0,40,7,40
2025-10-04,SKU00002,0,33,7,33
2025-10-04,SKU00169,0,106,7,106
2025-10-04,SKU00190,0,64,7,64
2025-10-04,SKU00264,0,29,7,29
2025-10-04,SKU00328,0,93,7,93
2025-10-04,SKU00484,0,67,7,67
2025-10-04,SKU00500,0,98,7,98
2025-10-04,SKU00539,0,48,7,48
2025-10-04,SKU00692,0,90,7,90
2025-10-04,SKU00728,0,44,7,44
2025-10-04,SKU00920,0,119,7,119
2025-10-04,SKU00994,0,23,7,23
2025-10-04,SKU01009,0,34,7,34
2025-10-04,SKU01138,0,199,7,199
2025-10-04,SKU01507,0,46,7,46
2025-10-04,SKU01578,0,64,7,64
2025-10-04,SKU01685,0,45,7,45
2025-10-04,SKU01775,0,120,7,120
2025-10-04,SKU01993,0,61,7,61
2025-10-04,SKU02088,0,45,7,45
2025-10-04,SKU02176,0,36,7,36
2025-10-04,SKU02449,0,82,7,82
2025-10-04,SKU02462,0,45,7,45
2025-10-04,SKU02614,0,32,7,32
2025-10-04,SKU02640,0,26,7,26
2025-10-04,SKU02660,0,89,7,89
2025-10-04,SKU02747,0,47,7,47
2025-10-04,SKU02833,0,82,7,82
2025-10-04,SKU02898,0,24,7,24
2025-10-04,SKU03063,0,55,7,55
2025-10-04,SKU03088,0,84,7,84
2025-10-04,SKU03259,0,53,7,53
2025-10-04,SKU03622,0,84,7,84
2025-10-04,SKU03800,0,54,7,54
2025-10-04,SKU03876,0,26,7,26
2025-10-04,SKU04046,0,91,7,91
2025-10-04,SKU04191,0,59,7,59
2025-10-04,SKU04245,0,73,7,73
2025-10-04,SKU04280,0,21,7,21
2025-10-04,SKU04348,0,163,7,163
2025-10-04,SKU04350,0,90,7,90
2025-10-04,SKU04381,0,92,7,92
2025-10-04,SKU04562,0,62,7,62
2025-10-04,SKU04574,0,29,7,29
2025-10-04,SKU04783,0,28,7,28
2025-10-04,SKU04824,0,20,7,20
2025-10-05,SKU00002,0,32,7,32
2025-10-05,SKU00169,0,32,7,32
2025-10-05,SKU00190,0,29,7,29
2025-10-05,SKU00285,0,53,7,53
2025-10-05,SKU00376,0,68,7,68
2025-10-05,SKU00445,0,56,7,56
2025-10-05,SKU00506,0,55,7,55
2025-10-05,SKU00531,0,30,7,30
2025-10-05,SKU00538,0,33,7,33
2025-10-05,SKU00539,0,56,7,56
2025-10-05,SKU00728,0,57,7,57
2025-10-05,SKU00823,0,41,7,41
2025-10-05,SKU00920,0,54,7,54
2025-10-05,SKU00974,0,98,7,98
2025-10-05,SKU00994,0,57,7,57
2025-10-05,SKU01138,0,66,7,66
2025-10-05,SKU01164,0,55,7,55
2025-10-05,SKU01507,0,89,7,89
2025-10-05,SKU01547,0,50,7,50
2025-10-05,SKU01775,0,43,7,43
2025-10-05,SKU01784,0,68,7,68
2025-10-05,SKU01993,0,73,7,73
2025-10-05,SKU02079,0,40,7,40
2025-10-05,SKU02088,0,65,7,65
2025-10-05,SKU02247,0,92,7,92
2025-10-05,SKU02340,0,58,7,58
2025-10-05,SKU02482,0,50,7,50
2025-10-05,SKU02484,0,30,7,30
2025-10-05,SKU02503,0,50,7,50
2025-10-05,SKU02531,0,46,7,46
2025-10-05,SKU02614,0,70,7,70
2025-10-05,SKU02640,0,23,7,23
2025-10-05,SKU02648,0,76,7,76
2025-10-05,SKU02657,0,69,7,69
2025-10-05,SKU02660,0,36,7,36
2025-10-05,SKU02737,0,71,7,71
2025-10-05,SKU02840,0,62,7,62
2025-10-05,SKU02892,0,95,7,95
2025-10-05,SKU03030,0,183,7,183
2025-10-05,SKU03053,0,41,7,41
2025-10-05,SKU03063,0,33,7,33
2025-10-05,SKU03259,0,75,7,75
2025-10-05,SKU03274,0,75,7,75
2025-10-05,SKU03476,0,23,7,23
2025-10-05,SKU03578,0,84,7,84
2025-10-05,SKU03840,0,81,7,81
2025-10-05,SKU04035,0,91,7,91
2025-10-05,SKU04126,0,38,7,38
2025-10-05,SKU04140,0,135,7,135
2025-10-05,SKU04191,0,54,7,54
2025-10-05,SKU04245,0,43,7,43
2025-10-05,SKU04305,0,30,7,30
2025-10-05,SKU04315,0,83,7,83
2025-10-05,SKU04318,0,65,7,65
2025-10-05,SKU04476,0,58,7,58
2025-10-05,SKU04508,0,75,7,75
2025-10-05,SKU04596,0,99,7,99
2025-10-05,SKU04627,0,53,7,53
2025-10-05,SKU04710,0,43,7,43
2025-10-05,SKU04756,0,37,7,37
2025-10-06,SKU00002,0,60,7,60
2025-10-06,SKU00190,0,99,7,99
2025-10-06,SKU00363,0,39,7,39
2025-10-06,SKU00484,0,74,7,74
2025-10-06,SKU00531,0,82,7,82
2025-10-06,SKU00539,0,53,7,53
2025-10-06,SKU00692,0,95,7,95
2025-10-06,SKU00845,0,36,7,36
2025-10-06,SKU00929,0,96,7,96
2025-10-06,SKU00953,0,100,7,100
2025-10-06,SKU00976,0,73,7,73
2025-10-06,SKU00994,0,54,7,54
2025-10-06,SKU01009,0,80,7,80
2025-10-06,SKU01138,0,93,7,93
2025-10-06,SKU01274,0,98,7,98
2025-10-06,SKU01414,0,76,7,76
2025-10-06,SKU01420,0,51,7,51
2025-10-06,SKU01547,0,79,7,79
2025-10-06,SKU01662,0,83,7,83
2025-10-06,SKU01685,0,29,7,29
2025-10-06,SKU01751,0,52,7,52
2025-10-06,SKU01784,0,43,7,43
2025-10-06,SKU02046,0,25,7,25
2025-10-06,SKU02088,0,73,7,73
2025-10-06,SKU02333,0,50,7,50
2025-10-06,SKU02381,0,39,7,39
2025-10-06,SKU02484,0,48,7,48
2025-10-06,SKU02640,0,92,7,92
2025-10-06,SKU02747,0,100,7,100
2025-10-06,SKU02776,0,55,7,55
2025-10-06,SKU02858,0,44,7,44
2025-10-06,SKU02892,0,170,7,170
2025-10-06,SKU03259,0,96,7,96
2025-10-06,SKU03743,0,100,7,100
2025-10-06,SKU03800,0,93,7,93
2025-10-06,SKU03840,0,97,7,97
2025-10-06,SKU03851,0,54,7,54
2025-10-06,SKU03870,0,124,7,124
2025-10-06,SKU04012,0,59,7,59
2025-10-06,SKU04032,0,94,7,94
2025-10-06,SKU04035,0,74,7,74
2025-10-06,SKU04041,0,36,7,36
2025-10-06,SKU04140,0,24,7,24
2025-10-06,SKU04166,0,55,7,55
2025-10-06,SKU04346,0,217,7,217
2025-10-06,SKU04489,0,26,7,26
2025-10-06,SKU04508,0,34,7,34
2025-10-06,SKU04627,0,20,7,20
2025-10-07,SKU00254,0,95,7,95
2025-10-07,SKU00286,0,91,7,91
2025-10-07,SKU00376,0,24,7,24
2025-10-07,SKU00484,0,86,7,86
2025-10-07,SKU00531,0,38,7,38
2025-10-07,SKU00539,0,37,7,37
2025-10-07,SKU00996,0,75,7,75
2025-10-07,SKU01030,0,132,7,132
2025-10-07,SKU01138,0,41,7,41
2025-10-07,SKU01152,0,35,7,35
2025-10-07,SKU01507,0,87,7,87
2025-10-07,SKU01578,0,158,7,158
2025-10-07,SKU01775,0,84,7,84
2025-10-07,SKU02046,0,93,7,93
2025-10-07,SKU02068,0,78,7,78
2025-10-07,SKU02247,0,79,7,79
2025-10-07,SKU02268,0,32,7,32
2025-10-07,SKU02368,0,88,7,88
2025-10-07,SKU02381,0,42,7,42
2025-10-07,SKU02482,0,21,7,21
2025-10-07,SKU02526,0,21,7,21
2025-10-07,SKU02531,0,85,7,85
2025-10-07,SKU02538,0,84,7,84
2025-10-07,SKU02648,0,87,7,87
2025-10-07,SKU02740,0,36,7,36
2025-10-07,SKU02858,0,82,7,82
2025-10-07,SKU02930,0,35,7,35
2025-10-07,SKU03057,0,88,7,88
2025-10-07,SKU03088,0,152,7,152
2025-10-07,SKU03353,0,48,7,48
2025-10-07,SKU03425,0,32,7,32
2025-10-07,SKU03535,0,27,7,27
2025-10-07,SKU03546,0,62,7,62
2025-10-07,SKU03727,0,117,7,117
2025-10-07,SKU03907,0,53,7,53
2025-10-07,SKU04126,0,88,7,88
2025-10-07,SKU04140,0,100,7,100
2025-10-07,SKU04157,0,99,7,99
2025-10-07,SKU04305,0,52,7,52
2025-10-07,SKU04315,0,55,7,55
2025-10-07,SKU04329,0,132,7,132
2025-10-07,SKU04346,0,99,7,99
2025-10-07,SKU04626,0,36,7,36
2025-10-08,SKU00177,0,39,7,39
2025-10-08,SKU00264,0,66,7,66
2025-10-08,SKU00285,0,105,7,105
2025-10-08,SKU00376,0,68,7,68
2025-10-08,SKU00416,0,57,7,57
2025-10-08,SKU00500,0,54,7,54
2025-10-08,SKU00539,0,24,7,24
2025-10-08,SKU00628,0,31,7,31
2025-10-08,SKU00692,0,20,7,20
2025-10-08,SKU00774,0,66,7,66
2025-10-08,SKU00823,0,63,7,63
2025-10-08,SKU00830,0,75,7,75
2025-10-08,SKU00832,0,89,7,89
2025-10-08,SKU00994,0,97,7,97
2025-10-08,SKU01009,0,70,7,70
2025-10-08,SKU01021,0,116,7,116
2025-10-08,SKU01037,0,36,7,36
2025-10-08,SKU01152,0,79,7,79
2025-10-08,SKU01164,0,46,7,46
2025-10-08,SKU01170,0,88,7,88
2025-10-08,SKU01414,0,42,7,42
2025-10-08,SKU01420,0,88,7,88
2025-10-08,SKU01438,0,46,7,46
2025-10-08,SKU01685,0,94,7,94
2025-10-08,SKU02176,0,79,7,79
2025-10-08,SKU02268,0,94,7,94
2025-10-08,SKU02368,0,39,7,39
2025-10-08,SKU02482,0,20,7,20
2025-10-08,SKU02614,0,72,7,72
2025-10-08,SKU02648,0,128,7,128
2025-10-08,SKU02660,0,70,7,70
2025-10-08,SKU02692,0,198,7,198
2025-10-08,SKU02740,0,37,7,37
2025-10-08,SKU02826,0,68,7,68
2025-10-08,SKU02923,0,88,7,88
2025-10-08,SKU02983,0,70,7,70
2025-10-08,SKU03063,0,48,7,48
2025-10-08,SKU03274,0,153,7,153
2025-10-08,SKU03425,0,74,7,74
2025-10-08,SKU03622,0,47,7,47
2025-10-08,SKU03870,0,64,7,64
2025-10-08,SKU04012,0,36,7,36
2025-10-08,SKU04126,0,28,7,28
2025-10-08,SKU04140,0,82,7,82
2025-10-08,SKU04315,0,76,7,76
2025-10-08,SKU04350,0,65,7,65
2025-10-08,SKU04453,0,52,7,52
2025-10-08,SKU04476,0,99,7,99
2025-10-08,SKU04489,0,47,7,47
2025-10-08,SKU04508,0,21,7,21
2025-10-08,SKU04633,0,70,7,70
2025-10-09,SKU00177,0,31,7,31
2025-10-09,SKU00286,0,33,7,33
2025-10-09,SKU00830,0,20,7,20
2025-10-09,SKU00845,0,78,7,78
2025-10-09,SKU00929,0,87,7,87
2025-10-09,SKU00974,0,89,7,89
2025-10-09,SKU00976,0,100,7,100
2025-10-09,SKU01030,0,56,7,56
2025-10-09,SKU01037,0,36,7,36
2025-10-09,SKU01048,0,47,7,47
2025-10-09,SKU01164,0,77,7,77
2025-10-09,SKU01420,0,228,7,228
2025-10-09,SKU01438,0,92,7,92
2025-10-09,SKU01485,0,77,7,77
2025-10-09,SKU01547,0,46,7,46
2025-10-09,SKU01578,0,90,7,90
2025-10-09,SKU01751,0,80,7,80
2025-10-09,SKU01993,0,41,7,41
2025-10-09,SKU02155,0,39,7,39
2025-10-09,SKU02247,0,69,7,69
2025-10-09,SKU02401,0,94,7,94
2025-10-09,SKU02449,0,95,7,95
2025-10-09,SKU02482,0,52,7,52
2025-10-09,SKU02543,0,28,7,28
2025-10-09,SKU02737,0,28,7,28
2025-10-09,SKU02740,0,75,7,75
2025-10-09,SKU02776,0,24,7,24
2025-10-09,SKU02826,0,80,7,80
2025-10-09,SKU02930,0,93,7,93
2025-10-09,SKU03063,0,57,7,57
2025-10-09,SKU03171,0,68,7,68
2025-10-09,SKU03199,0,76,7,76
2025-10-09,SKU03274,0,52,7,52
2025-10-09,SKU03633,0,95,7,95
2025-10-09,SKU03693,0,44,7,44
2025-10-09,SKU03743,0,71,7,71
2025-10-09,SKU03800,0,85,7,85
2025-10-09,SKU03851,0,100,7,100
2025-10-09,SKU03907,0,56,7,56
2025-10-09,SKU04012,0,98,7,98
2025-10-09,SKU04016,0,47,7,47
2025-10-09,SKU04245,0,38,7,38
2025-10-09,SKU04280,0,73,7,73
2025-10-09,SKU04348,0,41,7,41
2025-10-09,SKU04381,0,93,7,93
2025-10-09,SKU04489,0,70,7,70
2025-10-09,SKU04551,0,70,7,70
2025-10-09,SKU04574,0,234,7,234
2025-10-09,SKU04633,0,54,7,54
2025-10-09,SKU04646,0,52,7,52
2025-10-09,SKU04710,0,84,7,84
2025-10-10,SKU00020,0,68,7,68
2025-10-10,SKU00062,0,45,7,45
2025-10-10,SKU00285,0,92,7,92
2025-10-10,SKU00376,0,66,7,66
2025-10-10,SKU00484,0,25,7,25
2025-10-10,SKU00500,0,53,7,53
2025-10-10,SKU00538,0,59,7,59
2025-10-10,SKU00692,0,26,7,26
2025-10-10,SKU00728,0,49,7,49
2025-10-10,SKU00830,0,81,7,81
2025-10-10,SKU00893,0,24,7,24
2025-10-10,SKU00929,0,20,7,20
2025-10-10,SKU00942,0,83,7,83
2025-10-10,SKU00974,0,21,7,21
2025-10-10,SKU00976,0,50,7,50
2025-10-10,SKU01030,0,85,7,85
2025-10-10,SKU01045,0,57,7,57
2025-10-10,SKU01048,0,68,7,68
2025-10-10,SKU01414,0,55,7,55
2025-10-10,SKU01466,0,46,7,46
2025-10-10,SKU01662,0,69,7,69
2025-10-10,SKU01677,0,21,7,21
2025-10-10,SKU01751,0,69,7,69
2025-10-10,SKU02068,0,56,7,56
2025-10-10,SKU02088,0,84,7,84
2025-10-10,SKU02155,0,50,7,50
2025-10-10,SKU02176,0,91,7,91
2025-10-10,SKU02268,0,29,7,29
2025-10-10,SKU02355,0,48,7,48
2025-10-10,SKU02449,0,65,7,65
2025-10-10,SKU02484,0,42,7,42
2025-10-10,SKU02503,0,21,7,21
2025-10-10,SKU02532,0,87,7,87
2025-10-10,SKU02543,0,34,7,34
2025-10-10,SKU02683,0,50,7,50
2025-10-10,SKU02740,0,39,7,39
2025-10-10,SKU02747,0,86,7,86
2025-10-10,SKU02826,0,102,7,102
2025-10-10,SKU02950,0,119,7,119
2025-10-10,SKU02954,0,58,7,58
2025-10-10,SKU02983,0,80,7,80
2025-10-10,SKU03057,0,90,7,90
2025-10-10,SKU03063,0,94,7,94
2025-10-10,SKU03088,0,81,7,81
2025-10-10,SKU03171,0,75,7,75
2025-10-10,SKU03199,0,95,7,95
2025-10-10,SKU03259,0,73,7,73
2025-10-10,SKU03425,0,36,7,36
2025-10-10,SKU03800,0,95,7,95
2025-10-10,SKU03851,0,83,7,83
2025-10-10,SKU03876,0,68,7,68
2025-10-10,SKU04016,0,77,7,77
2025-10-10,SKU04245,0,97,7,97
2025-10-10,SKU04305,0,58,7,58
2025-10-10,SKU04315,0,98,7,98
2025-10-10,SKU04318,0,20,7,20
2025-10-10,SKU04321,0,171,7,171
2025-10-10,SKU04362,0,85,7,85
2025-10-10,SKU04453,0,29,7,29
2025-10-10,SKU04596,0,51,7,51
2025-10-10,SKU04633,0,44,7,44
2025-10-10,SKU04663,0,100,7,100
2025-10-10,SKU04710,0,91,7,91
2025-10-10,SKU04783,0,64,7,64
2025-10-10,SKU04847,0,67,7,67
2025-10-11,SKU00291,0,85,7,85
2025-10-11,SKU00363,0,31,7,31
2025-10-11,SKU00369,0,80,7,80
2025-10-11,SKU00538,0,56,7,56
2025-10-11,SKU00628,0,91,7,91
2025-10-11,SKU00953,0,38,7,38
2025-10-11,SKU00976,0,63,7,63
2025-10-11,SKU00994,0,51,7,51
2025-10-11,SKU01030,0,47,7,47
2025-10-11,SKU01138,0,100,7,100
2025-10-11,SKU01152,0,41,7,41
2025-10-11,SKU01370,0,33,7,33
2025-10-11,SKU01420,0,83,7,83
2025-10-11,SKU01485,0,38,7,38
2025-10-11,SKU01547,0,35,7,35
2025-10-11,SKU01578,0,80,7,80
2025-10-11,SKU01662,0,55,7,55
2025-10-11,SKU01751,0,129,7,129
2025-10-11,SKU01784,0,33,7,33
2025-10-11,SKU01993,0,53,7,53
2025-10-11,SKU02141,0,37,7,37
2025-10-11,SKU02268,0,86,7,86
2025-10-11,SKU02340,0,73,7,73
2025-10-11,SKU02462,0,56,7,56
2025-10-11,SKU02482,0,87,7,87
2025-10-11,SKU02526,0,67,7,67
2025-10-11,SKU02532,0,156,7,156
2025-10-11,SKU02538,0,50,7,50
2025-10-11,SKU02614,0,95,7,95
2025-10-11,SKU02660,0,77,7,77
2025-10-11,SKU02740,0,71,7,71
2025-10-11,SKU02840,0,45,7,45
2025-10-11,SKU03053,0,26,7,26
2025-10-11,SKU03274,0,60,7,60
2025-10-11,SKU03870,0,53,7,53
2025-10-11,SKU03907,0,89,7,89
2025-10-11,SKU04016,0,64,7,64
2025-10-11,SKU04126,0,59,7,59
2025-10-11,SKU04191,0,87,7,87
2025-10-11,SKU04318,0,77,7,77
2025-10-11,SKU04321,0,91,7,91
2025-10-11,SKU04329,0,93,7,93
2025-10-11,SKU04350,0,67,7,67
2025-10-11,SKU04571,0,68,7,68
2025-10-11,SKU04596,0,60,7,60
2025-10-11,SKU04710,0,82,7,82
2025-10-11,SKU04847,0,46,7,46
2025-10-12,SKU00264,0,76,7,76
2025-10-12,SKU00285,0,92,7,92
2025-10-12,SKU00363,0,167,7,167
2025-10-12,SKU00416,0,22,7,22
2025-10-12,SKU00531,0,127,7,127
2025-10-12,SKU00539,0,20,7,20
2025-10-12,SKU00628,0,95,7,95
2025-10-12,SKU00920,0,75,7,75
2025-10-12,SKU00929,0,69,7,69
2025-10-12,SKU00974,0,49,7,49
2025-10-12,SKU00996,0,66,7,66
2025-10-12,SKU01021,0,75,7,75
2025-10-12,SKU01048,0,62,7,62
2025-10-12,SKU01138,0,69,7,69
2025-10-12,SKU01152,0,31,7,31
2025-10-12,SKU01370,0,27,7,27
2025-10-12,SKU01547,0,71,7,71
2025-10-12,SKU01988,0,37,7,37
2025-10-12,SKU02088,0,41,7,41
2025-10-12,SKU02176,0,28,7,28
2025-10-12,SKU02247,0,77,7,77
2025-10-12,SKU02268,0,77,7,77
2025-10-12,SKU02340,0,67,7,67
2025-10-12,SKU02355,0,27,7,27
2025-10-12,SKU02368,0,46,7,46
2025-10-12,SKU02401,0,20,7,20
2025-10-12,SKU02449,0,95,7,95
2025-10-12,SKU02526,0,20,7,20
2025-10-12,SKU02531,0,87,7,87
2025-10-12,SKU02543,0,92,7,92
2025-10-12,SKU02648,0,98,7,98
2025-10-12,SKU02660,0,98,7,98
2025-10-12,SKU02683,0,70,7,70
2025-10-12,SKU02737,0,48,7,48
2025-10-12,SKU02740,0,95,7,95
2025-10-12,SKU02747,0,43,7,43
2025-10-12,SKU02826,0,57,7,57
2025-10-12,SKU02833,0,60,7,60
2025-10-12,SKU02930,0,23,7,23
2025-10-12,SKU03053,0,45,7,45
2025-10-12,SKU03199,0,88,7,88
2025-10-12,SKU03292,0,59,7,59
2025-10-12,SKU03535,0,62,7,62
2025-10-12,SKU03693,0,73,7,73
2025-10-12,SKU03727,0,27,7,27
2025-10-12,SKU03812,0,60,7,60
2025-10-12,SKU04035,0,89,7,89
2025-10-12,SKU04154,0,36,7,36
2025-10-12,SKU04305,0,72,7,72
2025-10-12,SKU04508,0,24,7,24
2025-10-12,SKU04562,0,118,7,118
2025-10-12,SKU04574,0,43,7,43
2025-10-12,SKU04633,0,101,7,101
2025-10-12,SKU04756,0,62,7,62
2025-10-12,SKU04783,0,27,7,27
2025-10-12,SKU04926,0,30,7,30
2025-11-01,SKU00003,174,0,7,72
2025-11-01,SKU00046,84,43,7,127
2025-11-01,SKU00145,58,0,7,36
2025-11-01,SKU00154,46,0,7,41
2025-11-01,SKU00259,95,0,7,59
2025-11-01,SKU00276,56,0,7,53
2025-11-01,SKU00289,5,73,7,78
2025-11-01,SKU00293,74,0,7,33
2025-11-01,SKU00301,58,0,7,20
2025-11-01,SKU00316,31,29,7,60
2025-11-01,SKU00337,35,0,7,23
2025-11-01,SKU00377,45,9,7,54
2025-11-01,SKU00469,58,10,7,68
2025-11-01,SKU00472,33,13,7,46
2025-11-01,SKU00488,36,25,7,61
2025-11-01,SKU00633,142,0,7,76
2025-11-01,SKU00680,92,0,7,83
2025-11-01,SKU00686,181,0,7,90
2025-11-01,SKU00688,46,0,7,25
2025-11-01,SKU00742,26,27,7,53
2025-11-01,SKU00822,224,0,7,92
2025-11-01,SKU00828,33,0,7,32
2025-11-01,SKU00895,96,0,7,38
2025-11-01,SKU00911,206,0,7,100
2025-11-01,SKU00926,19,13,7,32
2025-11-01,SKU00996,24,58,7,82
2025-11-01,SKU01049,85,0,7,32
2025-11-01,SKU01128,32,7,7,39
2025-11-01,SKU01132,165,0,7,99
2025-11-01,SKU01146,111,0,7,81
2025-11-01,SKU01163,80,0,7,58
2025-11-01,SKU01216,34,0,7,24
2025-11-01,SKU01226,92,0,7,47
2025-11-01,SKU01242,67,21,7,88
2025-11-01,SKU01261,51,0,7,27
2025-11-01,SKU01275,37,15,7,52
2025-11-01,SKU01329,10,20,7,30
2025-11-01,SKU01430,79,0,7,31
2025-11-01,SKU01479,27,66,7,93
2025-11-01,SKU01493,19,37,7,56
2025-11-01,SKU01513,34,51,7,85
2025-11-01,SKU01519,71,13,7,84
2025-11-01,SKU01545,46,6,7,52
2025-11-01,SKU01554,116,0,7,63
2025-11-01,SKU01555,11,30,7,41
2025-11-01,SKU01590,47,7,7,54
2025-11-01,SKU01606,190,0,7,71
2025-11-01,SKU01624,71,0,7,32
2025-11-01,SKU01638,52,0,7,22
2025-11-01,SKU01668,81,0,7,65
2025-11-01,SKU01722,72,0,7,25
2025-11-01,SKU01917,100,0,7,57
2025-11-01,SKU01953,151,0,7,77
2025-11-01,SKU01963,176,0,7,83
2025-11-01,SKU01976,26,62,7,88
2025-11-01,SKU01991,79,0,7,50
2025-11-01,SKU02016,16,28,7,44
2025-11-01,SKU02053,110,0,7,37
2025-11-01,SKU02116,47,0,7,24
2025-11-01,SKU02160,137,0,7,47
2025-11-01,SKU02203,0,20,7,20
2025-11-01,SKU02223,233,0,7,83
2025-11-01,SKU02274,109,0,7,90
2025-11-01,SKU02427,10,48,7,58
2025-11-01,SKU02448,226,0,7,93
2025-11-01,SKU02461,38,0,7,24
2025-11-01,SKU02481,114,0,7,56
2025-11-01,SKU02485,59,0,7,24
2025-11-01,SKU02521,84,0,7,34
2025-11-01,SKU02523,75,0,7,26
2025-11-01,SKU02563,4,51,7,55
2025-11-01,SKU02578,127,0,7,55
2025-11-01,SKU02650,186,0,7,97
2025-11-01,SKU02714,5,69,7,74
2025-11-01,SKU02785,78,0,7,35
2025-11-01,SKU02818,58,7,7,65
2025-11-01,SKU02820,25,28,7,53
2025-11-01,SKU02849,168,0,7,91
2025-11-01,SKU02883,85,0,7,40
2025-11-01,SKU02884,9,84,7,93
2025-11-01,SKU02894,169,0,7,76
2025-11-01,SKU02935,58,0,7,35
2025-11-01,SKU03002,73,0,7,70
2025-11-01,SKU03078,15,63,7,78
2025-11-01,SKU03081,34,11,7,45
2025-11-01,SKU03119,160,0,7,57
2025-11-01,SKU03159,86,0,7,50
2025-11-01,SKU03166,32,0,7,28
2025-11-01,SKU03182,57,0,7,45
2025-11-01,SKU03206,168,0,7,127
2025-11-01,SKU03211,63,0,7,62
2025-11-01,SKU03229,110,0,7,59
2025-11-01,SKU03261,94,2,7,96
2025-11-01,SKU03334,48,3,7,51
2025-11-01,SKU03406,4,66,7,70
2025-11-01,SKU03432,79,0,7,29
2025-11-01,SKU03444,112,0,7,51
2025-11-01,SKU03479,80,0,7,77
2025-11-01,SKU03485,71,0,7,30
2025-11-01,SKU03566,1,26,7,27
2025-11-01,SKU03589,41,34,7,75
2025-11-01,SKU03665,19,16,7,35
2025-11-01,SKU03695,71,0,7,28
2025-11-01,SKU03700,212,0,7,71
2025-11-01,SKU03720,69,0,7,31
2025-11-01,SKU03850,57,0,7,20
2025-11-01,SKU03855,54,0,7,23
2025-11-01,SKU03891,1,73,7,74
2025-11-01,SKU03898,86,0,7,38
2025-11-01,SKU03899,142,0,7,62
2025-11-01,SKU03930,33,0,7,28
2025-11-01,SKU03988,59,0,7,59
2025-11-01,SKU04101,72,0,7,38
2025-11-01,SKU04136,162,0,7,82
2025-11-01,SKU04171,5,83,7,88
2025-11-01,SKU04199,172,0,7,72
2025-11-01,SKU04293,15,15,7,30
2025-11-01,SKU04391,117,0,7,40
2025-11-01,SKU04488,106,0,7,81
2025-11-01,SKU04515,9,35,7,44
2025-11-01,SKU04542,105,0,7,52
2025-11-01,SKU04543,170,0,7,79
2025-11-01,SKU04613,63,0,7,30
2025-11-01,SKU04632,18,50,7,68
2025-11-01,SKU04681,83,0,7,32
2025-11-01,SKU04684,32,61,7,93
2025-11-01,SKU04722,94,0,7,46
2025-11-01,SKU04759,78,0,7,59
2025-11-01,SKU04828,40,33,7,73
2025-11-01,SKU04912,22,6,7,28
2025-11-01,SKU04964,75,0,7,43
2025-11-01,SKU04997,181,0,7,74
2025-11-02,SKU00039,162,0,7,63
2025-11-02,SKU00080,1,42,7,43
2025-11-02,SKU00084,17,61,7,78
2025-11-02,SKU00133,35,0,7,22
2025-11-02,SKU00200,5,39,7,44
2025-11-02,SKU00323,138,0,7,98
2025-11-02,SKU00415,81,12,7,93
2025-11-02,SKU00420,3,34,7,37
2025-11-02,SKU00448,120,0,7,48
2025-11-02,SKU00492,47,42,7,89
2025-11-02,SKU00533,164,0,7,64
2025-11-02,SKU00568,193,0,7,86
2025-11-02,SKU00632,11,49,7,60
2025-11-02,SKU00677,140,0,7,65
2025-11-02,SKU00685,69,0,7,49
2025-11-02,SKU00707,19,23,7,42
2025-11-02,SKU00772,53,61,7,114
2025-11-02,SKU00795,59,4,7,63
2025-11-02,SKU00805,35,0,7,24
2025-11-02,SKU00819,177,0,7,65
2025-11-02,SKU00869,16,17,7,33
2025-11-02,SKU00895,149,0,7,76
2025-11-02,SKU00899,184,0,7,66
2025-11-02,SKU00916,126,0,7,73
2025-11-02,SKU01002,52,0,7,37
2025-11-02,SKU01006,124,0,7,50
2025-11-02,SKU01007,61,0,7,57
2025-11-02,SKU01044,91,0,7,33
2025-11-02,SKU01092,101,0,7,51
2025-11-02,SKU01120,39,0,7,35
2025-11-02,SKU01123,64,0,7,24
2025-11-02,SKU01157,193,0,7,69
2025-11-02,SKU01186,95,0,7,63
2025-11-02,SKU01203,93,6,7,99
2025-11-02,SKU01254,95,0,7,86
2025-11-02,SKU01259,73,0,7,33
2025-11-02,SKU01267,48,5,7,53
2025-11-02,SKU01283,105,0,7,45
2025-11-02,SKU01292,150,0,7,70
2025-11-02,SKU01301,90,0,7,63
2025-11-02,SKU01302,57,0,7,31
2025-11-02,SKU01328,73,0,7,53
2025-11-02,SKU01352,70,0,7,69
2025-11-02,SKU01360,266,0,7,91
2025-11-02,SKU01397,54,0,7,33
2025-11-02,SKU01398,14,39,7,53
2025-11-02,SKU01429,237,0,7,85
2025-11-02,SKU01444,31,15,7,46
2025-11-02,SKU01446,9,89,7,98
2025-11-02,SKU01454,17,22,7,39
2025-11-02,SKU01456,52,4,7,56
2025-11-02,SKU01526,232,0,7,84
2025-11-02,SKU01549,48,47,7,95
2025-11-02,SKU01597,49,0,7,34
2025-11-02,SKU01599,156,0,7,91
2025-11-02,SKU01702,11,27,7,38
2025-11-02,SKU01829,123,0,7,90
2025-11-02,SKU01832,81,0,7,45
2025-11-02,SKU01842,72,101,7,173
2025-11-02,SKU01846,52,20,7,72
2025-11-02,SKU01885,5,44,7,49
2025-11-02,SKU01901,39,19,7,58
2025-11-02,SKU01984,56,14,7,70
2025-11-02,SKU02067,39,21,7,60
2025-11-02,SKU02114,72,0,7,28
2025-11-02,SKU02135,144,0,7,79
2025-11-02,SKU02226,17,8,7,25
2025-11-02,SKU02238,36,4,7,40
2025-11-02,SKU02313,147,0,7,73
2025-11-02,SKU02315,181,0,7,100
2025-11-02,SKU02318,29,41,7,70
2025-11-02,SKU02344,39,3,7,42
2025-11-02,SKU02433,42,0,7,30
2025-11-02,SKU02473,19,14,7,33
2025-11-02,SKU02496,40,21,7,61
2025-11-02,SKU02515,48,0,7,22
2025-11-02,SKU02528,54,17,7,71
2025-11-02,SKU02580,59,30,7,89
2025-11-02,SKU02608,157,0,7,65
2025-11-02,SKU02655,128,0,7,74
2025-11-02,SKU02676,101,0,7,45
2025-11-02,SKU02695,10,19,7,29
2025-11-02,SKU02701,6,29,7,35
2025-11-02,SKU02711,54,20,7,74
2025-11-02,SKU02757,71,0,7,25
2025-11-02,SKU02761,243,0,7,95
2025-11-02,SKU02795,91,0,7,80
2025-11-02,SKU02831,63,0,7,46
2025-11-02,SKU02835,148,0,7,77
2025-11-02,SKU02857,178,0,7,71
2025-11-02,SKU02925,166,0,7,61
2025-11-02,SKU02936,87,0,7,41
2025-11-02,SKU02959,34,0,7,21
2025-11-02,SKU03028,15,33,7,48
2025-11-02,SKU03032,121,0,7,95
2025-11-02,SKU03080,116,0,7,52
2025-11-02,SKU03109,14,17,7,31
2025-11-02,SKU03124,115,0,7,65
2025-11-02,SKU03154,107,0,7,61
2025-11-02,SKU03208,102,0,7,69
2025-11-02,SKU03212,146,0,7,72
2025-11-02,SKU03229,35,0,7,32
2025-11-02,SKU03234,58,0,7,55
2025-11-02,SKU03236,12,26,7,38
2025-11-02,SKU03356,20,48,7,68
2025-11-02,SKU03394,24,64,7,88
2025-11-02,SKU03432,238,0,7,96
2025-11-02,SKU03463,28,14,7,42
2025-11-02,SKU03575,18,68,7,86
2025-11-02,SKU03579,217,0,7,86
2025-11-02,SKU03588,58,26,7,84
2025-11-02,SKU03686,56,13,7,69
2025-11-02,SKU03711,63,15,7,78
2025-11-02,SKU03746,89,0,7,84
2025-11-02,SKU03810,180,0,7,93
2025-11-02,SKU03811,51,4,7,55
2025-11-02,SKU03815,150,0,7,53
2025-11-02,SKU03818,110,0,7,49
2025-11-02,SKU03933,115,0,7,91
2025-11-02,SKU03938,270,0,7,91
2025-11-02,SKU03961,228,0,7,85
2025-11-02,SKU03969,180,0,7,73
2025-11-02,SKU03992,0,90,7,90
2025-11-02,SKU04032,52,0,7,27
2025-11-02,SKU04049,45,0,7,26
2025-11-02,SKU04061,35,0,7,29
2025-11-02,SKU04089,79,0,7,73
2025-11-02,SKU04165,10,24,7,34
2025-11-02,SKU04169,0,27,7,27
2025-11-02,SKU04181,55,42,7,97
2025-11-02,SKU04185,45,8,7,53
2025-11-02,SKU04242,107,0,7,53
2025-11-02,SKU04264,45,0,7,29
2025-11-02,SKU04345,108,0,7,37
2025-11-02,SKU04365,142,0,7,83
2025-11-02,SKU04368,1,37,7,38
2025-11-02,SKU04375,116,0,7,84
2025-11-02,SKU04384,53,0,7,28
2025-11-02,SKU04446,121,0,7,90
2025-11-02,SKU04481,26,1,7,27
2025-11-02,SKU04490,93,5,7,98
2025-11-02,SKU04511,97,0,7,38
2025-11-02,SKU04570,55,1,7,56
2025-11-02,SKU04585,14,77,7,91
2025-11-02,SKU04682,30,0,7,27
2025-11-02,SKU04712,22,29,7,51
2025-11-02,SKU04718,139,0,7,79
2025-11-02,SKU04743,175,0,7,61
2025-11-02,SKU04759,102,0,7,45
2025-11-02,SKU04776,226,0,7,82
2025-11-02,SKU04801,92,0,7,44
2025-11-02,SKU04878,112,0,7,40
2025-11-02,SKU04892,2,82,7,84
2025-11-02,SKU04912,170,0,7,75
2025-11-02,SKU04959,290,0,7,98
2025-11-03,SKU00044,43,0,7,25
2025-11-03,SKU00070,20,26,7,46
2025-11-03,SKU00108,49,0,7,24
2025-11-03,SKU00112,37,0,7,22
2025-11-03,SKU00246,50,0,7,22
2025-11-03,SKU00289,145,0,7,95
2025-11-03,SKU00327,185,0,7,62
2025-11-03,SKU00403,89,0,7,82
2025-11-03,SKU00481,0,37,7,37
2025-11-03,SKU00487,31,18,7,49
2025-11-03,SKU00575,68,0,7,39
2025-11-03,SKU00605,55,32,7,87
2025-11-03,SKU00693,76,0,7,38
2025-11-03,SKU00736,61,21,7,82
2025-11-03,SKU00787,96,0,7,39
2025-11-03,SKU00806,118,0,7,60
2025-11-03,SKU00863,49,40,7,89
2025-11-03,SKU00983,188,0,7,74
2025-11-03,SKU01020,47,48,7,95
2025-11-03,SKU01047,94,0,7,63
2025-11-03,SKU01067,129,0,7,90
2025-11-03,SKU01081,273,0,7,93
2025-11-03,SKU01086,70,0,7,53
2025-11-03,SKU01087,53,32,7,85
2025-11-03,SKU01266,88,0,7,80
2025-11-03,SKU01298,67,0,7,32
2025-11-03,SKU01306,35,0,7,34
2025-11-03,SKU01326,37,60,7,97
2025-11-03,SKU01336,114,0,7,93
2025-11-03,SKU01355,197,0,7,71
2025-11-03,SKU01456,117,0,7,62
2025-11-03,SKU01459,82,0,7,30
2025-11-03,SKU01502,218,0,7,87
2025-11-03,SKU01534,216,0,7,73
2025-11-03,SKU01546,10,78,7,88
2025-11-03,SKU01560,64,0,7,33
2025-11-03,SKU01570,253,0,7,86
2025-11-03,SKU01575,75,0,7,55
2025-11-03,SKU01602,68,0,7,57
2025-11-03,SKU01608,131,0,7,51
2025-11-03,SKU01676,87,0,7,40
2025-11-03,SKU01764,79,0,7,29
2025-11-03,SKU01771,31,34,7,65
2025-11-03,SKU01778,110,0,7,59
2025-11-03,SKU01862,63,0,7,31
2025-11-03,SKU01865,122,0,7,55
2025-11-03,SKU01884,180,0,7,96
2025-11-03,SKU01895,48,29,7,77
2025-11-03,SKU01933,103,0,7,88
2025-11-03,SKU01947,18,27,7,45
2025-11-03,SKU01958,67,0,7,65
2025-11-03,SKU01986,75,0,7,30
2025-11-03,SKU02076,30,21,7,51
2025-11-03,SKU02105,23,0,7,22
2025-11-03,SKU02166,19,11,7,30
2025-11-03,SKU02199,50,0,7,44
2025-11-03,SKU02214,71,0,7,46
2025-11-03,SKU02229,135,0,7,73
2025-11-03,SKU02262,121,0,7,91
2025-11-03,SKU02271,196,0,7,77
2025-11-03,SKU02287,35,18,7,53
2025-11-03,SKU02297,4,17,7,21
2025-11-03,SKU02341,207,0,7,78
2025-11-03,SKU02441,112,0,7,45
2025-11-03,SKU02516,111,0,7,91
2025-11-03,SKU02517,265,0,7,94
2025-11-03,SKU02528,13,48,7,61
2025-11-03,SKU02535,20,49,7,69
2025-11-03,SKU02539,109,0,7,84
2025-11-03,SKU02597,50,0,7,21
2025-11-03,SKU02651,130,0,7,64
2025-11-03,SKU02659,21,3,7,24
2025-11-03,SKU02695,15,63,7,78
2025-11-03,SKU02698,80,0,7,69
2025-11-03,SKU02742,104,0,7,70
2025-11-03,SKU02757,143,0,7,76
2025-11-03,SKU02774,147,0,7,50
2025-11-03,SKU02779,31,0,7,30
2025-11-03,SKU02825,74,0,7,41
2025-11-03,SKU02863,75,5,7,80
2025-11-03,SKU02888,235,0,7,97
2025-11-03,SKU02900,93,0,7,33
2025-11-03,SKU02906,176,0,7,79
2025-11-03,SKU02926,43,48,7,91
2025-11-03,SKU03029,231,0,7,99
2025-11-03,SKU03048,89,0,7,49
2025-11-03,SKU03052,178,0,7,72
2025-11-03,SKU03097,51,37,7,88
2025-11-03,SKU03144,193,0,7,68
2025-11-03,SKU03161,61,3,7,64
2025-11-03,SKU03184,71,0,7,25
2025-11-03,SKU03233,11,10,7,21
2025-11-03,SKU03239,122,0,7,95
2025-11-03,SKU03273,243,0,7,86
2025-11-03,SKU03279,104,0,7,45
2025-11-03,SKU03316,1,33,7,34
2025-11-03,SKU03400,101,0,7,83
2025-11-03,SKU03460,5,16,7,21
2025-11-03,SKU03487,69,0,7,24
2025-11-03,SKU03494,168,0,7,76
2025-11-03,SKU03519,82,0,7,74
2025-11-03,SKU03568,185,0,7,75
2025-11-03,SKU03575,176,0,7,63
2025-11-03,SKU03614,113,0,7,50
2025-11-03,SKU03686,177,0,7,85
2025-11-03,SKU03689,42,0,7,27
2025-11-03,SKU03697,59,0,7,29
2025-11-03,SKU03717,20,68,7,88
2025-11-03,SKU03719,74,60,7,134
2025-11-03,SKU03720,154,0,7,69
2025-11-03,SKU03750,18,20,7,38
2025-11-03,SKU03760,157,0,7,53
2025-11-03,SKU03789,143,0,7,83
2025-11-03,SKU03830,54,0,7,20
2025-11-03,SKU03899,27,20,7,47
2025-11-03,SKU03934,15,80,7,95
2025-11-03,SKU03945,219,0,7,77
2025-11-03,SKU03967,166,0,7,83
2025-11-03,SKU04021,43,0,7,34
2025-11-03,SKU04023,143,0,7,84
2025-11-03,SKU04128,154,0,7,78
2025-11-03,SKU04129,106,0,7,48
2025-11-03,SKU04138,43,0,7,35
2025-11-03,SKU04159,46,0,7,23
2025-11-03,SKU04203,123,0,7,57
2025-11-03,SKU04221,86,0,7,62
2025-11-03,SKU04274,101,0,7,84
2025-11-03,SKU04291,191,0,7,98
2025-11-03,SKU04297,150,0,7,64
2025-11-03,SKU04307,129,0,7,44
2025-11-03,SKU04328,137,0,7,108
2025-11-03,SKU04356,254,0,7,96
2025-11-03,SKU04362,14,12,7,26
2025-11-03,SKU04389,233,0,7,93
2025-11-03,SKU04415,208,0,7,80
2025-11-03,SKU04445,241,0,7,93
2025-11-03,SKU04448,121,0,7,59
2025-11-03,SKU04481,103,0,7,86
2025-11-03,SKU04502,46,4,7,50
2025-11-03,SKU04504,205,0,7,69
2025-11-03,SKU04507,69,0,7,27
2025-11-03,SKU04523,99,0,7,43
2025-11-03,SKU04527,113,0,7,64
2025-11-03,SKU04553,8,40,7,48
2025-11-03,SKU04563,72,0,7,36
2025-11-03,SKU04570,67,0,7,25
2025-11-03,SKU04629,144,0,7,62
2025-11-03,SKU04722,0,32,7,32
2025-11-03,SKU04731,94,0,7,49
2025-11-03,SKU04752,4,35,7,39
2025-11-03,SKU04761,76,0,7,37
2025-11-03,SKU04765,178,0,7,90
2025-11-03,SKU04828,44,18,7,62
2025-11-03,SKU04838,91,0,7,39
2025-11-03,SKU04889,133,0,7,73
2025-11-04,SKU00040,101,0,7,84
2025-11-04,SKU00046,52,0,7,24
2025-11-04,SKU00097,145,0,7,79
2025-11-04,SKU00191,23,50,7,73
2025-11-04,SKU00276,85,0,7,50
2025-11-04,SKU00312,162,0,7,88
2025-11-04,SKU00318,50,0,7,23
2025-11-04,SKU00319,61,0,7,54
2025-11-04,SKU00419,60,0,7,49
2025-11-04,SKU00428,30,0,7,21
2025-11-04,SKU00450,7,48,7,55
2025-11-04,SKU00463,53,0,7,33
2025-11-04,SKU00474,38,0,7,31
2025-11-04,SKU00488,46,0,7,29
2025-11-04,SKU00508,28,0,7,28
2025-11-04,SKU00544,65,14,7,79
2025-11-04,SKU00560,76,20,7,96
2025-11-04,SKU00614,153,0,7,98
2025-11-04,SKU00620,215,0,7,78
2025-11-04,SKU00651,69,0,7,41
2025-11-04,SKU00677,53,0,7,22
2025-11-04,SKU00719,138,0,7,54
2025-11-04,SKU00796,9,83,7,92
2025-11-04,SKU00882,48,9,7,57
2025-11-04,SKU00927,49,0,7,38
2025-11-04,SKU01022,6,34,7,40
2025-11-04,SKU01025,33,0,7,21
2025-11-04,SKU01054,19,13,7,32
2025-11-04,SKU01103,34,0,7,34
2025-11-04,SKU01130,150,0,7,54
2025-11-04,SKU01276,77,32,7,109
2025-11-04,SKU01321,213,0,7,82
2025-11-04,SKU01385,67,0,7,50
2025-11-04,SKU01442,56,7,7,63
2025-11-04,SKU01590,106,0,7,84
2025-11-04,SKU01621,70,23,7,93
2025-11-04,SKU01671,14,13,7,27
2025-11-04,SKU01672,106,0,7,67
2025-11-04,SKU01679,9,16,7,25
2025-11-04,SKU01708,83,0,7,29
2025-11-04,SKU01729,183,0,7,95
2025-11-04,SKU01730,22,1,7,23
2025-11-04,SKU01747,23,21,7,44
2025-11-04,SKU01791,62,0,7,34
2025-11-04,SKU01808,99,0,7,87
2025-11-04,SKU01821,87,0,7,61
2025-11-04,SKU01835,50,23,7,73
2025-11-04,SKU01928,91,0,7,79
2025-11-04,SKU01935,19,21,7,40
2025-11-04,SKU02011,217,0,7,84
2025-11-04,SKU02018,205,0,7,78
2025-11-04,SKU02021,38,40,7,78
2025-11-04,SKU02023,84,0,7,33
2025-11-04,SKU02084,85,0,7,63
2025-11-04,SKU02099,60,25,7,85
2025-11-04,SKU02130,37,58,7,95
2025-11-04,SKU02362,448,0,7,164
2025-11-04,SKU02586,168,0,7,75
2025-11-04,SKU02687,12,15,7,27
2025-11-04,SKU02688,48,0,7,34
2025-11-04,SKU02702,25,0,7,23
2025-11-04,SKU02758,93,0,7,75
2025-11-04,SKU02792,41,2,7,43
2025-11-04,SKU02817,33,25,7,58
2025-11-04,SKU02847,64,0,7,50
2025-11-04,SKU02872,32,17,7,49
2025-11-04,SKU02909,60,0,7,30
2025-11-04,SKU02944,210,0,7,88
2025-11-04,SKU02982,18,30,7,48
2025-11-04,SKU03013,39,0,7,25
2025-11-04,SKU03041,168,0,7,61
2025-11-04,SKU03052,184,0,7,77
2025-11-04,SKU03087,110,0,7,53
2025-11-04,SKU03111,86,0,7,33
2025-11-04,SKU03119,206,0,7,77
2025-11-04,SKU03171,13,73,7,86
2025-11-04,SKU03207,17,40,7,57
2025-11-04,SKU03216,122,0,7,72
2025-11-04,SKU03239,8,12,7,20
2025-11-04,SKU03241,47,31,7,78
2025-11-04,SKU03250,48,44,7,92
2025-11-04,SKU03294,81,0,7,47
2025-11-04,SKU03318,84,0,7,30
2025-11-04,SKU03348,142,0,7,49
2025-11-04,SKU03417,109,0,7,51
2025-11-04,SKU03433,42,48,7,90
2025-11-04,SKU03445,126,0,7,46
2025-11-04,SKU03498,45,0,7,31
2025-11-04,SKU03513,163,0,7,60
2025-11-04,SKU03515,160,0,7,78
2025-11-04,SKU03531,90,0,7,81
2025-11-04,SKU03551,124,0,7,51
2025-11-04,SKU03599,32,5,7,37
2025-11-04,SKU03604,46,8,7,54
2025-11-04,SKU03641,43,0,7,29
2025-11-04,SKU03714,93,2,7,95
2025-11-04,SKU03720,51,0,7,43
2025-11-04,SKU03780,142,0,7,90
2025-11-04,SKU03795,125,0,7,45
2025-11-04,SKU03809,35,35,7,70
2025-11-04,SKU03834,46,0,7,45
2025-11-04,SKU03860,124,0,7,49
2025-11-04,SKU03899,9,18,7,27
2025-11-04,SKU03930,16,28,7,44
2025-11-04,SKU03939,3,59,7,62
2025-11-04,SKU04001,161,0,7,94
2025-11-04,SKU04007,132,0,7,53
2025-11-04,SKU04024,177,0,7,80
2025-11-04,SKU04042,91,0,7,75
2025-11-04,SKU04050,61,15,7,76
2025-11-04,SKU04094,85,0,7,37
2025-11-04,SKU04139,116,0,7,81
2025-11-04,SKU04327,66,17,7,83
2025-11-04,SKU04344,33,11,7,44
2025-11-04,SKU04369,24,0,7,20
2025-11-04,SKU04373,332,0,7,142
2025-11-04,SKU04384,132,0,7,84
2025-11-04,SKU04396,2,83,7,85
2025-11-04,SKU04403,6,59,7,65
2025-11-04,SKU04435,222,0,7,94
2025-11-04,SKU04440,32,0,7,24
2025-11-04,SKU04450,166,0,7,69
2025-11-04,SKU04474,202,0,7,95
2025-11-04,SKU04493,112,0,7,86
2025-11-04,SKU04543,103,0,7,39
2025-11-04,SKU04550,3,56,7,59
2025-11-04,SKU04592,156,0,7,57
2025-11-04,SKU04598,71,1,7,72
2025-11-04,SKU04614,157,0,7,96
2025-11-04,SKU04626,140,0,7,81
2025-11-04,SKU04629,18,18,7,36
2025-11-04,SKU04634,35,7,7,42
2025-11-04,SKU04703,66,0,7,50
2025-11-04,SKU04739,93,0,7,93
2025-11-04,SKU04774,52,19,7,71
2025-11-04,SKU04796,142,0,7,67
2025-11-04,SKU04814,163,0,7,84
2025-11-04,SKU04853,190,0,7,66
2025-11-04,SKU04866,125,0,7,79
2025-11-04,SKU04916,66,0,7,28
2025-11-04,SKU04984,150,0,7,58
2025-11-04,SKU04990,83,0,7,57
2025-11-05,SKU00015,79,0,7,28
2025-11-05,SKU00023,20,19,7,39
2025-11-05,SKU00082,71,3,7,74
2025-11-05,SKU00123,23,11,7,34
2025-11-05,SKU00131,105,0,7,86
2025-11-05,SKU00135,105,0,7,100
2025-11-05,SKU00144,36,0,7,20
2025-11-05,SKU00240,36,51,7,87
2025-11-05,SKU00252,127,0,7,55
2025-11-05,SKU00275,9,24,7,33
2025-11-05,SKU00295,3,37,7,40
2025-11-05,SKU00334,33,0,7,24
2025-11-05,SKU00344,151,0,7,67
2025-11-05,SKU00364,74,0,7,25
2025-11-05,SKU00409,29,20,7,49
2025-11-05,SKU00436,5,52,7,57
2025-11-05,SKU00461,223,0,7,83
2025-11-05,SKU00490,58,9,7,67
2025-11-05,SKU00618,186,0,7,94
2025-11-05,SKU00667,157,0,7,77
2025-11-05,SKU00704,126,0,7,93
2025-11-05,SKU00717,104,0,7,80
2025-11-05,SKU00740,152,0,7,71
2025-11-05,SKU00752,50,20,7,70
2025-11-05,SKU00769,63,0,7,47
2025-11-05,SKU00801,180,0,7,80
2025-11-05,SKU00835,171,0,7,95
2025-11-05,SKU00848,41,0,7,33
2025-11-05,SKU00850,83,0,7,28
2025-11-05,SKU00886,3,28,7,31
2025-11-05,SKU00917,172,0,7,97
2025-11-05,SKU00973,50,0,7,30
2025-11-05,SKU00998,109,0,7,94
2025-11-05,SKU01005,88,0,7,61
2025-11-05,SKU01041,21,64,7,85
2025-11-05,SKU01059,108,0,7,74
2025-11-05,SKU01199,117,0,7,100
2025-11-05,SKU01271,5,89,7,94
2025-11-05,SKU01549,32,0,7,25
2025-11-05,SKU01623,225,0,7,82
2025-11-05,SKU01671,55,0,7,32
2025-11-05,SKU01716,199,0,7,84
2025-11-05,SKU01791,36,61,7,97
2025-11-05,SKU01808,55,0,7,24
2025-11-05,SKU01844,161,0,7,63
2025-11-05,SKU01868,123,0,7,73
2025-11-05,SKU01930,51,8,7,59
2025-11-05,SKU01932,98,0,7,36
2025-11-05,SKU01933,1,63,7,64
2025-11-05,SKU02009,2,91,7,93
2025-11-05,SKU02013,34,0,7,30
2025-11-05,SKU02071,74,0,7,32
2025-11-05,SKU02077,4,27,7,31
2025-11-05,SKU02087,43,56,7,99
2025-11-05,SKU02090,106,0,7,62
2025-11-05,SKU02163,282,0,7,96
2025-11-05,SKU02175,70,0,7,53
2025-11-05,SKU02222,8,31,7,39
2025-11-05,SKU02227,36,37,7,73
2025-11-05,SKU02292,56,0,7,44
2025-11-05,SKU02295,47,52,7,99
2025-11-05,SKU02363,9,47,7,56
2025-11-05,SKU02388,67,0,7,43
2025-11-05,SKU02416,13,26,7,39
2025-11-05,SKU02458,113,0,7,89
2025-11-05,SKU02465,103,0,7,39
2025-11-05,SKU02476,27,31,7,58
2025-11-05,SKU02502,164,0,7,99
2025-11-05,SKU02510,99,0,7,39
2025-11-05,SKU02525,41,6,7,47
2025-11-05,SKU02586,43,11,7,54
2025-11-05,SKU02625,52,11,7,63
2025-11-05,SKU02685,75,0,7,28
2025-11-05,SKU02725,117,0,7,95
2025-11-05,SKU02733,73,0,7,62
2025-11-05,SKU02739,118,0,7,42
2025-11-05,SKU02798,17,82,7,99
2025-11-05,SKU02815,132,0,7,59
2025-11-05,SKU02901,59,10,7,69
2025-11-05,SKU02908,47,45,7,92
2025-11-05,SKU02916,146,0,7,72
2025-11-05,SKU02982,85,0,7,71
2025-11-05,SKU03015,83,0,7,29
2025-11-05,SKU03080,118,0,7,65
2025-11-05,SKU03130,236,0,7,91
2025-11-05,SKU03131,69,8,7,77
2025-11-05,SKU03134,163,0,7,74
2025-11-05,SKU03297,184,0,7,80
2025-11-05,SKU03299,184,0,7,85
2025-11-05,SKU03386,55,41,7,96
2025-11-05,SKU03406,240,0,7,99
2025-11-05,SKU03411,82,0,7,66
2025-11-05,SKU03564,69,29,7,98
2025-11-05,SKU03610,88,0,7,64
2025-11-05,SKU03613,74,0,7,38
2025-11-05,SKU03617,71,0,7,56
2025-11-05,SKU03641,36,32,7,68
2025-11-05,SKU03707,101,0,7,73
2025-11-05,SKU03715,16,21,7,37
2025-11-05,SKU03760,86,0,7,45
2025-11-05,SKU03772,227,0,7,87
2025-11-05,SKU03784,65,10,7,75
2025-11-05,SKU03785,30,21,7,51
2025-11-05,SKU03862,228,0,7,83
2025-11-05,SKU03893,20,17,7,37
2025-11-05,SKU03944,230,0,7,92
2025-11-05,SKU03971,92,0,7,60
2025-11-05,SKU03984,133,0,7,94
2025-11-05,SKU03996,95,0,7,70
2025-11-05,SKU04050,307,0,7,158
2025-11-05,SKU04066,165,0,7,95
2025-11-05,SKU04197,135,0,7,69
2025-11-05,SKU04207,33,52,7,85
2025-11-05,SKU04284,13,20,7,33
2025-11-05,SKU04285,125,0,7,47
2025-11-05,SKU04326,100,0,7,74
2025-11-05,SKU04331,16,68,7,84
2025-11-05,SKU04455,88,0,7,78
2025-11-05,SKU04456,235,0,7,159
2025-11-05,SKU04464,139,0,7,54
2025-11-05,SKU04521,26,28,7,54
2025-11-05,SKU04560,31,5,7,36
2025-11-05,SKU04642,74,0,7,66
2025-11-05,SKU04701,115,0,7,43
2025-11-05,SKU04733,75,0,7,47
2025-11-05,SKU04738,69,0,7,48
2025-11-05,SKU04792,10,87,7,97
2025-11-05,SKU04833,266,0,7,91
2025-11-05,SKU04916,87,0,7,42
2025-11-05,SKU04964,184,0,7,72
2025-11-06,SKU00005,104,0,7,66
2025-11-06,SKU00048,218,0,7,90
2025-11-06,SKU00138,10,84,7,94
2025-11-06,SKU00223,63,0,7,33
2025-11-06,SKU00238,57,0,7,39
2025-11-06,SKU00252,12,15,7,27
2025-11-06,SKU00397,193,0,7,67
2025-11-06,SKU00427,65,24,7,89
2025-11-06,SKU00517,137,0,7,46
2025-11-06,SKU00597,32,1,7,33
2025-11-06,SKU00610,48,0,7,21
2025-11-06,SKU00655,22,32,7,54
2025-11-06,SKU00662,24,44,7,68
2025-11-06,SKU00664,9,40,7,49
2025-11-06,SKU00703,259,0,7,94
2025-11-06,SKU00706,131,0,7,74
2025-11-06,SKU00712,17,20,7,37
2025-11-06,SKU00735,111,0,7,86
2025-11-06,SKU00763,73,0,7,52
2025-11-06,SKU00776,98,0,7,57
2025-11-06,SKU00859,68,0,7,26
2025-11-06,SKU00866,239,0,7,81
2025-11-06,SKU00900,250,0,7,95
2025-11-06,SKU00909,5,59,7,64
2025-11-06,SKU00922,7,46,7,53
2025-11-06,SKU00962,141,0,7,81
2025-11-06,SKU00982,121,0,7,80
2025-11-06,SKU01003,91,0,7,60
2025-11-06,SKU01050,64,0,7,57
2025-11-06,SKU01136,180,0,7,87
2025-11-06,SKU01155,7,43,7,50
2025-11-06,SKU01225,30,0,7,29
2025-11-06,SKU01236,184,0,7,67
2025-11-06,SKU01242,122,0,7,43
2025-11-06,SKU01289,58,0,7,22
2025-11-06,SKU01295,30,2,7,32
2025-11-06,SKU01323,123,0,7,55
2025-11-06,SKU01366,181,0,7,93
2025-11-06,SKU01415,73,10,7,83
2025-11-06,SKU01523,203,0,7,84
2025-11-06,SKU01531,5,33,7,38
2025-11-06,SKU01575,34,0,7,26
2025-11-06,SKU01595,127,0,7,49
2025-11-06,SKU01609,205,0,7,100
2025-11-06,SKU01611,195,0,7,97
2025-11-06,SKU01617,70,23,7,93
2025-11-06,SKU01629,69,0,7,35
2025-11-06,SKU01633,57,0,7,43
2025-11-06,SKU01637,137,0,7,99
2025-11-06,SKU01647,114,0,7,47
2025-11-06,SKU01650,11,38,7,49
2025-11-06,SKU01702,138,0,7,83
2025-11-06,SKU01745,83,0,7,69
2025-11-06,SKU01758,112,0,7,65
2025-11-06,SKU01768,97,0,7,49
2025-11-06,SKU01777,31,47,7,78
2025-11-06,SKU01788,89,0,7,54
2025-11-06,SKU01837,0,27,7,27
2025-11-06,SKU01948,123,0,7,62
2025-11-06,SKU01950,166,0,7,60
2025-11-06,SKU01952,80,0,7,67
2025-11-06,SKU01954,102,0,7,65
2025-11-06,SKU01997,99,0,7,40
2025-11-06,SKU02095,235,0,7,87
2025-11-06,SKU02100,148,0,7,53
2025-11-06,SKU02228,172,0,7,98
2025-11-06,SKU02246,121,0,7,43
2025-11-06,SKU02304,179,0,7,91
2025-11-06,SKU02309,52,0,7,50
2025-11-06,SKU02317,41,0,7,28
2025-11-06,SKU02336,107,0,7,95
2025-11-06,SKU02368,1,67,7,68
2025-11-06,SKU02396,150,0,7,81
2025-11-06,SKU02493,101,0,7,66
2025-11-06,SKU02542,47,19,7,66
2025-11-06,SKU02625,140,0,7,66
2025-11-06,SKU02629,179,0,7,86
2025-11-06,SKU02641,116,0,7,91
2025-11-06,SKU02674,74,0,7,49
2025-11-06,SKU02678,28,0,7,21
2025-11-06,SKU02685,49,0,7,23
2025-11-06,SKU02734,28,0,7,25
2025-11-06,SKU02767,79,0,7,32
2025-11-06,SKU02773,74,0,7,37
2025-11-06,SKU02792,29,0,7,20
2025-11-06,SKU02807,36,27,7,63
2025-11-06,SKU02831,102,0,7,85
2025-11-06,SKU02832,139,0,7,50
2025-11-06,SKU02870,1,44,7,45
2025-11-06,SKU02953,116,0,7,64
2025-11-06,SKU02957,103,0,7,92
2025-11-06,SKU02973,30,7,7,37
2025-11-06,SKU02978,35,0,7,31
2025-11-06,SKU02989,66,0,7,54
2025-11-06,SKU03010,135,0,7,67
2025-11-06,SKU03022,73,0,7,55
2025-11-06,SKU03093,29,0,7,20
2025-11-06,SKU03137,19,66,7,85
2025-11-06,SKU03147,79,0,7,38
2025-11-06,SKU03168,30,27,7,57
2025-11-06,SKU03205,26,13,7,39
2025-11-06,SKU03213,73,0,7,45
2025-11-06,SKU03227,76,0,7,45
2025-11-06,SKU03234,169,0,7,93
2025-11-06,SKU03236,17,61,7,78
2025-11-06,SKU03240,136,0,7,47
2025-11-06,SKU03247,4,49,7,53
2025-11-06,SKU03324,19,27,7,46
2025-11-06,SKU03335,181,0,7,69
2025-11-06,SKU03404,81,0,7,55
2025-11-06,SKU03418,95,0,7,36
2025-11-06,SKU03503,72,0,7,25
2025-11-06,SKU03530,204,0,7,71
2025-11-06,SKU03688,80,0,7,51
2025-11-06,SKU03713,116,0,7,82
2025-11-06,SKU03731,69,0,7,30
2025-11-06,SKU03749,166,0,7,59
2025-11-06,SKU03775,86,0,7,69
2025-11-06,SKU03783,1,65,7,66
2025-11-06,SKU03821,40,35,7,75
2025-11-06,SKU03852,64,0,7,45
2025-11-06,SKU03859,68,0,7,39
2025-11-06,SKU03897,175,0,7,100
2025-11-06,SKU03902,43,40,7,83
2025-11-06,SKU03937,63,0,7,53
2025-11-06,SKU03969,22,17,7,39
2025-11-06,SKU03988,35,11,7,46
2025-11-06,SKU04001,128,0,7,76
2025-11-06,SKU04070,57,42,7,99
2025-11-06,SKU04090,92,0,7,70
2025-11-06,SKU04091,54,2,7,56
2025-11-06,SKU04211,58,12,7,70
2025-11-06,SKU04286,34,32,7,66
2025-11-06,SKU04331,170,0,7,77
2025-11-06,SKU04335,28,56,7,84
2025-11-06,SKU04345,92,0,7,79
2025-11-06,SKU04433,164,0,7,63
2025-11-06,SKU04448,60,0,7,49
2025-11-06,SKU04487,8,19,7,27
2025-11-06,SKU04502,19,2,7,21
2025-11-06,SKU04564,94,0,7,55
2025-11-06,SKU04567,67,0,7,42
2025-11-06,SKU04571,181,0,7,63
2025-11-06,SKU04572,34,55,7,89
2025-11-06,SKU04585,52,0,7,28
2025-11-06,SKU04601,169,0,7,93
2025-11-06,SKU04635,17,21,7,38
2025-11-06,SKU04648,54,0,7,36
2025-11-06,SKU04671,140,0,7,78
2025-11-06,SKU04675,125,0,7,48
2025-11-06,SKU04683,24,8,7,32
2025-11-06,SKU04688,150,0,7,99
2025-11-06,SKU04720,82,0,7,28
2025-11-06,SKU04805,158,0,7,91
2025-11-06,SKU04861,90,0,7,48
2025-11-07,SKU00005,15,76,7,91
2025-11-07,SKU00007,47,41,7,88
2025-11-07,SKU00071,113,0,7,58
2025-11-07,SKU00105,280,0,7,96
2025-11-07,SKU00200,17,7,7,24
2025-11-07,SKU00225,43,19,7,62
2025-11-07,SKU00246,5,27,7,32
2025-11-07,SKU00294,12,13,7,25
2025-11-07,SKU00309,124,0,7,72
2025-11-07,SKU00327,53,0,7,53
2025-11-07,SKU00339,107,0,7,56
2025-11-07,SKU00346,49,44,7,93
2025-11-07,SKU00367,241,0,7,85
2025-11-07,SKU00413,84,0,7,73
2025-11-07,SKU00458,12,15,7,27
2025-11-07,SKU00471,13,30,7,43
2025-11-07,SKU00487,149,0,7,87
2025-11-07,SKU00516,104,0,7,65
2025-11-07,SKU00527,126,0,7,60
2025-11-07,SKU00545,118,0,7,91
2025-11-07,SKU00624,63,19,7,82
2025-11-07,SKU00648,73,0,7,51
2025-11-07,SKU00678,270,0,7,98
2025-11-07,SKU00708,85,0,7,37
2025-11-07,SKU00713,93,0,7,65
2025-11-07,SKU00745,99,0,7,37
2025-11-07,SKU00818,49,0,7,42
2025-11-07,SKU00824,95,0,7,49
2025-11-07,SKU00848,149,0,7,69
2025-11-07,SKU00884,53,16,7,69
2025-11-07,SKU00921,86,0,7,81
2025-11-07,SKU00933,115,0,7,66
2025-11-07,SKU00959,51,0,7,42
2025-11-07,SKU00963,195,0,7,79
2025-11-07,SKU01003,31,31,7,62
2025-11-07,SKU01053,35,0,7,31
2025-11-07,SKU01123,11,43,7,54
2025-11-07,SKU01194,87,0,7,85
2025-11-07,SKU01203,62,0,7,21
2025-11-07,SKU01302,138,0,7,72
2025-11-07,SKU01311,78,0,7,35
2025-11-07,SKU01313,62,0,7,37
2025-11-07,SKU01320,72,1,7,73
2025-11-07,SKU01348,44,14,7,58
2025-11-07,SKU01374,37,0,7,22
2025-11-07,SKU01383,150,0,7,58
2025-11-07,SKU01393,103,0,7,72
2025-11-07,SKU01411,5,17,7,22
2025-11-07,SKU01437,176,0,7,84
2025-11-07,SKU01456,23,25,7,48
2025-11-07,SKU01469,116,0,7,60
2025-11-07,SKU01471,268,0,7,92
2025-11-07,SKU01526,67,0,7,54
2025-11-07,SKU01540,87,0,7,69
2025-11-07,SKU01596,176,0,7,87
2025-11-07,SKU01602,211,0,7,89
2025-11-07,SKU01625,53,0,7,21
2025-11-07,SKU01643,0,87,7,87
2025-11-07,SKU01734,194,0,7,77
2025-11-07,SKU01736,5,17,7,22
2025-11-07,SKU01825,18,2,7,20
2025-11-07,SKU01902,54,0,7,23
2025-11-07,SKU01905,41,8,7,49
2025-11-07,SKU01909,4,51,7,55
2025-11-07,SKU01989,107,0,7,45
2025-11-07,SKU02001,135,0,7,49
2025-11-07,SKU02010,167,0,7,62
2025-11-07,SKU02080,11,18,7,29
2025-11-07,SKU02089,112,0,7,42
2025-11-07,SKU02099,110,0,7,51
2025-11-07,SKU02115,275,0,7,95
2025-11-07,SKU02116,142,0,7,52
2025-11-07,SKU02169,66,0,7,25
2025-11-07,SKU02180,44,27,7,71
2025-11-07,SKU02191,101,0,7,48
2025-11-07,SKU02197,158,0,7,73
2025-11-07,SKU02204,49,0,7,39
2025-11-07,SKU02206,43,43,7,86
2025-11-07,SKU02271,70,7,7,77
2025-11-07,SKU02289,26,56,7,82
2025-11-07,SKU02297,50,0,7,24
2025-11-07,SKU02307,30,0,7,29
2025-11-07,SKU02433,4,64,7,68
2025-11-07,SKU02508,295,0,7,99
2025-11-07,SKU02515,22,9,7,31
2025-11-07,SKU02523,80,19,7,99
2025-11-07,SKU02544,50,7,7,57
2025-11-07,SKU02605,119,0,7,60
2025-11-07,SKU02616,91,0,7,68
2025-11-07,SKU02709,75,0,7,57
2025-11-07,SKU02789,76,0,7,54
2025-11-07,SKU02820,35,10,7,45
2025-11-07,SKU02825,85,7,7,92
2025-11-07,SKU02872,57,0,7,51
2025-11-07,SKU02927,52,0,7,30
2025-11-07,SKU02935,65,0,7,29
2025-11-07,SKU02939,18,3,7,21
2025-11-07,SKU02997,13,26,7,39
2025-11-07,SKU03001,55,0,7,50
2025-11-07,SKU03010,159,0,7,62
2025-11-07,SKU03027,43,23,7,66
2025-11-07,SKU03100,197,0,7,109
2025-11-07,SKU03186,191,0,7,126
2025-11-07,SKU03222,156,0,7,73
2025-11-07,SKU03237,86,0,7,78
2025-11-07,SKU03246,64,0,7,38
2025-11-07,SKU03249,63,16,7,79
2025-11-07,SKU03261,39,0,7,28
2025-11-07,SKU03267,151,0,7,83
2025-11-07,SKU03275,42,53,7,95
2025-11-07,SKU03391,166,0,7,80
2025-11-07,SKU03394,52,0,7,25
2025-11-07,SKU03417,111,0,7,64
2025-11-07,SKU03465,132,0,7,53
2025-11-07,SKU03466,44,38,7,82
2025-11-07,SKU03478,202,0,7,82
2025-11-07,SKU03517,166,0,7,92
2025-11-07,SKU03542,159,0,7,79
2025-11-07,SKU03550,69,10,7,79
2025-11-07,SKU03622,81,0,7,40
2025-11-07,SKU03643,153,0,7,81
2025-11-07,SKU03655,86,0,7,34
2025-11-07,SKU03663,94,0,7,87
2025-11-07,SKU03671,119,0,7,60
2025-11-07,SKU03693,173,0,7,89
2025-11-07,SKU03842,149,0,7,58
2025-11-07,SKU03961,150,0,7,76
2025-11-07,SKU03987,37,18,7,55
2025-11-07,SKU03990,32,8,7,40
2025-11-07,SKU04013,12,30,7,42
2025-11-07,SKU04024,53,0,7,42
2025-11-07,SKU04081,91,0,7,38
2025-11-07,SKU04121,116,0,7,86
2025-11-07,SKU04187,69,1,7,70
2025-11-07,SKU04234,3,86,7,89
2025-11-07,SKU04241,46,0,7,37
2025-11-07,SKU04270,159,0,7,94
2025-11-07,SKU04335,57,10,7,67
2025-11-07,SKU04417,51,0,7,50
2025-11-07,SKU04430,139,0,7,48
2025-11-07,SKU04504,77,12,7,89
2025-11-07,SKU04521,51,2,7,53
2025-11-07,SKU04522,64,0,7,49
2025-11-07,SKU04553,235,0,7,138
2025-11-07,SKU04564,9,59,7,68
2025-11-07,SKU04597,186,0,7,82
2025-11-07,SKU04604,2,86,7,88
2025-11-07,SKU04661,262,0,7,91
2025-11-07,SKU04698,33,10,7,43
2025-11-07,SKU04770,138,0,7,72
2025-11-07,SKU04820,2,79,7,81
2025-11-07,SKU04837,6,80,7,86
2025-11-07,SKU04891,9,19,7,28
2025-11-07,SKU04911,24,56,7,80
2025-11-07,SKU04929,52,0,7,34
2025-11-08,SKU00005,23,6,7,29
2025-11-08,SKU00006,281,0,7,99
2025-11-08,SKU00035,254,0,7,92
2025-11-08,SKU00086,30,57,7,87
2025-11-08,SKU00106,106,0,7,84
2025-11-08,SKU00111,173,0,7,65
2025-11-08,SKU00113,29,17,7,46
2025-11-08,SKU00220,113,0,7,38
2025-11-08,SKU00238,39,21,7,60
2025-11-08,SKU00292,21,33,7,54
2025-11-08,SKU00298,110,0,7,64
2025-11-08,SKU00321,110,0,7,54
2025-11-08,SKU00361,112,0,7,95
2025-11-08,SKU00409,30,4,7,34
2025-11-08,SKU00438,107,0,7,43
2025-11-08,SKU00488,7,20,7,27
2025-11-08,SKU00500,100,0,7,79
2025-11-08,SKU00523,137,0,7,76
2025-11-08,SKU00542,232,0,7,94
2025-11-08,SKU00606,77,18,7,95
2025-11-08,SKU00610,130,0,7,72
2025-11-08,SKU00635,127,0,7,44
2025-11-08,SKU00653,40,0,7,25
2025-11-08,SKU00683,78,0,7,45
2025-11-08,SKU00751,10,11,7,21
2025-11-08,SKU00835,5,17,7,22
2025-11-08,SKU00840,243,0,7,85
2025-11-08,SKU00845,39,25,7,64
2025-11-08,SKU00854,26,0,7,20
2025-11-08,SKU00870,66,27,7,93
2025-11-08,SKU00893,54,0,7,32
2025-11-08,SKU00951,126,0,7,83
2025-11-08,SKU01007,21,70,7,91
2025-11-08,SKU01012,39,0,7,29
2025-11-08,SKU01053,10,37,7,47
2025-11-08,SKU01057,39,0,7,28
2025-11-08,SKU01072,14,82,7,96
2025-11-08,SKU01087,9,46,7,55
2025-11-08,SKU01127,15,54,7,69
2025-11-08,SKU01156,119,0,7,89
2025-11-08,SKU01203,60,0,7,58
2025-11-08,SKU01205,139,0,7,47
2025-11-08,SKU01227,66,6,7,72
2025-11-08,SKU01246,17,81,7,98
2025-11-08,SKU01270,232,0,7,100
2025-11-08,SKU01333,161,0,7,98
2025-11-08,SKU01469,71,0,7,60
2025-11-08,SKU01481,39,2,7,41
2025-11-08,SKU01697,32,0,7,26
2025-11-08,SKU01745,90,0,7,74
2025-11-08,SKU01785,87,3,7,90
2025-11-08,SKU01819,1,60,7,61
2025-11-08,SKU01885,31,7,7,38
2025-11-08,SKU01994,187,0,7,83
2025-11-08,SKU02054,80,0,7,49
2025-11-08,SKU02071,76,0,7,75
2025-11-08,SKU02084,154,0,7,63
2025-11-08,SKU02121,31,52,7,83
2025-11-08,SKU02124,126,0,7,57
2025-11-08,SKU02145,2,55,7,57
2025-11-08,SKU02161,206,0,7,69
2025-11-08,SKU02186,92,0,7,54
2025-11-08,SKU02197,61,0,7,31
2025-11-08,SKU02207,45,0,7,39
2025-11-08,SKU02210,187,0,7,80
2025-11-08,SKU02238,88,12,7,100
2025-11-08,SKU02242,30,27,7,57
2025-11-08,SKU02332,91,0,7,57
2025-11-08,SKU02393,85,0,7,68
2025-11-08,SKU02407,18,43,7,61
2025-11-08,SKU02427,11,64,7,75
2025-11-08,SKU02435,73,0,7,31
2025-11-08,SKU02448,119,0,7,93
2025-11-08,SKU02453,12,10,7,22
2025-11-08,SKU02527,6,56,7,62
2025-11-08,SKU02564,174,0,7,71
2025-11-08,SKU02711,27,54,7,81
2025-11-08,SKU02779,52,0,7,42
2025-11-08,SKU02821,117,0,7,99
2025-11-08,SKU02886,33,2,7,35
2025-11-08,SKU02902,227,0,7,85
2025-11-08,SKU02995,159,0,7,60
2025-11-08,SKU03020,218,0,7,94
2025-11-08,SKU03027,113,0,7,51
2025-11-08,SKU03048,17,36,7,53
2025-11-08,SKU03123,247,0,7,96
2025-11-08,SKU03127,41,9,7,50
2025-11-08,SKU03190,111,0,7,49
2025-11-08,SKU03204,39,29,7,68
2025-11-08,SKU03227,10,20,7,30
2025-11-08,SKU03248,185,0,7,75
2025-11-08,SKU03279,71,0,7,32
2025-11-08,SKU03303,259,0,7,95
2025-11-08,SKU03330,93,0,7,51
2025-11-08,SKU03358,62,0,7,36
2025-11-08,SKU03378,72,0,7,41
2025-11-08,SKU03419,38,39,7,77
2025-11-08,SKU03498,263,0,7,88
2025-11-08,SKU03549,153,0,7,84
2025-11-08,SKU03561,10,58,7,68
2025-11-08,SKU03596,84,0,7,76
2025-11-08,SKU03601,192,0,7,97
2025-11-08,SKU03605,176,0,7,78
2025-11-08,SKU03632,72,5,7,77
2025-11-08,SKU03667,50,0,7,30
2025-11-08,SKU03714,88,0,7,63
2025-11-08,SKU03715,154,0,7,87
2025-11-08,SKU03738,46,11,7,57
2025-11-08,SKU03810,13,8,7,21
2025-11-08,SKU03816,41,8,7,49
2025-11-08,SKU03900,24,7,7,31
2025-11-08,SKU03904,34,0,7,28
2025-11-08,SKU03910,61,0,7,60
2025-11-08,SKU03924,92,0,7,69
2025-11-08,SKU04007,25,18,7,43
2025-11-08,SKU04017,215,0,7,74
2025-11-08,SKU04020,59,0,7,48
2025-11-08,SKU04083,191,0,7,82
2025-11-08,SKU04170,106,0,7,41
2025-11-08,SKU04189,89,0,7,87
2025-11-08,SKU04192,147,0,7,80
2025-11-08,SKU04202,69,20,7,89
2025-11-08,SKU04255,93,0,7,52
2025-11-08,SKU04284,52,7,7,59
2025-11-08,SKU04333,48,0,7,41
2025-11-08,SKU04340,158,0,7,58
2025-11-08,SKU04391,28,0,7,24
2025-11-08,SKU04394,43,0,7,28
2025-11-08,SKU04418,40,7,7,47
2025-11-08,SKU04435,149,0,7,99
2025-11-08,SKU04481,232,0,7,80
2025-11-08,SKU04601,23,21,7,44
2025-11-08,SKU04609,35,56,7,91
2025-11-08,SKU04616,78,0,7,30
2025-11-08,SKU04637,39,25,7,64
2025-11-08,SKU04683,33,34,7,67
2025-11-08,SKU04727,78,0,7,36
2025-11-08,SKU04751,76,0,7,28
2025-11-08,SKU04777,3,81,7,84
2025-11-08,SKU04874,64,0,7,35
2025-11-08,SKU04885,54,7,7,61
2025-11-08,SKU04928,34,36,7,70
2025-11-08,SKU04932,8,56,7,64
2025-11-08,SKU04946,48,0,7,36
2025-11-08,SKU04962,121,0,7,52
2025-11-08,SKU04982,92,0,7,43
2025-11-09,SKU00009,52,9,7,61
2025-11-09,SKU00018,98,0,7,64
2025-11-09,SKU00115,172,0,7,86
2025-11-09,SKU00166,28,6,7,34
2025-11-09,SKU00235,128,0,7,61
2025-11-09,SKU00244,121,0,7,70
2025-11-09,SKU00249,71,0,7,44
2025-11-09,SKU00324,29,35,7,64
2025-11-09,SKU00332,98,0,7,33
2025-11-09,SKU00389,42,5,7,47
2025-11-09,SKU00395,42,49,7,91
2025-11-09,SKU00410,24,5,7,29
2025-11-09,SKU00426,69,26,7,95
2025-11-09,SKU00430,13,68,7,81
2025-11-09,SKU00509,220,0,7,94
2025-11-09,SKU00542,21,65,7,86
2025-11-09,SKU00607,34,0,7,32
2025-11-09,SKU00704,13,21,7,34
2025-11-09,SKU00726,37,54,7,91
2025-11-09,SKU00746,37,0,7,20
2025-11-09,SKU00785,35,0,7,35
2025-11-09,SKU00787,8,74,7,82
2025-11-09,SKU00835,52,46,7,98
2025-11-09,SKU00855,75,0,7,73
2025-11-09,SKU00900,49,28,7,77
2025-11-09,SKU01029,122,0,7,44
2025-11-09,SKU01119,60,0,7,41
2025-11-09,SKU01175,189,0,7,75
2025-11-09,SKU01203,49,24,7,73
2025-11-09,SKU01206,199,0,7,92
2025-11-09,SKU01211,1,28,7,29
2025-11-09,SKU01262,190,0,7,90
2025-11-09,SKU01272,41,3,7,44
2025-11-09,SKU01273,186,0,7,91
2025-11-09,SKU01320,176,0,7,70
2025-11-09,SKU01346,6,21,7,27
2025-11-09,SKU01351,130,0,7,69
2025-11-09,SKU01376,154,0,7,83
2025-11-09,SKU01401,282,0,7,98
2025-11-09,SKU01461,18,57,7,75
2025-11-09,SKU01491,137,0,7,81
2025-11-09,SKU01666,90,0,7,62
2025-11-09,SKU01727,132,0,7,64
2025-11-09,SKU01812,8,60,7,68
2025-11-09,SKU01977,69,0,7,35
2025-11-09,SKU02010,159,0,7,75
2025-11-09,SKU02028,66,0,7,23
2025-11-09,SKU02096,55,0,7,35
2025-11-09,SKU02099,124,0,7,62
2025-11-09,SKU02270,74,0,7,62
2025-11-09,SKU02297,43,13,7,56
2025-11-09,SKU02374,211,0,7,75
2025-11-09,SKU02459,218,0,7,88
2025-11-09,SKU02492,84,0,7,74
2025-11-09,SKU02539,154,0,7,56
2025-11-09,SKU02555,151,0,7,54
2025-11-09,SKU02638,62,18,7,80
2025-11-09,SKU02688,67,0,7,36
2025-11-09,SKU02703,100,0,7,67
2025-11-09,SKU02715,179,0,7,71
2025-11-09,SKU02751,13,13,7,26
2025-11-09,SKU02754,62,0,7,22
2025-11-09,SKU02785,56,35,7,91
2025-11-09,SKU02886,33,19,7,52
2025-11-09,SKU02908,38,9,7,47
2025-11-09,SKU02937,83,0,7,47
2025-11-09,SKU03000,45,0,7,26
2025-11-09,SKU03020,116,0,7,44
2025-11-09,SKU03086,94,0,7,83
2025-11-09,SKU03133,37,40,7,77
2025-11-09,SKU03169,27,12,7,39
2025-11-09,SKU03171,21,0,7,21
2025-11-09,SKU03208,265,0,7,94
2025-11-09,SKU03298,258,0,7,88
2025-11-09,SKU03323,60,0,7,23
2025-11-09,SKU03388,91,0,7,85
2025-11-09,SKU03408,11,72,7,83
2025-11-09,SKU03447,50,0,7,40
2025-11-09,SKU03464,101,0,7,79
2025-11-09,SKU03470,22,24,7,46
2025-11-09,SKU03485,152,0,7,83
2025-11-09,SKU03498,71,0,7,45
2025-11-09,SKU03513,86,0,7,50
2025-11-09,SKU03542,35,0,7,29
2025-11-09,SKU03575,133,0,7,64
2025-11-09,SKU03591,123,0,7,69
2025-11-09,SKU03650,53,0,7,53
2025-11-09,SKU03651,112,0,7,55
2025-11-09,SKU03757,1,41,7,42
2025-11-09,SKU03759,36,50,7,86
2025-11-09,SKU03829,157,0,7,69
2025-11-09,SKU03873,170,0,7,96
2025-11-09,SKU03877,13,31,7,44
2025-11-09,SKU03890,6,26,7,32
2025-11-09,SKU03910,61,21,7,82
2025-11-09,SKU03912,60,0,7,24
2025-11-09,SKU03925,5,34,7,39
2025-11-09,SKU03927,189,0,7,88
2025-11-09,SKU03944,76,22,7,98
2025-11-09,SKU03971,46,0,7,29
2025-11-09,SKU03972,45,0,7,29
2025-11-09,SKU03980,157,0,7,73
2025-11-09,SKU04025,7,21,7,28
2025-11-09,SKU04026,215,0,7,100
2025-11-09,SKU04072,55,26,7,81
2025-11-09,SKU04251,66,0,7,44
2025-11-09,SKU04342,95,0,7,41
2025-11-09,SKU04402,34,0,7,24
2025-11-09,SKU04411,231,0,7,179
2025-11-09,SKU04417,123,0,7,48
2025-11-09,SKU04438,62,0,7,26
2025-11-09,SKU04455,43,0,7,25
2025-11-09,SKU04456,20,12,7,32
2025-11-09,SKU04461,137,0,7,96
2025-11-09,SKU04467,46,0,7,41
2025-11-09,SKU04506,132,0,7,47
2025-11-09,SKU04614,53,0,7,23
2025-11-09,SKU04623,200,0,7,73
2025-11-09,SKU04721,43,8,7,51
2025-11-09,SKU04775,94,0,7,74
2025-11-09,SKU04807,47,9,7,56
2025-11-09,SKU04841,112,0,7,80
2025-11-09,SKU04844,160,0,7,76
2025-11-09,SKU04904,39,13,7,52
2025-11-09,SKU04922,47,4,7,51
2025-11-09,SKU04940,69,0,7,43
2025-11-09,SKU04962,173,0,7,96
2025-11-09,SKU04972,144,0,7,51
2025-11-10,SKU00003,69,0,7,62
2025-11-10,SKU00031,159,0,7,58
2025-11-10,SKU00067,40,4,7,44
2025-11-10,SKU00113,201,0,7,99
2025-11-10,SKU00117,71,0,7,25
2025-11-10,SKU00119,5,17,7,22
2025-11-10,SKU00138,75,0,7,36
2025-11-10,SKU00166,139,0,7,56
2025-11-10,SKU00179,75,0,7,43
2025-11-10,SKU00195,95,0,7,95
2025-11-10,SKU00218,116,0,7,43
2025-11-10,SKU00253,11,54,7,65
2025-11-10,SKU00328,63,28,7,91
2025-11-10,SKU00337,197,0,7,91
2025-11-10,SKU00339,146,0,7,91
2025-11-10,SKU00349,9,80,7,89
2025-11-10,SKU00357,104,0,7,76
2025-11-10,SKU00361,153,0,7,95
2025-11-10,SKU00364,68,0,7,66
2025-11-10,SKU00367,304,0,7,167
2025-11-10,SKU00439,24,15,7,39
2025-11-10,SKU00444,116,0,7,39
2025-11-10,SKU00452,35,9,7,44
2025-11-10,SKU00489,9,23,7,32
2025-11-10,SKU00555,55,0,7,24
2025-11-10,SKU00566,28,41,7,69
2025-11-10,SKU00586,17,38,7,55
2025-11-10,SKU00617,107,0,7,66
2025-11-10,SKU00639,31,0,7,21
2025-11-10,SKU00643,40,42,7,82
2025-11-10,SKU00710,89,0,7,51
2025-11-10,SKU00724,78,0,7,36
2025-11-10,SKU00756,44,0,7,39
2025-11-10,SKU00773,120,0,7,87
2025-11-10,SKU00813,60,0,7,25
2025-11-10,SKU00831,17,9,7,26
2025-11-10,SKU00840,196,0,7,68
2025-11-10,SKU00848,52,0,7,25
2025-11-10,SKU00870,39,20,7,59
2025-11-10,SKU00880,48,4,7,52
2025-11-10,SKU00898,10,25,7,35
2025-11-10,SKU00916,32,9,7,41
2025-11-10,SKU01081,57,8,7,65
2025-11-10,SKU01116,71,0,7,49
2025-11-10,SKU01122,20,77,7,97
2025-11-10,SKU01124,148,0,7,87
2025-11-10,SKU01125,151,0,7,70
2025-11-10,SKU01162,132,0,7,73
2025-11-10,SKU01176,167,0,7,69
2025-11-10,SKU01185,101,0,7,94
2025-11-10,SKU01207,167,0,7,61
2025-11-10,SKU01286,96,0,7,76
2025-11-10,SKU01299,75,0,7,33
2025-11-10,SKU01320,152,0,7,54
2025-11-10,SKU01321,54,5,7,59
2025-11-10,SKU01336,56,0,7,27
2025-11-10,SKU01419,94,0,7,58
2025-11-10,SKU01434,137,0,7,97
2025-11-10,SKU01451,2,58,7,60
2025-11-10,SKU01610,52,0,7,26
2025-11-10,SKU01637,11,43,7,54
2025-11-10,SKU01657,210,0,7,95
2025-11-10,SKU01695,96,2,7,98
2025-11-10,SKU01741,138,0,7,56
2025-11-10,SKU01750,115,0,7,56
2025-11-10,SKU01794,74,14,7,88
2025-11-10,SKU01819,161,0,7,94
2025-11-10,SKU01865,166,0,7,96
2025-11-10,SKU01916,243,0,7,95
2025-11-10,SKU01920,16,69,7,85
2025-11-10,SKU01949,53,0,7,28
2025-11-10,SKU01955,126,0,7,47
2025-11-10,SKU02030,216,0,7,96
2025-11-10,SKU02048,167,0,7,83
2025-11-10,SKU02116,76,20,7,96
2025-11-10,SKU02139,207,0,7,89
2025-11-10,SKU02145,203,0,7,79
2025-11-10,SKU02189,80,0,7,59
2025-11-10,SKU02197,14,32,7,46
2025-11-10,SKU02216,39,24,7,63
2025-11-10,SKU02295,82,0,7,54
2025-11-10,SKU02300,120,0,7,60
2025-11-10,SKU02382,162,0,7,66
2025-11-10,SKU02416,87,0,7,60
2025-11-10,SKU02481,21,18,7,39
2025-11-10,SKU02509,181,0,7,85
2025-11-10,SKU02562,29,37,7,66
2025-11-10,SKU02591,34,0,7,25
2025-11-10,SKU02600,105,0,7,77
2025-11-10,SKU02625,76,6,7,82
2025-11-10,SKU02677,99,0,7,49
2025-11-10,SKU02789,73,0,7,48
2025-11-10,SKU02800,169,0,7,70
2025-11-10,SKU02890,50,0,7,34
2025-11-10,SKU02931,83,7,7,90
2025-11-10,SKU02963,13,78,7,91
2025-11-10,SKU02967,151,0,7,78
2025-11-10,SKU02971,223,0,7,88
2025-11-10,SKU02972,177,0,7,98
2025-11-10,SKU03009,119,0,7,62
2025-11-10,SKU03029,0,67,7,67
2025-11-10,SKU03066,171,0,7,73
2025-11-10,SKU03160,41,24,7,65
2025-11-10,SKU03218,57,0,7,56
2025-11-10,SKU03233,90,0,7,76
2025-11-10,SKU03314,258,0,7,100
2025-11-10,SKU03317,187,0,7,100
2025-11-10,SKU03321,135,0,7,71
2025-11-10,SKU03332,373,0,7,138
2025-11-10,SKU03334,54,0,7,42
2025-11-10,SKU03385,262,0,7,90
2025-11-10,SKU03402,89,0,7,46
2025-11-10,SKU03471,21,0,7,21
2025-11-10,SKU03506,89,0,7,34
2025-11-10,SKU03545,137,0,7,84
2025-11-10,SKU03587,42,0,7,39
2025-11-10,SKU03605,7,88,7,95
2025-11-10,SKU03606,11,10,7,21
2025-11-10,SKU03620,33,14,7,47
2025-11-10,SKU03686,191,0,7,71
2025-11-10,SKU03690,88,0,7,74
2025-11-10,SKU03692,135,0,7,59
2025-11-10,SKU03723,220,0,7,100
2025-11-10,SKU03732,188,0,7,72
2025-11-10,SKU03799,4,54,7,58
2025-11-10,SKU04169,77,0,7,39
2025-11-10,SKU04211,16,33,7,49
2025-11-10,SKU04255,121,0,7,44
2025-11-10,SKU04276,87,0,7,71
2025-11-10,SKU04284,21,19,7,40
2025-11-10,SKU04306,158,0,7,53
2025-11-10,SKU04398,188,0,7,84
2025-11-10,SKU04400,276,0,7,98
2025-11-10,SKU04457,68,0,7,26
2025-11-10,SKU04465,52,0,7,25
2025-11-10,SKU04499,202,0,7,89
2025-11-10,SKU04510,22,13,7,35
2025-11-10,SKU04560,1,50,7,51
2025-11-10,SKU04577,78,0,7,36
2025-11-10,SKU04581,259,0,7,88
2025-11-10,SKU04645,214,0,7,82
2025-11-10,SKU04667,30,4,7,34
2025-11-10,SKU04672,25,74,7,99
2025-11-10,SKU04675,7,80,7,87
2025-11-10,SKU04699,74,15,7,89
2025-11-10,SKU04709,163,0,7,87
2025-11-10,SKU04808,29,10,7,39
2025-11-10,SKU04836,59,38,7,97
2025-11-10,SKU04918,64,0,7,30
2025-11-10,SKU04986,30,10,7,40
2025-11-11,SKU00011,3,32,7,35
2025-11-11,SKU00135,11,67,7,78
2025-11-11,SKU00146,225,0,7,89
2025-11-11,SKU00298,60,39,7,99
2025-11-11,SKU00313,131,0,7,86
2025-11-11,SKU00327,85,0,7,48
2025-11-11,SKU00430,34,0,7,33
2025-11-11,SKU00434,114,0,7,54
2025-11-11,SKU00458,93,0,7,73
2025-11-11,SKU00494,42,6,7,48
2025-11-11,SKU00530,57,0,7,52
2025-11-11,SKU00593,62,32,7,94
2025-11-11,SKU00599,247,0,7,97
2025-11-11,SKU00621,103,0,7,57
2025-11-11,SKU00635,97,0,7,90
2025-11-11,SKU00657,0,29,7,29
2025-11-11,SKU00712,93,0,7,65
2025-11-11,SKU00777,14,35,7,49
2025-11-11,SKU00804,72,0,7,46
2025-11-11,SKU00806,235,0,7,80
2025-11-11,SKU00813,149,0,7,78
2025-11-11,SKU00877,14,29,7,43
2025-11-11,SKU00883,53,2,7,55
2025-11-11,SKU00925,211,0,7,86
2025-11-11,SKU00948,37,0,7,22
2025-11-11,SKU01010,13,8,7,21
2025-11-11,SKU01039,40,9,7,49
2025-11-11,SKU01054,252,0,7,87
2025-11-11,SKU01065,16,23,7,39
2025-11-11,SKU01078,44,60,7,104
2025-11-11,SKU01082,90,0,7,31
2025-11-11,SKU01209,59,0,7,33
2025-11-11,SKU01213,170,0,7,87
2025-11-11,SKU01238,85,0,7,35
2025-11-11,SKU01270,63,0,7,49
2025-11-11,SKU01276,37,31,7,68
2025-11-11,SKU01331,188,0,7,85
2025-11-11,SKU01346,50,0,7,44
2025-11-11,SKU01354,22,74,7,96
2025-11-11,SKU01389,52,23,7,75
2025-11-11,SKU01444,15,5,7,20
2025-11-11,SKU01445,186,0,7,85
2025-11-11,SKU01451,205,0,7,70
2025-11-11,SKU01512,6,39,7,45
2025-11-11,SKU01620,132,0,7,70
2025-11-11,SKU01633,157,0,7,57
2025-11-11,SKU01646,113,0,7,96
2025-11-11,SKU01665,111,0,7,59
2025-11-11,SKU01669,105,0,7,50
2025-11-11,SKU01679,211,0,7,96
2025-11-11,SKU01682,226,0,7,90
2025-11-11,SKU01693,21,51,7,72
2025-11-11,SKU01698,63,0,7,59
2025-11-11,SKU01715,128,0,7,90
2025-11-11,SKU01729,107,0,7,50
2025-11-11,SKU01797,40,0,7,25
2025-11-11,SKU01812,55,0,7,21
2025-11-11,SKU01858,98,0,7,33
2025-11-11,SKU01860,28,39,7,67
2025-11-11,SKU01885,29,23,7,52
2025-11-11,SKU01892,4,93,7,97
2025-11-11,SKU01900,230,0,7,100
2025-11-11,SKU01912,29,38,7,67
2025-11-11,SKU01940,81,0,7,30
2025-11-11,SKU01976,124,0,7,67
2025-11-11,SKU02016,39,37,7,76
2025-11-11,SKU02027,26,41,7,67
2025-11-11,SKU02050,51,47,7,98
2025-11-11,SKU02053,28,0,7,25
2025-11-11,SKU02065,48,23,7,71
2025-11-11,SKU02083,3,65,7,68
2025-11-11,SKU02091,177,0,7,83
2025-11-11,SKU02092,191,0,7,82
2025-11-11,SKU02121,19,58,7,77
2025-11-11,SKU02149,96,0,7,68
2025-11-11,SKU02169,452,0,7,163
2025-11-11,SKU02185,102,0,7,73
2025-11-11,SKU02195,190,0,7,84
2025-11-11,SKU02220,64,33,7,97
2025-11-11,SKU02264,147,0,7,78
2025-11-11,SKU02350,97,0,7,45
2025-11-11,SKU02365,263,0,7,91
2025-11-11,SKU02398,39,0,7,21
2025-11-11,SKU02427,120,0,7,71
2025-11-11,SKU02502,13,13,7,26
2025-11-11,SKU02556,173,0,7,76
2025-11-11,SKU02738,65,0,7,61
2025-11-11,SKU02748,55,0,7,26
2025-11-11,SKU02774,241,0,7,95
2025-11-11,SKU02781,18,22,7,40
2025-11-11,SKU02796,139,0,7,87
2025-11-11,SKU02819,68,11,7,79
2025-11-11,SKU02835,21,77,7,98
2025-11-11,SKU02869,21,10,7,31
2025-11-11,SKU02895,7,86,7,93
2025-11-11,SKU02927,17,9,7,26
2025-11-11,SKU02957,139,0,7,57
2025-11-11,SKU03001,47,0,7,27
2025-11-11,SKU03022,77,0,7,49
2025-11-11,SKU03049,12,33,7,45
2025-11-11,SKU03054,66,4,7,70
2025-11-11,SKU03056,27,28,7,55
2025-11-11,SKU03112,102,0,7,88
2025-11-11,SKU03122,11,80,7,91
2025-11-11,SKU03128,3,25,7,28
2025-11-11,SKU03186,7,23,7,30
2025-11-11,SKU03227,65,0,7,61
2025-11-11,SKU03234,53,0,7,23
2025-11-11,SKU03285,188,0,7,81
2025-11-11,SKU03326,15,31,7,46
2025-11-11,SKU03367,169,0,7,58
2025-11-11,SKU03373,85,0,7,29
2025-11-11,SKU03429,14,51,7,65
2025-11-11,SKU03439,93,0,7,60
2025-11-11,SKU03507,48,0,7,20
2025-11-11,SKU03616,41,2,7,43
2025-11-11,SKU03637,86,0,7,64
2025-11-11,SKU03648,21,62,7,83
2025-11-11,SKU03653,56,0,7,22
2025-11-11,SKU03665,146,0,7,50
2025-11-11,SKU03667,37,0,7,23
2025-11-11,SKU03674,23,42,7,65
2025-11-11,SKU03682,17,26,7,43
2025-11-11,SKU03710,42,2,7,44
2025-11-11,SKU03840,68,0,7,42
2025-11-11,SKU03901,74,0,7,31
2025-11-11,SKU03952,10,83,7,93
2025-11-11,SKU03953,27,0,7,27
2025-11-11,SKU03972,116,0,7,87
2025-11-11,SKU03987,13,14,7,27
2025-11-11,SKU04038,3,56,7,59
2025-11-11,SKU04044,154,0,7,66
2025-11-11,SKU04056,5,23,7,28
2025-11-11,SKU04095,225,0,7,80
2025-11-11,SKU04178,57,0,7,21
2025-11-11,SKU04193,46,0,7,30
2025-11-11,SKU04201,15,10,7,25
2025-11-11,SKU04263,119,0,7,47
2025-11-11,SKU04267,213,0,7,83
2025-11-11,SKU04285,115,0,7,46
2025-11-11,SKU04298,130,0,7,70
2025-11-11,SKU04307,82,5,7,87
2025-11-11,SKU04334,33,6,7,39
2025-11-11,SKU04416,47,42,7,89
2025-11-11,SKU04424,8,73,7,81
2025-11-11,SKU04463,26,29,7,55
2025-11-11,SKU04498,108,0,7,45
2025-11-11,SKU04507,9,16,7,25
2025-11-11,SKU04593,104,0,7,86
2025-11-11,SKU04632,25,47,7,72
2025-11-11,SKU04668,68,0,7,26
2025-11-11,SKU04786,13,55,7,68
2025-11-11,SKU04821,79,5,7,84
2025-11-11,SKU04840,156,0,7,81
2025-11-11,SKU04907,96,0,7,36
2025-11-11,SKU04920,150,0,7,59
2025-11-11,SKU04937,38,0,7,27
2025-11-11,SKU04943,26,14,7,40
2025-11-11,SKU04962,18,64,7,82
2025-11-11,SKU04995,62,0,7,27
2025-11-12,SKU00035,6,51,7,57
2025-11-12,SKU00052,20,19,7,39
2025-11-12,SKU00076,0,27,7,27
2025-11-12,SKU00142,28,52,7,80
2025-11-12,SKU00177,54,0,7,38
2025-11-12,SKU00198,156,0,7,90
2025-11-12,SKU00244,21,45,7,66
2025-11-12,SKU00252,204,0,7,85
2025-11-12,SKU00265,118,0,7,43
2025-11-12,SKU00283,45,26,7,71
2025-11-12,SKU00306,14,42,7,56
2025-11-12,SKU00315,227,0,7,90
2025-11-12,SKU00340,50,0,7,42
2025-11-12,SKU00351,85,0,7,57
2025-11-12,SKU00377,147,0,7,69
2025-11-12,SKU00391,202,0,7,68
2025-11-12,SKU00403,114,0,7,52
2025-11-12,SKU00474,11,40,7,51
2025-11-12,SKU00487,19,1,7,20
2025-11-12,SKU00527,96,0,7,51
2025-11-12,SKU00568,107,0,7,37
2025-11-12,SKU00584,53,0,7,51
2025-11-12,SKU00643,37,0,7,26
2025-11-12,SKU00715,65,0,7,32
2025-11-12,SKU00742,0,20,7,20
2025-11-12,SKU00765,208,0,7,75
2025-11-12,SKU00780,95,0,7,73
2025-11-12,SKU00850,117,0,7,83
2025-11-12,SKU00869,189,0,7,77
2025-11-12,SKU00873,69,0,7,36
2025-11-12,SKU00879,105,0,7,100
2025-11-12,SKU00884,64,0,7,23
2025-11-12,SKU01003,58,0,7,34
2025-11-12,SKU01066,123,0,7,64
2025-11-12,SKU01073,24,11,7,35
2025-11-12,SKU01077,11,54,7,65
2025-11-12,SKU01118,5,77,7,82
2025-11-12,SKU01136,102,0,7,43
2025-11-12,SKU01140,151,0,7,84
2025-11-12,SKU01155,277,0,7,100
2025-11-12,SKU01206,88,0,7,71
2025-11-12,SKU01211,37,0,7,35
2025-11-12,SKU01221,4,73,7,77
2025-11-12,SKU01259,72,0,7,61
2025-11-12,SKU01263,273,0,7,94
2025-11-12,SKU01336,123,0,7,44
2025-11-12,SKU01359,128,0,7,49
2025-11-12,SKU01362,108,0,7,77
2025-11-12,SKU01460,121,0,7,64
2025-11-12,SKU01481,92,0,7,41
2025-11-12,SKU01486,21,35,7,56
2025-11-12,SKU01498,3,46,7,49
2025-11-12,SKU01500,102,0,7,48
2025-11-12,SKU01521,6,94,7,100
2025-11-12,SKU01529,47,0,7,30
2025-11-12,SKU01601,30,0,7,21
2025-11-12,SKU01692,41,0,7,40
2025-11-12,SKU01704,252,0,7,94
2025-11-12,SKU01730,109,0,7,65
2025-11-12,SKU01732,144,0,7,78
2025-11-12,SKU01736,1,74,7,75
2025-11-12,SKU01775,38,2,7,40
2025-11-12,SKU01802,125,0,7,48
2025-11-12,SKU01850,41,23,7,64
2025-11-12,SKU01946,146,0,7,62
2025-11-12,SKU01967,122,0,7,97
2025-11-12,SKU02029,169,0,7,59
2025-11-12,SKU02040,51,28,7,79
2025-11-12,SKU02045,76,0,7,26
2025-11-12,SKU02096,6,94,7,100
2025-11-12,SKU02239,102,0,7,35
2025-11-12,SKU02337,28,37,7,65
2025-11-12,SKU02367,166,0,7,99
2025-11-12,SKU02402,248,0,7,88
2025-11-12,SKU02404,120,0,7,49
2025-11-12,SKU02488,93,0,7,57
2025-11-12,SKU02551,81,16,7,97
2025-11-12,SKU02577,26,11,7,37
2025-11-12,SKU02602,0,32,7,32
2025-11-12,SKU02606,60,0,7,53
2025-11-12,SKU02619,46,0,7,38
2025-11-12,SKU02644,105,0,7,40
2025-11-12,SKU02657,174,0,7,83
2025-11-12,SKU02683,67,9,7,76
2025-11-12,SKU02712,29,30,7,59
2025-11-12,SKU02758,44,0,7,31
2025-11-12,SKU02773,40,0,7,39
2025-11-12,SKU02853,23,12,7,35
2025-11-12,SKU02856,100,0,7,84
2025-11-12,SKU02883,100,4,7,104
2025-11-12,SKU02929,18,39,7,57
2025-11-12,SKU02963,38,42,7,80
2025-11-12,SKU02965,68,0,7,64
2025-11-12,SKU02969,66,0,7,25
2025-11-12,SKU02976,33,0,7,25
2025-11-12,SKU03009,26,21,7,47
2025-11-12,SKU03030,56,20,7,76
2025-11-12,SKU03111,22,0,7,20
2025-11-12,SKU03154,10,44,7,54
2025-11-12,SKU03155,130,0,7,56
2025-11-12,SKU03181,7,58,7,65
2025-11-12,SKU03237,78,7,7,85
2025-11-12,SKU03255,151,0,7,52
2025-11-12,SKU03297,145,0,7,56
2025-11-12,SKU03301,226,0,7,84
2025-11-12,SKU03312,155,0,7,63
2025-11-12,SKU03319,62,0,7,33
2025-11-12,SKU03561,87,0,7,37
2025-11-12,SKU03618,28,44,7,72
2025-11-12,SKU03665,159,0,7,107
2025-11-12,SKU03686,89,0,7,58
2025-11-12,SKU03717,161,0,7,62
2025-11-12,SKU03721,241,0,7,90
2025-11-12,SKU03752,44,0,7,21
2025-11-12,SKU03805,96,0,7,54
2025-11-12,SKU03846,63,35,7,98
2025-11-12,SKU03853,58,0,7,23
2025-11-12,SKU03871,78,17,7,95
2025-11-12,SKU03914,185,0,7,96
2025-11-12,SKU03977,146,0,7,56
2025-11-12,SKU04098,148,0,7,68
2025-11-12,SKU04136,10,22,7,32
2025-11-12,SKU04159,34,45,7,79
2025-11-12,SKU04174,210,0,7,93
2025-11-12,SKU04179,30,0,7,29
2025-11-12,SKU04211,46,0,7,31
2025-11-12,SKU04233,131,0,7,87
2025-11-12,SKU04373,62,0,7,25
2025-11-12,SKU04454,110,0,7,53
2025-11-12,SKU04479,220,0,7,77
2025-11-12,SKU04493,194,0,7,126
2025-11-12,SKU04509,1,61,7,62
2025-11-12,SKU04685,137,0,7,76
2025-11-12,SKU04711,166,0,7,75
2025-11-12,SKU04716,4,45,7,49
2025-11-12,SKU04728,140,0,7,49
2025-11-12,SKU04760,46,11,7,57
2025-11-12,SKU04775,86,8,7,94
2025-11-12,SKU04796,75,6,7,81
2025-11-12,SKU04809,0,22,7,22
2025-11-12,SKU04810,84,0,7,35
2025-11-12,SKU04872,41,14,7,55
2025-11-13,SKU00031,173,0,7,60
2025-11-13,SKU00067,164,0,7,96
2025-11-13,SKU00073,126,0,7,60
2025-11-13,SKU00120,131,0,7,94
2025-11-13,SKU00129,83,0,7,47
2025-11-13,SKU00181,125,0,7,100
2025-11-13,SKU00201,258,0,7,96
2025-11-13,SKU00228,166,0,7,64
2025-11-13,SKU00234,12,17,7,29
2025-11-13,SKU00272,46,0,7,30
2025-11-13,SKU00275,26,46,7,72
2025-11-13,SKU00313,32,0,7,24
2025-11-13,SKU00441,191,0,7,77
2025-11-13,SKU00478,121,0,7,49
2025-11-13,SKU00577,19,9,7,28
2025-11-13,SKU00629,6,87,7,93
2025-11-13,SKU00686,229,0,7,98
2025-11-13,SKU00727,123,0,7,50
2025-11-13,SKU00744,60,0,7,52
2025-11-13,SKU00829,34,35,7,69
2025-11-13,SKU00888,66,0,7,62
2025-11-13,SKU00909,117,0,7,48
2025-11-13,SKU00948,63,0,7,27
2025-11-13,SKU01015,52,23,7,75
2025-11-13,SKU01029,42,33,7,75
2025-11-13,SKU01048,70,0,7,25
2025-11-13,SKU01083,13,21,7,34
2025-11-13,SKU01092,150,0,7,83
2025-11-13,SKU01119,54,38,7,92
2025-11-13,SKU01145,290,0,7,98
2025-11-13,SKU01147,86,12,7,98
2025-11-13,SKU01183,39,16,7,55
2025-11-13,SKU01195,210,0,7,86
2025-11-13,SKU01204,42,0,7,26
2025-11-13,SKU01243,202,0,7,85
2025-11-13,SKU01247,180,0,7,85
2025-11-13,SKU01268,68,20,7,88
2025-11-13,SKU01282,22,36,7,58
2025-11-13,SKU01323,105,0,7,38
2025-11-13,SKU01338,63,21,7,84
2025-11-13,SKU01375,37,42,7,79
2025-11-13,SKU01389,199,0,7,96
2025-11-13,SKU01402,282,0,7,95
2025-11-13,SKU01422,72,12,7,84
2025-11-13,SKU01453,31,0,7,23
2025-11-13,SKU01569,41,0,7,39
2025-11-13,SKU01633,87,12,7,99
2025-11-13,SKU01639,181,0,7,62
2025-11-13,SKU01702,53,22,7,75
2025-11-13,SKU01725,36,0,7,25
2025-11-13,SKU01879,206,0,7,88
2025-11-13,SKU01944,159,0,7,61
2025-11-13,SKU01965,18,65,7,83
2025-11-13,SKU01974,8,26,7,34
2025-11-13,SKU01996,3,77,7,80
2025-11-13,SKU02040,23,68,7,91
2025-11-13,SKU02063,156,0,7,89
2025-11-13,SKU02067,40,0,7,27
2025-11-13,SKU02159,86,0,7,42
2025-11-13,SKU02184,45,0,7,25
2025-11-13,SKU02246,117,0,7,42
2025-11-13,SKU02296,86,0,7,32
2025-11-13,SKU02318,80,0,7,58
2025-11-13,SKU02357,277,0,7,123
2025-11-13,SKU02364,8,31,7,39
2025-11-13,SKU02382,77,0,7,33
2025-11-13,SKU02388,47,0,7,42
2025-11-13,SKU02493,67,0,7,44
2025-11-13,SKU02542,166,0,7,56
2025-11-13,SKU02603,73,0,7,50
2025-11-13,SKU02613,60,0,7,41
2025-11-13,SKU02647,137,32,7,169
2025-11-13,SKU02673,144,0,7,53
2025-11-13,SKU02724,135,0,7,49
2025-11-13,SKU02751,179,0,7,80
2025-11-13,SKU02943,62,21,7,83
2025-11-13,SKU02957,69,23,7,92
2025-11-13,SKU03003,70,0,7,35
2025-11-13,SKU03069,205,0,7,69
2025-11-13,SKU03097,125,0,7,43
2025-11-13,SKU03101,96,0,7,69
2025-11-13,SKU03111,50,0,7,36
2025-11-13,SKU03148,10,16,7,26
2025-11-13,SKU03183,47,18,7,65
2025-11-13,SKU03188,254,0,7,95
2025-11-13,SKU03201,15,11,7,26
2025-11-13,SKU03238,19,57,7,76
2025-11-13,SKU03244,2,41,7,43
2025-11-13,SKU03338,105,0,7,72
2025-11-13,SKU03353,1,29,7,30
2025-11-13,SKU03412,64,0,7,39
2025-11-13,SKU03551,95,0,7,67
2025-11-13,SKU03579,43,0,7,26
2025-11-13,SKU03591,169,0,7,88
2025-11-13,SKU03608,114,0,7,59
2025-11-13,SKU03616,105,0,7,56
2025-11-13,SKU03660,51,0,7,23
2025-11-13,SKU03678,57,4,7,61
2025-11-13,SKU03698,14,9,7,23
2025-11-13,SKU03713,28,51,7,79
2025-11-13,SKU03726,5,16,7,21
2025-11-13,SKU03732,115,0,7,86
2025-11-13,SKU03766,162,0,7,76
2025-11-13,SKU03768,54,0,7,23
2025-11-13,SKU03791,202,0,7,91
2025-11-13,SKU03816,44,0,7,35
2025-11-13,SKU03818,96,0,7,96
2025-11-13,SKU03895,13,83,7,96
2025-11-13,SKU03896,84,0,7,55
2025-11-13,SKU03898,109,0,7,77
2025-11-13,SKU03906,93,0,7,36
2025-11-13,SKU03978,189,0,7,70
2025-11-13,SKU03984,183,0,7,86
2025-11-13,SKU04002,61,35,7,96
2025-11-13,SKU04010,93,0,7,37
2025-11-13,SKU04060,26,32,7,58
2025-11-13,SKU04074,7,43,7,50
2025-11-13,SKU04104,49,0,7,38
2025-11-13,SKU04116,41,39,7,80
2025-11-13,SKU04175,30,40,7,70
2025-11-13,SKU04246,130,0,7,68
2025-11-13,SKU04254,81,0,7,43
2025-11-13,SKU04398,248,0,7,91
2025-11-13,SKU04504,6,25,7,31
2025-11-13,SKU04515,80,0,7,47
2025-11-13,SKU04543,112,0,7,69
2025-11-13,SKU04560,142,0,7,94
2025-11-13,SKU04575,24,13,7,37
2025-11-13,SKU04608,9,78,7,87
2025-11-13,SKU04699,100,0,7,34
2025-11-13,SKU04761,34,0,7,29
2025-11-13,SKU04803,268,0,7,91
2025-11-13,SKU04810,9,22,7,31
2025-11-13,SKU04814,44,0,7,20
2025-11-13,SKU04832,62,0,7,26
2025-11-13,SKU04836,117,0,7,54
2025-11-13,SKU04891,117,0,7,45
2025-11-13,SKU04892,170,0,7,82
2025-11-13,SKU04950,45,34,7,79
2025-11-13,SKU04959,91,0,7,34
2025-11-13,SKU04971,168,0,7,58
2025-11-13,SKU04978,22,74,7,96
2025-11-13,SKU04988,133,0,7,55
2025-11-13,SKU04991,103,0,7,45
2025-11-13,SKU04997,65,32,7,97
2025-11-14,SKU00026,81,0,7,51
2025-11-14,SKU00188,101,0,7,52
2025-11-14,SKU00226,27,23,7,50
2025-11-14,SKU00299,69,0,7,34
2025-11-14,SKU00311,87,0,7,53
2025-11-14,SKU00343,48,3,7,51
2025-11-14,SKU00403,67,0,7,50
2025-11-14,SKU00410,12,13,7,25
2025-11-14,SKU00476,249,0,7,87
2025-11-14,SKU00496,72,0,7,37
2025-11-14,SKU00529,127,0,7,80
2025-11-14,SKU00545,78,0,7,71
2025-11-14,SKU00603,14,14,7,28
2025-11-14,SKU00625,13,59,7,72
2025-11-14,SKU00648,138,0,7,62
2025-11-14,SKU00677,96,0,7,60
2025-11-14,SKU00700,18,50,7,68
2025-11-14,SKU00827,25,4,7,29
2025-11-14,SKU00840,91,0,7,53
2025-11-14,SKU00857,21,19,7,40
2025-11-14,SKU00859,42,0,7,26
2025-11-14,SKU00889,275,0,7,100
2025-11-14,SKU00901,153,0,7,86
2025-11-14,SKU00913,117,0,7,83
2025-11-14,SKU00944,55,0,7,39
2025-11-14,SKU00957,211,0,7,87
2025-11-14,SKU00964,49,0,7,41
2025-11-14,SKU00981,53,20,7,73
2025-11-14,SKU01102,83,0,7,35
2025-11-14,SKU01161,120,0,7,70
2025-11-14,SKU01215,254,0,7,94
2025-11-14,SKU01290,164,0,7,68
2025-11-14,SKU01297,26,0,7,21
2025-11-14,SKU01315,42,0,7,36
2025-11-14,SKU01338,81,0,7,43
2025-11-14,SKU01411,111,0,7,47
2025-11-14,SKU01412,158,0,7,93
2025-11-14,SKU01418,13,26,7,39
2025-11-14,SKU01431,171,0,7,81
2025-11-14,SKU01443,155,0,7,79
2025-11-14,SKU01468,120,0,7,97
2025-11-14,SKU01473,44,0,7,20
2025-11-14,SKU01489,56,18,7,74
2025-11-14,SKU01506,135,0,7,68
2025-11-14,SKU01516,51,0,7,26
2025-11-14,SKU01589,202,0,7,93
2025-11-14,SKU01590,230,0,7,87
2025-11-14,SKU01632,7,36,7,43
2025-11-14,SKU01638,227,0,7,89
2025-11-14,SKU01644,119,0,7,44
2025-11-14,SKU01682,103,0,7,56
2025-11-14,SKU01687,167,0,7,59
2025-11-14,SKU01691,121,0,7,43
2025-11-14,SKU01734,174,0,7,99
2025-11-14,SKU01756,114,0,7,63
2025-11-14,SKU01769,9,13,7,22
2025-11-14,SKU01802,72,6,7,78
2025-11-14,SKU01861,82,0,7,53
2025-11-14,SKU01900,35,23,7,58
2025-11-14,SKU02038,245,0,7,93
2025-11-14,SKU02040,25,19,7,44
2025-11-14,SKU02092,189,0,7,91
2025-11-14,SKU02138,132,0,7,82
2025-11-14,SKU02197,36,24,7,60
2025-11-14,SKU02203,55,0,7,41
2025-11-14,SKU02219,32,16,7,48
2025-11-14,SKU02245,3,64,7,67
2025-11-14,SKU02252,44,11,7,55
2025-11-14,SKU02268,291,0,7,98
2025-11-14,SKU02269,163,0,7,86
2025-11-14,SKU02303,57,0,7,31
2025-11-14,SKU02433,75,8,7,83
2025-11-14,SKU02440,245,0,7,93
2025-11-14,SKU02445,184,0,7,64
2025-11-14,SKU02502,140,0,7,85
2025-11-14,SKU02506,24,42,7,66
2025-11-14,SKU02612,32,53,7,85
2025-11-14,SKU02632,108,0,7,39
2025-11-14,SKU02648,115,0,7,75
2025-11-14,SKU02720,49,0,7,29
2025-11-14,SKU02815,84,0,7,58
2025-11-14,SKU02831,73,0,7,49
2025-11-14,SKU02929,82,0,7,53
2025-11-14,SKU02935,111,0,7,55
2025-11-14,SKU02977,109,0,7,65
2025-11-14,SKU03071,1,61,7,62
2025-11-14,SKU03099,7,19,7,26
2025-11-14,SKU03112,161,0,7,54
2025-11-14,SKU03117,52,0,7,36
2025-11-14,SKU03125,149,0,7,64
2025-11-14,SKU03174,117,0,7,57
2025-11-14,SKU03189,88,0,7,44
2025-11-14,SKU03204,30,18,7,48
2025-11-14,SKU03222,203,0,7,92
2025-11-14,SKU03223,176,0,7,75
2025-11-14,SKU03239,10,13,7,23
2025-11-14,SKU03302,217,0,7,93
2025-11-14,SKU03313,36,50,7,86
2025-11-14,SKU03325,73,0,7,34
2025-11-14,SKU03334,102,0,7,98
2025-11-14,SKU03348,56,18,7,74
2025-11-14,SKU03396,69,0,7,29
2025-11-14,SKU03464,2,40,7,42
2025-11-14,SKU03516,8,89,7,97
2025-11-14,SKU03564,53,0,7,52
2025-11-14,SKU03594,84,0,7,71
2025-11-14,SKU03597,210,0,7,96
2025-11-14,SKU03635,30,10,7,40
2025-11-14,SKU03650,43,16,7,59
2025-11-14,SKU03674,43,6,7,49
2025-11-14,SKU03681,22,20,7,42
2025-11-14,SKU03688,46,25,7,71
2025-11-14,SKU03787,140,0,7,54
2025-11-14,SKU03792,118,0,7,63
2025-11-14,SKU03802,73,0,7,27
2025-11-14,SKU03849,108,0,7,90
2025-11-14,SKU03854,64,0,7,32
2025-11-14,SKU03894,143,0,7,56
2025-11-14,SKU03901,126,0,7,58
2025-11-14,SKU03917,74,0,7,25
2025-11-14,SKU03976,123,0,7,46
2025-11-14,SKU03984,145,0,7,91
2025-11-14,SKU04092,113,0,7,72
2025-11-14,SKU04179,147,0,7,53
2025-11-14,SKU04189,66,0,7,24
2025-11-14,SKU04205,127,0,7,90
2025-11-14,SKU04220,69,0,7,59
2025-11-14,SKU04259,257,0,7,89
2025-11-14,SKU04277,138,0,7,66
2025-11-14,SKU04330,64,0,7,42
2025-11-14,SKU04340,176,0,7,74
2025-11-14,SKU04434,50,0,7,31
2025-11-14,SKU04451,26,1,7,27
2025-11-14,SKU04472,1,66,7,67
2025-11-14,SKU04494,39,0,7,29
2025-11-14,SKU04506,94,0,7,75
2025-11-14,SKU04563,166,0,7,79
2025-11-14,SKU04604,156,0,7,53
2025-11-14,SKU04607,92,0,7,58
2025-11-14,SKU04644,110,0,7,48
2025-11-14,SKU04680,54,0,7,22
2025-11-14,SKU04699,122,0,7,61
2025-11-14,SKU04740,13,17,7,30
2025-11-14,SKU04764,157,0,7,72
2025-11-14,SKU04787,66,4,7,70
2025-11-14,SKU04811,25,67,7,92
2025-11-14,SKU04843,141,0,7,65
2025-11-14,SKU04876,62,25,7,87
2025-11-14,SKU04914,38,0,7,20
2025-11-14,SKU04927,62,0,7,30
2025-11-14,SKU04943,87,0,7,66
2025-11-15,SKU00078,69,0,7,30
2025-11-15,SKU00115,128,0,7,72
2025-11-15,SKU00134,163,0,7,73
2025-11-15,SKU00156,120,0,7,100
2025-11-15,SKU00189,96,0,7,49
2025-11-15,SKU00234,58,0,7,32
2025-11-15,SKU00236,59,0,7,39
2025-11-15,SKU00243,53,0,7,28
2025-11-15,SKU00283,176,0,7,88
2025-11-15,SKU00302,9,70,7,79
2025-11-15,SKU00375,24,26,7,50
2025-11-15,SKU00409,107,0,7,46
2025-11-15,SKU00418,86,0,7,42
2025-11-15,SKU00446,9,12,7,21
2025-11-15,SKU00490,236,0,7,93
2025-11-15,SKU00542,179,0,7,94
2025-11-15,SKU00566,93,0,7,71
2025-11-15,SKU00599,111,0,7,64
2025-11-15,SKU00613,149,0,7,59
2025-11-15,SKU00620,68,0,7,40
2025-11-15,SKU00707,44,0,7,21
2025-11-15,SKU00708,59,0,7,48
2025-11-15,SKU00754,185,0,7,99
2025-11-15,SKU00808,4,19,7,23
2025-11-15,SKU00818,239,0,7,90
2025-11-15,SKU00870,178,0,7,70
2025-11-15,SKU00872,10,54,7,64
2025-11-15,SKU00875,133,0,7,78
2025-11-15,SKU00892,37,0,7,26
2025-11-15,SKU00899,105,0,7,37
2025-11-15,SKU00919,148,0,7,51
2025-11-15,SKU00928,36,0,7,30
2025-11-15,SKU01011,1,48,7,49
2025-11-15,SKU01023,133,0,7,77
2025-11-15,SKU01027,124,0,7,58
2025-11-15,SKU01164,165,0,7,90
2025-11-15,SKU01169,28,53,7,81
2025-11-15,SKU01188,4,16,7,20
2025-11-15,SKU01246,75,0,7,29
2025-11-15,SKU01268,203,0,7,79
2025-11-15,SKU01293,27,11,7,38
2025-11-15,SKU01298,60,0,7,42
2025-11-15,SKU01341,31,5,7,36
2025-11-15,SKU01351,65,0,7,38
2025-11-15,SKU01395,75,0,7,31
2025-11-15,SKU01416,28,0,7,20
2025-11-15,SKU01430,77,0,7,40
2025-11-15,SKU01453,52,0,7,33
2025-11-15,SKU01545,190,0,7,67
2025-11-15,SKU01575,7,77,7,84
2025-11-15,SKU01624,2,20,7,22
2025-11-15,SKU01679,59,0,7,45
2025-11-15,SKU01682,6,29,7,35
2025-11-15,SKU01776,97,0,7,59
2025-11-15,SKU01777,5,34,7,39
2025-11-15,SKU01839,34,33,7,67
2025-11-15,SKU01867,240,0,7,86
2025-11-15,SKU01887,53,0,7,28
2025-11-15,SKU01889,32,66,7,98
2025-11-15,SKU01923,196,0,7,93
2025-11-15,SKU01978,180,0,7,70
2025-11-15,SKU02000,160,0,7,70
2025-11-15,SKU02010,102,0,7,55
2025-11-15,SKU02032,290,0,7,98
2025-11-15,SKU02117,81,19,7,100
2025-11-15,SKU02210,68,0,7,45
2025-11-15,SKU02218,11,62,7,73
2025-11-15,SKU02238,19,1,7,20
2025-11-15,SKU02244,4,28,7,32
2025-11-15,SKU02341,83,0,7,29
2025-11-15,SKU02352,36,17,7,53
2025-11-15,SKU02360,152,0,7,92
2025-11-15,SKU02396,7,40,7,47
2025-11-15,SKU02416,87,0,7,41
2025-11-15,SKU02478,97,0,7,90
2025-11-15,SKU02515,92,0,7,53
2025-11-15,SKU02594,14,13,7,27
2025-11-15,SKU02606,31,0,7,30
2025-11-15,SKU02663,38,14,7,52
2025-11-15,SKU02703,123,0,7,80
2025-11-15,SKU02765,172,0,7,61
2025-11-15,SKU02766,102,0,7,39
2025-11-15,SKU02775,22,78,7,100
2025-11-15,SKU02797,162,0,7,81
2025-11-15,SKU02816,67,23,7,90
2025-11-15,SKU02842,15,22,7,37
2025-11-15,SKU02860,164,0,7,56
2025-11-15,SKU02875,68,0,7,28
2025-11-15,SKU02877,5,19,7,24
2025-11-15,SKU02880,6,35,7,41
2025-11-15,SKU02933,17,26,7,43
2025-11-15,SKU03026,126,0,7,99
2025-11-15,SKU03051,197,0,7,71
2025-11-15,SKU03066,127,0,7,63
2025-11-15,SKU03087,126,0,7,75
2025-11-15,SKU03096,104,0,7,52
2025-11-15,SKU03132,123,0,7,67
2025-11-15,SKU03248,208,0,7,100
2025-11-15,SKU03267,81,0,7,33
2025-11-15,SKU03310,234,0,7,80
2025-11-15,SKU03328,92,0,7,78
2025-11-15,SKU03370,157,0,7,91
2025-11-15,SKU03381,101,0,7,39
2025-11-15,SKU03388,11,46,7,57
2025-11-15,SKU03410,176,0,7,61
2025-11-15,SKU03453,46,0,7,23
2025-11-15,SKU03461,34,7,7,41
2025-11-15,SKU03498,33,18,7,51
2025-11-15,SKU03585,31,48,7,79
2025-11-15,SKU03596,41,5,7,46
2025-11-15,SKU03601,137,0,7,54
2025-11-15,SKU03648,41,22,7,63
2025-11-15,SKU03721,141,0,7,53
2025-11-15,SKU03756,36,0,7,24
2025-11-15,SKU03792,76,0,7,31
2025-11-15,SKU03832,28,21,7,49
2025-11-15,SKU03857,74,0,7,40
2025-11-15,SKU03899,110,0,7,46
2025-11-15,SKU03902,67,22,7,89
2025-11-15,SKU03923,75,0,7,52
2025-11-15,SKU03944,133,0,7,49
2025-11-15,SKU03986,100,0,7,41
2025-11-15,SKU04050,27,20,7,47
2025-11-15,SKU04120,18,18,7,36
2025-11-15,SKU04137,36,0,7,28
2025-11-15,SKU04173,34,0,7,24
2025-11-15,SKU04175,21,19,7,40
2025-11-15,SKU04203,129,0,7,83
2025-11-15,SKU04216,156,0,7,55
2025-11-15,SKU04298,59,0,7,21
2025-11-15,SKU04313,4,50,7,54
2025-11-15,SKU04338,119,0,7,54
2025-11-15,SKU04357,50,0,7,23
2025-11-15,SKU04396,177,0,7,83
2025-11-15,SKU04509,158,0,7,85
2025-11-15,SKU04550,18,49,7,67
2025-11-15,SKU04560,228,0,7,90
2025-11-15,SKU04582,54,42,7,96
2025-11-15,SKU04587,17,10,7,27
2025-11-15,SKU04609,24,0,7,22
2025-11-15,SKU04628,166,0,7,100
2025-11-15,SKU04732,25,19,7,44
2025-11-15,SKU04733,132,0,7,55
2025-11-15,SKU04743,121,0,7,53
2025-11-15,SKU04791,35,54,7,89
2025-11-15,SKU04792,231,0,7,79
2025-11-15,SKU04816,58,0,7,30
2025-11-15,SKU04845,79,0,7,51
2025-11-15,SKU04846,66,0,7,39
2025-11-15,SKU04865,112,0,7,79
2025-11-15,SKU04942,213,0,7,86
2025-11-15,SKU04986,10,10,7,20
2025-11-16,SKU00086,126,0,7,59
2025-11-16,SKU00141,36,18,7,54
2025-11-16,SKU00191,50,0,7,35
2025-11-16,SKU00198,3,31,7,34
2025-11-16,SKU00200,188,0,7,69
2025-11-16,SKU00202,62,0,7,35
2025-11-16,SKU00218,140,0,7,86
2025-11-16,SKU00233,75,46,7,121
2025-11-16,SKU00247,152,0,7,77
2025-11-16,SKU00253,76,0,7,64
2025-11-16,SKU00255,15,70,7,85
2025-11-16,SKU00264,223,0,7,75
2025-11-16,SKU00267,127,0,7,56
2025-11-16,SKU00273,107,0,7,44
2025-11-16,SKU00374,16,5,7,21
2025-11-16,SKU00377,281,0,7,94
2025-11-16,SKU00394,70,0,7,51
2025-11-16,SKU00460,125,0,7,100
2025-11-16,SKU00493,225,0,7,92
2025-11-16,SKU00568,54,0,7,31
2025-11-16,SKU00581,119,0,7,86
2025-11-16,SKU00629,62,0,7,55
2025-11-16,SKU00630,87,0,7,45
2025-11-16,SKU00633,265,0,7,97
2025-11-16,SKU00643,22,52,7,74
2025-11-16,SKU00704,37,2,7,39
2025-11-16,SKU00710,183,0,7,74
2025-11-16,SKU00777,78,0,7,44
2025-11-16,SKU00785,94,0,7,44
2025-11-16,SKU00796,3,85,7,88
2025-11-16,SKU00803,45,8,7,53
2025-11-16,SKU00810,49,0,7,45
2025-11-16,SKU00831,10,30,7,40
2025-11-16,SKU00843,65,2,7,67
2025-11-16,SKU00853,128,0,7,46
2025-11-16,SKU00916,70,13,7,83
2025-11-16,SKU00940,192,0,7,92
2025-11-16,SKU01057,46,0,7,23
2025-11-16,SKU01140,189,0,7,96
2025-11-16,SKU01147,12,12,7,24
2025-11-16,SKU01150,3,31,7,34
2025-11-16,SKU01156,71,2,7,73
2025-11-16,SKU01164,138,0,7,97
2025-11-16,SKU01222,141,0,7,50
2025-11-16,SKU01257,54,17,7,71
2025-11-16,SKU01281,84,0,7,61
2025-11-16,SKU01284,81,0,7,64
2025-11-16,SKU01321,82,0,7,55
2025-11-16,SKU01349,64,1,7,65
2025-11-16,SKU01366,35,45,7,80
2025-11-16,SKU01387,37,0,7,22
2025-11-16,SKU01437,124,0,7,54
2025-11-16,SKU01504,22,29,7,51
2025-11-16,SKU01540,114,0,7,39
2025-11-16,SKU01621,185,0,7,100
2025-11-16,SKU01729,96,0,7,44
2025-11-16,SKU01764,243,0,7,85
2025-11-16,SKU01783,28,0,7,21
2025-11-16,SKU01817,137,0,7,56
2025-11-16,SKU01895,284,0,7,96
2025-11-16,SKU01902,11,51,7,62
2025-11-16,SKU02029,7,14,7,21
2025-11-16,SKU02055,75,0,7,49
2025-11-16,SKU02090,15,14,7,29
2025-11-16,SKU02093,212,0,7,85
2025-11-16,SKU02118,1,32,7,33
2025-11-16,SKU02120,8,88,7,96
2025-11-16,SKU02147,6,46,7,52
2025-11-16,SKU02156,43,30,7,73
2025-11-16,SKU02169,60,0,7,36
2025-11-16,SKU02190,156,0,7,84
2025-11-16,SKU02207,4,24,7,28
2025-11-16,SKU02234,74,1,7,75
2025-11-16,SKU02238,45,0,7,41
2025-11-16,SKU02324,8,15,7,23
2025-11-16,SKU02365,248,0,7,84
2025-11-16,SKU02433,46,33,7,79
2025-11-16,SKU02454,77,1,7,78
2025-11-16,SKU02455,225,0,7,76
2025-11-16,SKU02497,18,2,7,20
2025-11-16,SKU02512,195,0,7,77
2025-11-16,SKU02540,20,21,7,41
2025-11-16,SKU02556,123,0,7,50
2025-11-16,SKU02581,73,0,7,41
2025-11-16,SKU02635,152,0,7,84
2025-11-16,SKU02636,36,19,7,55
2025-11-16,SKU02664,40,31,7,71
2025-11-16,SKU02680,44,48,7,92
2025-11-16,SKU02702,64,0,7,54
2025-11-16,SKU02719,69,9,7,78
2025-11-16,SKU02726,169,0,7,94
2025-11-16,SKU02777,31,6,7,37
2025-11-16,SKU02802,178,0,7,93
2025-11-16,SKU02808,118,0,7,66
2025-11-16,SKU02977,38,11,7,49
2025-11-16,SKU02990,63,0,7,62
2025-11-16,SKU03062,112,0,7,78
2025-11-16,SKU03077,12,8,7,20
2025-11-16,SKU03299,5,19,7,24
2025-11-16,SKU03373,19,12,7,31
2025-11-16,SKU03456,247,0,7,88
2025-11-16,SKU03494,149,0,7,65
2025-11-16,SKU03533,13,40,7,53
2025-11-16,SKU03536,21,29,7,50
2025-11-16,SKU03544,248,0,7,88
2025-11-16,SKU03719,38,54,7,92
2025-11-16,SKU03757,127,0,7,47
2025-11-16,SKU03764,123,0,7,58
2025-11-16,SKU03777,102,0,7,89
2025-11-16,SKU03814,193,0,7,73
2025-11-16,SKU03830,36,0,7,28
2025-11-16,SKU03847,22,0,7,21
2025-11-16,SKU03972,114,0,7,43
2025-11-16,SKU04038,7,66,7,73
2025-11-16,SKU04078,148,0,7,85
2025-11-16,SKU04109,28,1,7,29
2025-11-16,SKU04116,59,0,7,31
2025-11-16,SKU04121,2,27,7,29
2025-11-16,SKU04122,190,0,7,87
2025-11-16,SKU04177,28,3,7,31
2025-11-16,SKU04180,46,54,7,100
2025-11-16,SKU04254,198,0,7,115
2025-11-16,SKU04300,35,1,7,36
2025-11-16,SKU04313,112,0,7,75
2025-11-16,SKU04340,77,0,7,70
2025-11-16,SKU04378,64,0,7,40
2025-11-16,SKU04391,67,0,7,23
2025-11-16,SKU04455,271,0,7,98
2025-11-16,SKU04463,28,56,7,84
2025-11-16,SKU04472,192,0,7,112
2025-11-16,SKU04511,214,0,7,115
2025-11-16,SKU04521,213,0,7,174
2025-11-16,SKU04538,81,0,7,28
2025-11-16,SKU04551,93,0,7,62
2025-11-16,SKU04591,59,0,7,47
2025-11-16,SKU04607,22,34,7,56
2025-11-16,SKU04750,2,74,7,76
2025-11-16,SKU04759,15,33,7,48
2025-11-16,SKU04778,91,0,7,51
2025-11-16,SKU04808,90,0,7,60
2025-11-16,SKU04851,44,0,7,33
2025-11-16,SKU04885,128,0,7,114
2025-11-16,SKU04889,127,0,7,54
2025-11-16,SKU04953,56,6,7,62
2025-11-16,SKU04965,1,21,7,22
2025-11-17,SKU00027,200,0,7,84
2025-11-17,SKU00028,45,0,7,44
2025-11-17,SKU00031,29,0,7,28
2025-11-17,SKU00047,116,0,7,40
2025-11-17,SKU00061,216,0,7,93
2025-11-17,SKU00092,10,21,7,31
2025-11-17,SKU00106,67,0,7,66
2025-11-17,SKU00111,237,0,7,99
2025-11-17,SKU00133,182,0,7,61
2025-11-17,SKU00137,156,0,7,68
2025-11-17,SKU00157,161,0,7,82
2025-11-17,SKU00184,96,0,7,33
2025-11-17,SKU00202,41,0,7,33
2025-11-17,SKU00225,22,26,7,48
2025-11-17,SKU00245,50,17,7,67
2025-11-17,SKU00248,77,0,7,42
2025-11-17,SKU00306,56,26,7,82
2025-11-17,SKU00324,147,0,7,62
2025-11-17,SKU00327,62,0,7,39
2025-11-17,SKU00351,12,9,7,21
2025-11-17,SKU00360,4,48,7,52
2025-11-17,SKU00375,24,64,7,88
2025-11-17,SKU00418,89,0,7,43
2025-11-17,SKU00477,59,0,7,23
2025-11-17,SKU00493,213,0,7,76
2025-11-17,SKU00543,212,0,7,85
2025-11-17,SKU00556,109,0,7,92
2025-11-17,SKU00590,112,0,7,57
2025-11-17,SKU00611,35,51,7,86
2025-11-17,SKU00619,285,0,7,99
2025-11-17,SKU00633,37,40,7,77
2025-11-17,SKU00635,135,0,7,48
2025-11-17,SKU00639,52,0,7,50
2025-11-17,SKU00697,17,18,7,35
2025-11-17,SKU00760,41,0,7,21
2025-11-17,SKU00785,125,0,7,100
2025-11-17,SKU00827,99,0,7,37
2025-11-17,SKU00852,185,0,7,79
2025-11-17,SKU00883,33,0,7,25
2025-11-17,SKU00900,225,0,7,79
2025-11-17,SKU00912,114,0,7,50
2025-11-17,SKU00945,18,2,7,20
2025-11-17,SKU01031,66,0,7,59
2025-11-17,SKU01041,23,26,7,49
2025-11-17,SKU01071,155,0,7,100
2025-11-17,SKU01078,185,0,7,90
2025-11-17,SKU01144,41,0,7,36
2025-11-17,SKU01201,128,0,7,58
2025-11-17,SKU01280,271,0,7,169
2025-11-17,SKU01323,150,0,7,65
2025-11-17,SKU01359,30,8,7,38
2025-11-17,SKU01387,129,0,7,59
2025-11-17,SKU01403,58,0,7,20
2025-11-17,SKU01416,6,51,7,57
2025-11-17,SKU01430,82,0,7,41
2025-11-17,SKU01508,138,0,7,48
2025-11-17,SKU01532,28,0,7,24
2025-11-17,SKU01575,138,0,7,61
2025-11-17,SKU01596,12,29,7,41
2025-11-17,SKU01600,49,2,7,51
2025-11-17,SKU01621,101,0,7,34
2025-11-17,SKU01634,175,0,7,78
2025-11-17,SKU01644,8,59,7,67
2025-11-17,SKU01652,34,25,7,59
2025-11-17,SKU01659,131,0,7,53
2025-11-17,SKU01724,91,0,7,34
2025-11-17,SKU01731,102,0,7,50
2025-11-17,SKU01778,91,0,7,74
2025-11-17,SKU01832,232,0,7,79
2025-11-17,SKU01900,174,0,7,66
2025-11-17,SKU01927,21,1,7,22
2025-11-17,SKU01994,106,0,7,57
2025-11-17,SKU02001,158,0,7,75
2025-11-17,SKU02034,3,18,7,21
2025-11-17,SKU02082,47,10,7,57
2025-11-17,SKU02087,116,0,7,71
2025-11-17,SKU02130,71,0,7,57
2025-11-17,SKU02156,93,0,7,43
2025-11-17,SKU02177,163,0,7,70
2025-11-17,SKU02213,160,0,7,81
2025-11-17,SKU02234,182,0,7,70
2025-11-17,SKU02345,122,0,7,81
2025-11-17,SKU02364,38,6,7,44
2025-11-17,SKU02371,76,7,7,83
2025-11-17,SKU02404,34,9,7,43
2025-11-17,SKU02427,110,0,7,81
2025-11-17,SKU02479,29,71,7,100
2025-11-17,SKU02511,133,0,7,71
2025-11-17,SKU02578,82,0,7,32
2025-11-17,SKU02609,69,0,7,30
2025-11-17,SKU02619,100,0,7,75
2025-11-17,SKU02624,125,0,7,73
2025-11-17,SKU02746,146,0,7,51
2025-11-17,SKU02753,245,0,7,83
2025-11-17,SKU02782,5,75,7,80
2025-11-17,SKU02831,57,0,7,20
2025-11-17,SKU02832,128,0,7,81
2025-11-17,SKU02884,159,0,7,91
2025-11-17,SKU02891,145,0,7,52
2025-11-17,SKU02987,262,0,7,128
2025-11-17,SKU03065,24,65,7,89
2025-11-17,SKU03077,44,0,7,27
2025-11-17,SKU03094,12,41,7,53
2025-11-17,SKU03144,74,0,7,50
2025-11-17,SKU03154,18,41,7,59
2025-11-17,SKU03201,13,12,7,25
2025-11-17,SKU03250,146,0,7,76
2025-11-17,SKU03271,9,15,7,24
2025-11-17,SKU03297,56,0,7,40
2025-11-17,SKU03383,267,0,7,131
2025-11-17,SKU03402,112,0,7,61
2025-11-17,SKU03433,25,41,7,66
2025-11-17,SKU03447,88,0,7,32
2025-11-17,SKU03452,48,0,7,32
2025-11-17,SKU03461,17,11,7,28
2025-11-17,SKU03475,253,0,7,86
2025-11-17,SKU03481,36,37,7,73
2025-11-17,SKU03507,41,0,7,38
2025-11-17,SKU03529,24,5,7,29
2025-11-17,SKU03652,183,0,7,63
2025-11-17,SKU03699,12,15,7,27
2025-11-17,SKU03711,121,0,7,77
2025-11-17,SKU03712,25,2,7,27
2025-11-17,SKU03723,15,76,7,91
2025-11-17,SKU03816,40,0,7,24
2025-11-17,SKU03845,177,0,7,76
2025-11-17,SKU03917,23,45,7,68
2025-11-17,SKU03933,19,6,7,25
2025-11-17,SKU04040,30,0,7,30
2025-11-17,SKU04078,14,6,7,20
2025-11-17,SKU04087,10,26,7,36
2025-11-17,SKU04111,104,0,7,50
2025-11-17,SKU04158,36,61,7,97
2025-11-17,SKU04170,20,14,7,34
2025-11-17,SKU04172,145,0,7,86
2025-11-17,SKU04178,30,27,7,57
2025-11-17,SKU04192,200,0,7,97
2025-11-17,SKU04204,36,0,7,21
2025-11-17,SKU04333,92,0,7,74
2025-11-17,SKU04427,31,0,7,22
2025-11-17,SKU04434,0,43,7,43
2025-11-17,SKU04482,15,57,7,72
2025-11-17,SKU04486,57,12,7,69
2025-11-17,SKU04492,24,46,7,70
2025-11-17,SKU04506,105,0,7,39
2025-11-17,SKU04560,47,0,7,44
2025-11-17,SKU04615,27,0,7,26
2025-11-17,SKU04677,293,0,7,98
2025-11-17,SKU04694,85,0,7,35
2025-11-17,SKU04746,101,0,7,81
2025-11-17,SKU04750,66,0,7,23
2025-11-17,SKU04772,117,0,7,93
2025-11-17,SKU04792,190,0,7,71
2025-11-17,SKU04819,59,0,7,28
2025-11-17,SKU04859,152,0,7,73
2025-11-17,SKU04923,109,0,7,50
2025-11-18,SKU00016,79,0,7,30
2025-11-18,SKU00039,42,0,7,25
2025-11-18,SKU00048,114,0,7,83
2025-11-18,SKU00062,228,0,7,97
2025-11-18,SKU00093,104,0,7,91
2025-11-18,SKU00123,208,0,7,94
2025-11-18,SKU00192,116,0,7,47
2025-11-18,SKU00266,28,0,7,26
2025-11-18,SKU00283,108,0,7,62
2025-11-18,SKU00289,133,0,7,77
2025-11-18,SKU00315,72,0,7,29
2025-11-18,SKU00336,200,0,7,98
2025-11-18,SKU00364,197,0,7,70
2025-11-18,SKU00366,23,3,7,26
2025-11-18,SKU00407,181,0,7,98
2025-11-18,SKU00410,28,66,7,94
2025-11-18,SKU00457,9,61,7,70
2025-11-18,SKU00511,24,22,7,46
2025-11-18,SKU00545,127,0,7,64
2025-11-18,SKU00634,208,0,7,85
2025-11-18,SKU00669,115,0,7,69
2025-11-18,SKU00685,74,0,7,50
2025-11-18,SKU00710,113,0,7,88
2025-11-18,SKU00742,118,0,7,57
2025-11-18,SKU00768,201,0,7,125
2025-11-18,SKU00787,122,0,7,90
2025-11-18,SKU00804,39,57,7,96
2025-11-18,SKU00909,147,0,7,63
2025-11-18,SKU00930,22,25,7,47
2025-11-18,SKU00937,42,52,7,94
2025-11-18,SKU00938,68,0,7,39
2025-11-18,SKU00939,227,0,7,84
2025-11-18,SKU00951,65,6,7,71
2025-11-18,SKU00971,51,17,7,68
2025-11-18,SKU00979,26,33,7,59
2025-11-18,SKU01004,39,59,7,98
2025-11-18,SKU01025,112,0,7,38
2025-11-18,SKU01146,117,0,7,47
2025-11-18,SKU01160,50,0,7,21
2025-11-18,SKU01220,212,0,7,74
2025-11-18,SKU01223,61,0,7,25
2025-11-18,SKU01319,54,42,7,96
2025-11-18,SKU01342,86,0,7,51
2025-11-18,SKU01360,75,16,7,91
2025-11-18,SKU01403,18,80,7,98
2025-11-18,SKU01439,67,0,7,27
2025-11-18,SKU01446,78,11,7,89
2025-11-18,SKU01456,52,0,7,23
2025-11-18,SKU01501,123,0,7,62
2025-11-18,SKU01514,264,0,7,90
2025-11-18,SKU01554,69,0,7,56
2025-11-18,SKU01581,42,22,7,64
2025-11-18,SKU01599,223,0,7,84
2025-11-18,SKU01611,181,0,7,61
2025-11-18,SKU01613,5,52,7,57
2025-11-18,SKU01619,50,32,7,82
2025-11-18,SKU01624,238,0,7,85
2025-11-18,SKU01642,26,20,7,46
2025-11-18,SKU01657,53,0,7,51
2025-11-18,SKU01718,35,28,7,63
2025-11-18,SKU01735,145,0,7,51
2025-11-18,SKU01746,119,0,7,45
2025-11-18,SKU01760,101,0,7,88
2025-11-18,SKU01782,169,0,7,99
2025-11-18,SKU01786,118,0,7,54
2025-11-18,SKU01883,193,0,7,94
2025-11-18,SKU01885,46,0,7,39
2025-11-18,SKU01896,93,0,7,41
2025-11-18,SKU01909,25,0,7,23
2025-11-18,SKU01916,81,0,7,65
2025-11-18,SKU01922,62,0,7,26
2025-11-18,SKU01923,207,0,7,99
2025-11-18,SKU01944,123,0,7,58
2025-11-18,SKU01974,56,0,7,41
2025-11-18,SKU01990,44,0,7,35
2025-11-18,SKU01995,139,0,7,53
2025-11-18,SKU02011,63,0,7,53
2025-11-18,SKU02048,163,0,7,57
2025-11-18,SKU02073,4,78,7,82
2025-11-18,SKU02111,35,27,7,62
2025-11-18,SKU02148,123,0,7,72
2025-11-18,SKU02219,8,17,7,25
2025-11-18,SKU02261,76,0,7,30
2025-11-18,SKU02270,13,37,7,50
2025-11-18,SKU02283,117,0,7,87
2025-11-18,SKU02352,182,0,7,61
2025-11-18,SKU02407,113,0,7,60
2025-11-18,SKU02419,29,0,7,29
2025-11-18,SKU02422,151,0,7,55
2025-11-18,SKU02508,158,0,7,93
2025-11-18,SKU02522,50,0,7,47
2025-11-18,SKU02598,31,51,7,82
2025-11-18,SKU02638,86,0,7,39
2025-11-18,SKU02649,26,2,7,28
2025-11-18,SKU02681,49,0,7,43
2025-11-18,SKU02799,210,0,7,90
2025-11-18,SKU02809,167,0,7,89
2025-11-18,SKU02896,17,66,7,83
2025-11-18,SKU02948,93,0,7,93
2025-11-18,SKU02986,199,0,7,67
2025-11-18,SKU02994,80,0,7,74
2025-11-18,SKU03022,290,0,7,98
2025-11-18,SKU03029,238,0,7,88
2025-11-18,SKU03082,210,0,7,83
2025-11-18,SKU03099,160,0,7,69
2025-11-18,SKU03114,50,0,7,45
2025-11-18,SKU03206,27,0,7,25
2025-11-18,SKU03215,196,0,7,91
2025-11-18,SKU03218,30,26,7,56
2025-11-18,SKU03268,109,0,7,56
2025-11-18,SKU03308,122,0,7,48
2025-11-18,SKU03434,46,33,7,79
2025-11-18,SKU03489,29,44,7,73
2025-11-18,SKU03496,7,18,7,25
2025-11-18,SKU03534,27,59,7,86
2025-11-18,SKU03563,44,0,7,37
2025-11-18,SKU03591,51,0,7,35
2025-11-18,SKU03678,70,0,7,26
2025-11-18,SKU03690,41,2,7,43
2025-11-18,SKU03698,259,0,7,92
2025-11-18,SKU03811,109,0,7,53
2025-11-18,SKU03819,132,0,7,79
2025-11-18,SKU03820,47,0,7,31
2025-11-18,SKU03888,128,0,7,78
2025-11-18,SKU03915,95,0,7,70
2025-11-18,SKU03966,109,0,7,59
2025-11-18,SKU03967,152,0,7,53
2025-11-18,SKU04001,70,0,7,67
2025-11-18,SKU04002,214,0,7,99
2025-11-18,SKU04116,91,0,7,53
2025-11-18,SKU04125,14,80,7,94
2025-11-18,SKU04178,91,0,7,44
2025-11-18,SKU04180,107,0,7,58
2025-11-18,SKU04199,57,0,7,30
2025-11-18,SKU04202,46,0,7,28
2025-11-18,SKU04207,97,0,7,84
2025-11-18,SKU04256,22,27,7,49
2025-11-18,SKU04289,26,22,7,48
2025-11-18,SKU04299,171,0,7,88
2025-11-18,SKU04307,2,59,7,61
2025-11-18,SKU04324,3,24,7,27
2025-11-18,SKU04408,16,8,7,24
2025-11-18,SKU04439,35,17,7,52
2025-11-18,SKU04469,15,59,7,74
2025-11-18,SKU04500,35,2,7,37
2025-11-18,SKU04511,164,0,7,67
2025-11-18,SKU04523,245,0,7,90
2025-11-18,SKU04569,210,0,7,75
2025-11-18,SKU04703,2,52,7,54
2025-11-18,SKU04743,38,26,7,64
2025-11-18,SKU04773,7,18,7,25
2025-11-18,SKU04794,281,0,7,96
2025-11-18,SKU04805,75,0,7,34
2025-11-18,SKU04815,196,0,7,97
2025-11-18,SKU04836,68,13,7,81
2025-11-18,SKU04968,60,0,7,38
2025-11-18,SKU04974,104,0,7,57
2025-11-19,SKU00095,98,0,7,77
2025-11-19,SKU00114,79,2,7,81
2025-11-19,SKU00213,77,0,7,33
2025-11-19,SKU00215,18,67,7,85
2025-11-19,SKU00256,114,0,7,70
2025-11-19,SKU00277,3,63,7,66
2025-11-19,SKU00287,73,0,7,27
2025-11-19,SKU00296,230,0,7,77
2025-11-19,SKU00313,128,0,7,93
2025-11-19,SKU00316,161,0,7,54
2025-11-19,SKU00318,185,0,7,79
2025-11-19,SKU00333,123,0,7,61
2025-11-19,SKU00405,10,44,7,54
2025-11-19,SKU00426,23,43,7,66
2025-11-19,SKU00457,30,30,7,60
2025-11-19,SKU00493,117,0,7,69
2025-11-19,SKU00527,137,0,7,85
2025-11-19,SKU00577,179,0,7,64
2025-11-19,SKU00681,6,41,7,47
2025-11-19,SKU00722,17,10,7,27
2025-11-19,SKU00729,59,40,7,99
2025-11-19,SKU00736,25,1,7,26
2025-11-19,SKU00755,138,0,7,66
2025-11-19,SKU00786,31,59,7,90
2025-11-19,SKU00854,208,0,7,77
2025-11-19,SKU00892,5,18,7,23
2025-11-19,SKU00925,18,38,7,56
2025-11-19,SKU00990,108,0,7,93
2025-11-19,SKU01008,118,0,7,72
2025-11-19,SKU01100,128,0,7,97
2025-11-19,SKU01117,194,0,7,93
2025-11-19,SKU01175,71,2,7,73
2025-11-19,SKU01202,100,0,7,78
2025-11-19,SKU01265,99,0,7,86
2025-11-19,SKU01266,39,25,7,64
2025-11-19,SKU01293,63,0,7,41
2025-11-19,SKU01302,60,36,7,96
2025-11-19,SKU01401,90,0,7,54
2025-11-19,SKU01429,5,26,7,31
2025-11-19,SKU01440,18,24,7,42
2025-11-19,SKU01476,121,0,7,43
2025-11-19,SKU01512,299,0,7,100
2025-11-19,SKU01514,48,4,7,52
2025-11-19,SKU01518,75,45,7,120
2025-11-19,SKU01520,12,8,7,20
2025-11-19,SKU01528,105,0,7,70
2025-11-19,SKU01609,156,0,7,69
2025-11-19,SKU01613,4,17,7,21
2025-11-19,SKU01635,143,0,7,86
2025-11-19,SKU01657,19,8,7,27
2025-11-19,SKU01670,110,0,7,97
2025-11-19,SKU01726,108,0,7,37
2025-11-19,SKU01728,3,20,7,23
2025-11-19,SKU01772,118,0,7,63
2025-11-19,SKU01804,49,0,7,24
2025-11-19,SKU01808,135,0,7,68
2025-11-19,SKU01876,34,0,7,30
2025-11-19,SKU01899,70,0,7,52
2025-11-19,SKU01909,47,0,7,41
2025-11-19,SKU02071,45,39,7,84
2025-11-19,SKU02074,82,0,7,62
2025-11-19,SKU02090,168,0,7,97
2025-11-19,SKU02122,15,21,7,36
2025-11-19,SKU02131,173,0,7,84
2025-11-19,SKU02171,194,0,7,78
2025-11-19,SKU02244,44,16,7,60
2025-11-19,SKU02262,134,0,7,53
2025-11-19,SKU02282,25,14,7,39
2025-11-19,SKU02289,4,53,7,57
2025-11-19,SKU02295,101,0,7,41
2025-11-19,SKU02325,213,0,7,90
2025-11-19,SKU02356,345,0,7,162
2025-11-19,SKU02391,137,0,7,75
2025-11-19,SKU02439,27,5,7,32
2025-11-19,SKU02466,127,0,7,56
2025-11-19,SKU02508,45,45,7,90
2025-11-19,SKU02510,236,0,7,82
2025-11-19,SKU02512,35,19,7,54
2025-11-19,SKU02554,16,30,7,46
2025-11-19,SKU02618,112,0,7,75
2025-11-19,SKU02629,86,10,7,96
2025-11-19,SKU02688,40,14,7,54
2025-11-19,SKU02689,31,0,7,27
2025-11-19,SKU02709,177,0,7,89
2025-11-19,SKU02736,44,3,7,47
2025-11-19,SKU02805,41,0,7,34
2025-11-19,SKU02827,71,0,7,39
2025-11-19,SKU02861,193,0,7,78
2025-11-19,SKU02905,115,0,7,87
2025-11-19,SKU02940,103,0,7,49
2025-11-19,SKU02959,5,20,7,25
2025-11-19,SKU02996,13,34,7,47
2025-11-19,SKU03009,225,0,7,78
2025-11-19,SKU03063,4,40,7,44
2025-11-19,SKU03085,30,0,7,26
2025-11-19,SKU03125,1,46,7,47
2025-11-19,SKU03255,1,24,7,25
2025-11-19,SKU03275,92,0,7,31
2025-11-19,SKU03327,77,0,7,47
2025-11-19,SKU03361,31,14,7,45
2025-11-19,SKU03369,31,7,7,38
2025-11-19,SKU03385,141,0,7,100
2025-11-19,SKU03390,139,0,7,56
2025-11-19,SKU03421,70,0,7,68
2025-11-19,SKU03432,15,65,7,80
2025-11-19,SKU03435,51,0,7,21
2025-11-19,SKU03444,231,0,7,92
2025-11-19,SKU03483,125,0,7,77
2025-11-19,SKU03614,8,30,7,38
2025-11-19,SKU03616,13,9,7,22
2025-11-19,SKU03617,98,0,7,53
2025-11-19,SKU03637,102,0,7,69
2025-11-19,SKU03677,174,0,7,97
2025-11-19,SKU03755,80,0,7,30
2025-11-19,SKU03813,210,0,7,77
2025-11-19,SKU03835,22,10,7,32
2025-11-19,SKU03838,255,0,7,92
2025-11-19,SKU03880,30,0,7,20
2025-11-19,SKU03883,50,39,7,89
2025-11-19,SKU03929,164,0,7,98
2025-11-19,SKU03944,110,0,7,53
2025-11-19,SKU04005,44,0,7,37
2025-11-19,SKU04009,200,0,7,96
2025-11-19,SKU04015,135,0,7,82
2025-11-19,SKU04017,46,33,7,79
2025-11-19,SKU04028,1,29,7,30
2025-11-19,SKU04066,191,0,7,65
2025-11-19,SKU04092,197,0,7,96
2025-11-19,SKU04150,93,0,7,74
2025-11-19,SKU04245,41,0,7,34
2025-11-19,SKU04255,22,63,7,85
2025-11-19,SKU04259,41,48,7,89
2025-11-19,SKU04263,106,0,7,81
2025-11-19,SKU04280,243,0,7,83
2025-11-19,SKU04282,20,8,7,28
2025-11-19,SKU04327,11,11,7,22
2025-11-19,SKU04356,98,0,7,35
2025-11-19,SKU04378,145,0,7,58
2025-11-19,SKU04448,46,29,7,75
2025-11-19,SKU04495,104,0,7,39
2025-11-19,SKU04501,131,0,7,82
2025-11-19,SKU04517,33,21,7,54
2025-11-19,SKU04521,56,0,7,35
2025-11-19,SKU04530,51,6,7,57
2025-11-19,SKU04575,37,0,7,26
2025-11-19,SKU04604,148,0,7,64
2025-11-19,SKU04615,74,0,7,35
2025-11-19,SKU04711,266,0,7,91
2025-11-19,SKU04717,130,0,7,59
2025-11-19,SKU04743,175,0,7,82
2025-11-19,SKU04801,95,0,7,54
2025-11-19,SKU04811,80,0,7,44
2025-11-19,SKU04858,217,0,7,86
2025-11-19,SKU04881,53,16,7,69
2025-11-19,SKU04916,2,18,7,20
2025-11-19,SKU04940,46,4,7,50
2025-11-19,SKU04972,263,0,7,94
2025-11-20,SKU00045,50,0,7,24
2025-11-20,SKU00112,135,0,7,69
2025-11-20,SKU00135,12,18,7,30
2025-11-20,SKU00195,195,0,7,67
2025-11-20,SKU00210,117,0,7,84
2025-11-20,SKU00249,92,0,7,85
2025-11-20,SKU00270,178,0,7,60
2025-11-20,SKU00310,106,0,7,70
2025-11-20,SKU00323,118,0,7,95
2025-11-20,SKU00347,26,14,7,40
2025-11-20,SKU00373,133,0,7,66
2025-11-20,SKU00375,207,0,7,80
2025-11-20,SKU00418,234,0,7,93
2025-11-20,SKU00482,14,8,7,22
2025-11-20,SKU00503,40,0,7,36
2025-11-20,SKU00504,51,45,7,96
2025-11-20,SKU00517,26,0,7,23
2025-11-20,SKU00526,180,0,7,93
2025-11-20,SKU00534,41,48,7,89
2025-11-20,SKU00605,49,0,7,27
2025-11-20,SKU00669,53,0,7,24
2025-11-20,SKU00670,134,0,7,69
2025-11-20,SKU00720,95,0,7,41
2025-11-20,SKU00727,69,0,7,28
2025-11-20,SKU00743,93,0,7,35
2025-11-20,SKU00772,14,16,7,30
2025-11-20,SKU00785,53,0,7,23
2025-11-20,SKU00797,85,0,7,44
2025-11-20,SKU00912,50,46,7,96
2025-11-20,SKU00930,57,0,7,49
2025-11-20,SKU00940,91,2,7,93
2025-11-20,SKU01001,67,0,7,41
2025-11-20,SKU01124,92,0,7,46
2025-11-20,SKU01140,80,0,7,28
2025-11-20,SKU01143,3,90,7,93
2025-11-20,SKU01163,63,0,7,59
2025-11-20,SKU01188,67,0,7,45
2025-11-20,SKU01269,69,0,7,29
2025-11-20,SKU01382,95,2,7,97
2025-11-20,SKU01465,52,7,7,59
2025-11-20,SKU01470,145,0,7,60
2025-11-20,SKU01533,15,51,7,66
2025-11-20,SKU01570,67,0,7,49
2025-11-20,SKU01595,184,0,7,66
2025-11-20,SKU01608,128,0,7,63
2025-11-20,SKU01641,41,0,7,22
2025-11-20,SKU01646,183,0,7,93
2025-11-20,SKU01712,51,0,7,20
2025-11-20,SKU01723,136,0,7,46
2025-11-20,SKU01748,55,0,7,54
2025-11-20,SKU01751,170,0,7,99
2025-11-20,SKU01848,59,39,7,98
2025-11-20,SKU02037,24,16,7,40
2025-11-20,SKU02044,24,42,7,66
2025-11-20,SKU02085,61,0,7,23
2025-11-20,SKU02091,141,0,7,89
2025-11-20,SKU02132,31,17,7,48
2025-11-20,SKU02235,80,0,7,54
2025-11-20,SKU02239,148,0,7,82
2025-11-20,SKU02298,136,0,7,100
2025-11-20,SKU02384,74,0,7,30
2025-11-20,SKU02427,74,0,7,36
2025-11-20,SKU02487,110,0,7,93
2025-11-20,SKU02496,156,0,7,63
2025-11-20,SKU02513,81,0,7,44
2025-11-20,SKU02578,146,0,7,55
2025-11-20,SKU02636,93,0,7,50
2025-11-20,SKU02691,99,0,7,51
2025-11-20,SKU02716,130,0,7,67
2025-11-20,SKU02770,35,48,7,83
2025-11-20,SKU02832,87,0,7,49
2025-11-20,SKU02857,0,54,7,54
2025-11-20,SKU02927,253,0,7,86
2025-11-20,SKU02931,95,0,7,60
2025-11-20,SKU02977,90,0,7,32
2025-11-20,SKU02981,26,0,7,23
2025-11-20,SKU03029,196,0,7,74
2025-11-20,SKU03043,9,52,7,61
2025-11-20,SKU03070,17,17,7,34
2025-11-20,SKU03147,124,0,7,57
2025-11-20,SKU03197,103,0,7,59
2025-11-20,SKU03205,18,72,7,90
2025-11-20,SKU03227,8,49,7,57
2025-11-20,SKU03239,7,75,7,82
2025-11-20,SKU03322,9,16,7,25
2025-11-20,SKU03323,91,0,7,56
2025-11-20,SKU03337,215,0,7,82
2025-11-20,SKU03352,90,0,7,39
2025-11-20,SKU03471,84,0,7,48
2025-11-20,SKU03515,177,0,7,75
2025-11-20,SKU03520,50,5,7,55
2025-11-20,SKU03521,210,0,7,72
2025-11-20,SKU03535,267,0,7,96
2025-11-20,SKU03537,11,28,7,39
2025-11-20,SKU03542,87,8,7,95
2025-11-20,SKU03549,206,0,7,97
2025-11-20,SKU03604,43,8,7,51
2025-11-20,SKU03679,37,0,7,20
2025-11-20,SKU03683,180,0,7,88
2025-11-20,SKU03705,109,0,7,50
2025-11-20,SKU03714,53,0,7,32
2025-11-20,SKU03729,5,56,7,61
2025-11-20,SKU03747,113,0,7,79
2025-11-20,SKU03762,158,0,7,84
2025-11-20,SKU03767,103,0,7,65
2025-11-20,SKU03816,2,47,7,49
2025-11-20,SKU03881,105,0,7,52
2025-11-20,SKU03956,155,0,7,69
2025-11-20,SKU04055,41,0,7,26
2025-11-20,SKU04177,66,0,7,42
2025-11-20,SKU04190,79,0,7,32
2025-11-20,SKU04197,102,0,7,73
2025-11-20,SKU04239,39,0,7,22
2025-11-20,SKU04267,46,0,7,22
2025-11-20,SKU04285,237,0,7,93
2025-11-20,SKU04304,38,0,7,24
2025-11-20,SKU04322,86,0,7,62
2025-11-20,SKU04364,333,0,7,159
2025-11-20,SKU04386,14,13,7,27
2025-11-20,SKU04387,34,3,7,37
2025-11-20,SKU04404,166,0,7,73
2025-11-20,SKU04421,190,0,7,75
2025-11-20,SKU04441,1,61,7,62
2025-11-20,SKU04446,85,0,7,43
2025-11-20,SKU04457,66,13,7,79
2025-11-20,SKU04466,116,0,7,61
2025-11-20,SKU04504,40,0,7,30
2025-11-20,SKU04506,46,27,7,73
2025-11-20,SKU04520,37,0,7,29
2025-11-20,SKU04538,113,0,7,51
2025-11-20,SKU04568,30,45,7,75
2025-11-20,SKU04578,136,0,7,97
2025-11-20,SKU04581,110,0,7,80
2025-11-20,SKU04604,27,0,7,21
2025-11-20,SKU04692,28,26,7,54
2025-11-20,SKU04749,24,32,7,56
2025-11-20,SKU04755,182,0,7,78
2025-11-20,SKU04775,244,0,7,87
2025-11-20,SKU04859,3,22,7,25
2025-11-20,SKU04917,61,0,7,31
2025-11-20,SKU04923,75,0,7,30
2025-11-20,SKU04948,31,0,7,28
2025-11-21,SKU00027,4,25,7,29
2025-11-21,SKU00034,45,0,7,25
2025-11-21,SKU00035,62,0,7,22
2025-11-21,SKU00039,86,5,7,91
2025-11-21,SKU00075,261,0,7,95
2025-11-21,SKU00118,80,0,7,33
2025-11-21,SKU00149,87,0,7,40
2025-11-21,SKU00156,51,8,7,59
2025-11-21,SKU00202,132,0,7,65
2025-11-21,SKU00215,84,0,7,34
2025-11-21,SKU00245,0,32,7,32
2025-11-21,SKU00259,158,0,7,61
2025-11-21,SKU00280,33,0,7,26
2025-11-21,SKU00408,76,0,7,48
2025-11-21,SKU00423,45,0,7,38
2025-11-21,SKU00465,41,0,7,22
2025-11-21,SKU00491,86,10,7,96
2025-11-21,SKU00523,96,0,7,50
2025-11-21,SKU00612,29,5,7,34
2025-11-21,SKU00667,40,0,7,22
2025-11-21,SKU00714,19,25,7,44
2025-11-21,SKU00784,129,0,7,99
2025-11-21,SKU00792,9,75,7,84
2025-11-21,SKU00884,0,79,7,79
2025-11-21,SKU00908,94,0,7,63
2025-11-21,SKU00918,55,0,7,49
2025-11-21,SKU01101,64,0,7,27
2025-11-21,SKU01113,100,0,7,43
2025-11-21,SKU01167,30,68,7,98
2025-11-21,SKU01186,37,2,7,39
2025-11-21,SKU01290,38,28,7,66
2025-11-21,SKU01316,171,0,7,71
2025-11-21,SKU01324,80,0,7,74
2025-11-21,SKU01332,101,0,7,42
2025-11-21,SKU01405,73,0,7,29
2025-11-21,SKU01429,61,0,7,44
2025-11-21,SKU01518,62,21,7,83
2025-11-21,SKU01615,5,53,7,58
2025-11-21,SKU01631,147,0,7,64
2025-11-21,SKU01644,223,0,7,75
2025-11-21,SKU01646,154,0,7,85
2025-11-21,SKU01691,119,0,7,73
2025-11-21,SKU01708,121,0,7,73
2025-11-21,SKU01720,43,13,7,56
2025-11-21,SKU01721,82,5,7,87
2025-11-21,SKU01744,150,0,7,58
2025-11-21,SKU01773,15,9,7,24
2025-11-21,SKU01844,59,0,7,52
2025-11-21,SKU01862,199,0,7,86
2025-11-21,SKU01921,34,0,7,24
2025-11-21,SKU01945,176,0,7,69
2025-11-21,SKU01949,229,0,7,78
2025-11-21,SKU01974,71,0,7,33
2025-11-21,SKU02025,100,0,7,39
2025-11-21,SKU02106,12,19,7,31
2025-11-21,SKU02130,52,21,7,73
2025-11-21,SKU02132,64,15,7,79
2025-11-21,SKU02149,153,0,7,93
2025-11-21,SKU02151,4,84,7,88
2025-11-21,SKU02183,42,0,7,34
2025-11-21,SKU02199,119,0,7,68
2025-11-21,SKU02204,97,0,7,36
2025-11-21,SKU02213,145,0,7,76
2025-11-21,SKU02240,20,17,7,37
2025-11-21,SKU02280,130,0,7,63
2025-11-21,SKU02323,195,0,7,74
2025-11-21,SKU02326,56,40,7,96
2025-11-21,SKU02371,56,0,7,26
2025-11-21,SKU02380,116,0,7,92
2025-11-21,SKU02431,121,0,7,45
2025-11-21,SKU02442,37,0,7,20
2025-11-21,SKU02527,130,0,7,78
2025-11-21,SKU02593,51,1,7,52
2025-11-21,SKU02634,3,55,7,58
2025-11-21,SKU02638,60,0,7,60
2025-11-21,SKU02662,36,6,7,42
2025-11-21,SKU02702,58,40,7,98
2025-11-21,SKU02811,18,11,7,29
2025-11-21,SKU02812,8,18,7,26
2025-11-21,SKU02820,40,44,7,84
2025-11-21,SKU02834,100,0,7,36
2025-11-21,SKU02841,158,0,7,58
2025-11-21,SKU02876,268,0,7,100
2025-11-21,SKU02898,36,3,7,39
2025-11-21,SKU02905,111,0,7,88
2025-11-21,SKU02910,146,0,7,74
2025-11-21,SKU02913,6,54,7,60
2025-11-21,SKU02922,54,24,7,78
2025-11-21,SKU02937,134,0,7,90
2025-11-21,SKU03015,138,0,7,76
2025-11-21,SKU03198,27,34,7,61
2025-11-21,SKU03263,129,0,7,71
2025-11-21,SKU03271,227,0,7,88
2025-11-21,SKU03282,45,0,7,27
2025-11-21,SKU03302,74,0,7,50
2025-11-21,SKU03304,63,0,7,45
2025-11-21,SKU03423,97,0,7,34
2025-11-21,SKU03442,102,0,7,40
2025-11-21,SKU03448,33,53,7,86
2025-11-21,SKU03456,46,0,7,32
2025-11-21,SKU03488,149,0,7,86
2025-11-21,SKU03498,185,0,7,92
2025-11-21,SKU03502,68,0,7,33
2025-11-21,SKU03518,261,0,7,94
2025-11-21,SKU03533,49,0,7,49
2025-11-21,SKU03534,193,0,7,77
2025-11-21,SKU03563,121,0,7,57
2025-11-21,SKU03598,367,0,7,192
2025-11-21,SKU03613,92,0,7,49
2025-11-21,SKU03639,197,0,7,89
2025-11-21,SKU03718,130,0,7,76
2025-11-21,SKU03774,39,15,7,54
2025-11-21,SKU03810,211,0,7,82
2025-11-21,SKU03852,96,0,7,85
2025-11-21,SKU03874,92,0,7,78
2025-11-21,SKU03875,128,0,7,69
2025-11-21,SKU03899,77,0,7,37
2025-11-21,SKU03901,0,23,7,23
2025-11-21,SKU04020,56,13,7,69
2025-11-21,SKU04028,114,0,7,75
2025-11-21,SKU04080,186,0,7,67
2025-11-21,SKU04082,110,0,7,55
2025-11-21,SKU04116,228,0,7,95
2025-11-21,SKU04133,51,0,7,43
2025-11-21,SKU04164,50,0,7,20
2025-11-21,SKU04190,23,29,7,52
2025-11-21,SKU04217,105,0,7,73
2025-11-21,SKU04219,204,0,7,70
2025-11-21,SKU04227,80,0,7,28
2025-11-21,SKU04277,89,0,7,39
2025-11-21,SKU04295,52,0,7,20
2025-11-21,SKU04331,42,0,7,24
2025-11-21,SKU04409,202,0,7,78
2025-11-21,SKU04422,77,0,7,39
2025-11-21,SKU04428,18,25,7,43
2025-11-21,SKU04480,52,0,7,28
2025-11-21,SKU04483,50,0,7,29
2025-11-21,SKU04583,74,0,7,62
2025-11-21,SKU04718,10,14,7,24
2025-11-21,SKU04755,35,42,7,77
2025-11-21,SKU04779,135,0,7,55
2025-11-21,SKU04836,85,0,7,34
2025-11-21,SKU04842,2,26,7,28
2025-11-21,SKU04848,20,1,7,21
2025-11-21,SKU04916,91,0,7,39
2025-11-21,SKU04947,7,65,7,72
2025-11-21,SKU04981,89,0,7,44
2025-11-22,SKU00003,122,0,7,44
2025-11-22,SKU00091,68,0,7,28
2025-11-22,SKU00178,127,0,7,60
2025-11-22,SKU00232,85,12,7,97
2025-11-22,SKU00246,73,0,7,25
2025-11-22,SKU00278,59,0,7,32
2025-11-22,SKU00318,61,0,7,21
2025-11-22,SKU00328,9,73,7,82
2025-11-22,SKU00333,113,0,7,95
2025-11-22,SKU00347,103,0,7,80
2025-11-22,SKU00381,26,55,7,81
2025-11-22,SKU00397,0,26,7,26
2025-11-22,SKU00443,158,0,7,74
2025-11-22,SKU00448,137,0,7,46
2025-11-22,SKU00456,1,21,7,22
2025-11-22,SKU00496,21,13,7,34
2025-11-22,SKU00510,75,6,7,81
2025-11-22,SKU00530,119,0,7,85
2025-11-22,SKU00594,20,40,7,60
2025-11-22,SKU00641,192,0,7,72
2025-11-22,SKU00671,32,0,7,25
2025-11-22,SKU00684,136,0,7,54
2025-11-22,SKU00742,66,0,7,66
2025-11-22,SKU00754,51,0,7,26
2025-11-22,SKU00772,214,0,7,88
2025-11-22,SKU00813,45,0,7,29
2025-11-22,SKU00844,143,0,7,60
2025-11-22,SKU00856,206,0,7,97
2025-11-22,SKU00870,119,0,7,51
2025-11-22,SKU00946,31,2,7,33
2025-11-22,SKU00967,119,0,7,51
2025-11-22,SKU01074,106,0,7,49
2025-11-22,SKU01086,241,0,7,96
2025-11-22,SKU01109,114,0,7,58
2025-11-22,SKU01114,45,33,7,78
2025-11-22,SKU01129,52,37,7,89
2025-11-22,SKU01146,5,45,7,50
2025-11-22,SKU01159,64,6,7,70
2025-11-22,SKU01168,16,19,7,35
2025-11-22,SKU01195,83,14,7,97
2025-11-22,SKU01262,113,0,7,52
2025-11-22,SKU01275,134,0,7,61
2025-11-22,SKU01278,181,0,7,89
2025-11-22,SKU01320,91,0,7,74
2025-11-22,SKU01379,264,0,7,99
2025-11-22,SKU01390,48,0,7,21
2025-11-22,SKU01398,90,0,7,79
2025-11-22,SKU01418,82,0,7,57
2025-11-22,SKU01455,136,0,7,69
2025-11-22,SKU01519,203,0,7,84
2025-11-22,SKU01529,88,0,7,37
2025-11-22,SKU01593,230,0,7,81
2025-11-22,SKU01604,87,0,7,75
2025-11-22,SKU01610,36,0,7,28
2025-11-22,SKU01644,58,0,7,26
2025-11-22,SKU01725,91,6,7,97
2025-11-22,SKU01810,195,0,7,94
2025-11-22,SKU01856,41,8,7,49
2025-11-22,SKU01875,86,0,7,30
2025-11-22,SKU01887,134,0,7,84
2025-11-22,SKU01891,203,0,7,70
2025-11-22,SKU01905,102,0,7,61
2025-11-22,SKU01921,82,0,7,46
2025-11-22,SKU01949,150,0,7,89
2025-11-22,SKU02002,76,0,7,32
2025-11-22,SKU02029,78,0,7,36
2025-11-22,SKU02031,0,49,7,49
2025-11-22,SKU02033,46,41,7,87
2025-11-22,SKU02148,49,0,7,47
2025-11-22,SKU02179,142,0,7,78
2025-11-22,SKU02271,91,0,7,40
2025-11-22,SKU02312,27,18,7,45
2025-11-22,SKU02382,10,38,7,48
2025-11-22,SKU02399,75,0,7,36
2025-11-22,SKU02420,27,0,7,24
2025-11-22,SKU02439,95,0,7,49
2025-11-22,SKU02486,9,18,7,27
2025-11-22,SKU02497,121,0,7,64
2025-11-22,SKU02542,1,97,7,98
2025-11-22,SKU02552,116,0,7,43
2025-11-22,SKU02573,55,35,7,90
2025-11-22,SKU02637,159,0,7,65
2025-11-22,SKU02650,45,0,7,35
2025-11-22,SKU02698,3,56,7,59
2025-11-22,SKU02703,161,0,7,80
2025-11-22,SKU02716,263,0,7,88
2025-11-22,SKU02717,46,0,7,37
2025-11-22,SKU02724,86,0,7,59
2025-11-22,SKU02772,217,0,7,79
2025-11-22,SKU02785,246,0,7,91
2025-11-22,SKU02792,110,0,7,67
2025-11-22,SKU02813,201,0,7,77
2025-11-22,SKU02841,177,0,7,92
2025-11-22,SKU02843,44,0,7,37
2025-11-22,SKU02850,10,24,7,34
2025-11-22,SKU02867,189,0,7,79
2025-11-22,SKU03002,0,23,7,23
2025-11-22,SKU03040,250,0,7,91
2025-11-22,SKU03050,48,17,7,65
2025-11-22,SKU03067,129,0,7,80
2025-11-22,SKU03122,95,0,7,70
2025-11-22,SKU03146,223,0,7,83
2025-11-22,SKU03167,159,0,7,60
2025-11-22,SKU03193,142,0,7,62
2025-11-22,SKU03228,205,0,7,70
2025-11-22,SKU03251,2,28,7,30
2025-11-22,SKU03298,189,0,7,65
2025-11-22,SKU03356,23,0,7,23
2025-11-22,SKU03379,167,0,7,64
2025-11-22,SKU03401,27,44,7,71
2025-11-22,SKU03413,82,0,7,34
2025-11-22,SKU03448,24,3,7,27
2025-11-22,SKU03451,15,18,7,33
2025-11-22,SKU03456,11,57,7,68
2025-11-22,SKU03462,184,0,7,96
2025-11-22,SKU03539,151,0,7,65
2025-11-22,SKU03560,171,0,7,68
2025-11-22,SKU03561,53,0,7,29
2025-11-22,SKU03597,146,0,7,85
2025-11-22,SKU03645,151,0,7,76
2025-11-22,SKU03647,21,23,7,44
2025-11-22,SKU03671,234,0,7,87
2025-11-22,SKU03734,95,0,7,36
2025-11-22,SKU03763,190,0,7,74
2025-11-22,SKU03813,191,0,7,72
2025-11-22,SKU03816,191,0,7,94
2025-11-22,SKU03829,156,0,7,76
2025-11-22,SKU03831,76,8,7,84
2025-11-22,SKU03854,193,0,7,85
2025-11-22,SKU03880,53,2,7,55
2025-11-22,SKU03893,116,0,7,45
2025-11-22,SKU03945,90,0,7,60
2025-11-22,SKU04001,74,0,7,27
2025-11-22,SKU04063,8,82,7,90
2025-11-22,SKU04071,80,0,7,40
2025-11-22,SKU04093,122,0,7,53
2025-11-22,SKU04178,161,0,7,62
2025-11-22,SKU04326,93,0,7,37
2025-11-22,SKU04364,396,0,7,169
2025-11-22,SKU04378,103,0,7,81
2025-11-22,SKU04410,21,37,7,58
2025-11-22,SKU04428,163,0,7,91
2025-11-22,SKU04440,189,0,7,99
2025-11-22,SKU04479,135,0,7,74
2025-11-22,SKU04494,181,0,7,69
2025-11-22,SKU04518,173,0,7,89
2025-11-22,SKU04543,47,0,7,33
2025-11-22,SKU04584,259,0,7,93
2025-11-22,SKU04611,75,18,7,93
2025-11-22,SKU04626,83,0,7,32
2025-11-22,SKU04657,54,0,7,21
2025-11-22,SKU04695,109,0,7,90
2025-11-22,SKU04712,179,0,7,77
2025-11-22,SKU04718,28,8,7,36
2025-11-22,SKU04722,87,0,7,81
2025-11-22,SKU04723,62,0,7,30
2025-11-22,SKU04748,53,0,7,23
2025-11-22,SKU04781,131,0,7,51
2025-11-22,SKU04802,169,0,7,91
2025-11-22,SKU04832,6,22,7,28
2025-11-22,SKU04845,152,0,7,54
2025-11-22,SKU04903,69,0,7,47
2025-11-23,SKU00006,58,0,7,26
2025-11-23,SKU00157,18,48,7,66
2025-11-23,SKU00197,61,0,7,32
2025-11-23,SKU00242,122,0,7,60
2025-11-23,SKU00259,289,0,7,100
2025-11-23,SKU00296,257,0,7,97
2025-11-23,SKU00302,163,0,7,89
2025-11-23,SKU00322,95,0,7,73
2025-11-23,SKU00349,49,0,7,25
2025-11-23,SKU00387,89,0,7,43
2025-11-23,SKU00446,240,0,7,96
2025-11-23,SKU00472,39,0,7,30
2025-11-23,SKU00523,140,0,7,70
2025-11-23,SKU00614,104,0,7,68
2025-11-23,SKU00616,78,0,7,53
2025-11-23,SKU00710,27,3,7,30
2025-11-23,SKU00729,270,0,7,97
2025-11-23,SKU00763,66,0,7,26
2025-11-23,SKU00768,66,0,7,36
2025-11-23,SKU00800,1,95,7,96
2025-11-23,SKU00810,37,0,7,21
2025-11-23,SKU00841,100,0,7,71
2025-11-23,SKU00875,164,0,7,76
2025-11-23,SKU00905,74,0,7,34
2025-11-23,SKU00940,240,0,7,95
2025-11-23,SKU01002,92,0,7,61
2025-11-23,SKU01024,64,0,7,27
2025-11-23,SKU01067,118,0,7,45
2025-11-23,SKU01071,58,0,7,36
2025-11-23,SKU01235,36,0,7,35
2025-11-23,SKU01275,83,0,7,42
2025-11-23,SKU01317,142,0,7,56
2025-11-23,SKU01319,149,0,7,77
2025-11-23,SKU01442,38,0,7,27
2025-11-23,SKU01459,134,0,7,67
2025-11-23,SKU01460,266,0,7,89
2025-11-23,SKU01493,156,0,7,99
2025-11-23,SKU01494,232,0,7,94
2025-11-23,SKU01579,4,34,7,38
2025-11-23,SKU01585,235,0,7,87
2025-11-23,SKU01608,69,6,7,75
2025-11-23,SKU01609,151,0,7,100
2025-11-23,SKU01719,287,0,7,97
2025-11-23,SKU01755,187,0,7,98
2025-11-23,SKU01881,277,0,7,99
2025-11-23,SKU01891,101,0,7,41
2025-11-23,SKU01912,63,5,7,68
2025-11-23,SKU01924,68,0,7,26
2025-11-23,SKU01955,77,0,7,69
2025-11-23,SKU01999,69,0,7,40
2025-11-23,SKU02140,94,0,7,58
2025-11-23,SKU02150,23,3,7,26
2025-11-23,SKU02154,18,80,7,98
2025-11-23,SKU02156,98,0,7,53
2025-11-23,SKU02219,24,18,7,42
2025-11-23,SKU02252,49,0,7,39
2025-11-23,SKU02271,71,0,7,29
2025-11-23,SKU02343,54,0,7,25
2025-11-23,SKU02363,233,0,7,84
2025-11-23,SKU02377,116,0,7,89
2025-11-23,SKU02395,121,0,7,65
2025-11-23,SKU02398,96,0,7,63
2025-11-23,SKU02432,12,51,7,63
2025-11-23,SKU02451,218,0,7,80
2025-11-23,SKU02484,167,0,7,94
2025-11-23,SKU02488,109,0,7,44
2025-11-23,SKU02494,46,0,7,29
2025-11-23,SKU02526,35,0,7,33
2025-11-23,SKU02637,69,0,7,56
2025-11-23,SKU02671,3,49,7,52
2025-11-23,SKU02779,1,33,7,34
2025-11-23,SKU02782,216,0,7,146
2025-11-23,SKU02791,82,0,7,66
2025-11-23,SKU02812,91,0,7,67
2025-11-23,SKU02839,53,0,7,37
2025-11-23,SKU02856,200,0,7,87
2025-11-23,SKU02857,76,0,7,38
2025-11-23,SKU02859,101,0,7,37
2025-11-23,SKU02924,12,40,7,52
2025-11-23,SKU02961,135,0,7,57
2025-11-23,SKU02988,172,0,7,141
2025-11-23,SKU02990,30,68,7,98
2025-11-23,SKU03013,147,0,7,50
2025-11-23,SKU03017,8,48,7,56
2025-11-23,SKU03028,41,0,7,29
2025-11-23,SKU03040,163,0,7,65
2025-11-23,SKU03070,188,0,7,65
2025-11-23,SKU03091,182,0,7,67
2025-11-23,SKU03106,95,0,7,47
2025-11-23,SKU03148,37,0,7,26
2025-11-23,SKU03165,104,0,7,39
2025-11-23,SKU03172,57,25,7,82
2025-11-23,SKU03268,36,0,7,21
2025-11-23,SKU03302,84,0,7,56
2025-11-23,SKU03365,155,0,7,71
2025-11-23,SKU03474,182,0,7,95
2025-11-23,SKU03556,179,0,7,69
2025-11-23,SKU03579,17,6,7,23
2025-11-23,SKU03615,23,63,7,86
2025-11-23,SKU03713,37,28,7,65
2025-11-23,SKU03714,39,0,7,37
2025-11-23,SKU03723,102,0,7,73
2025-11-23,SKU03755,57,0,7,23
2025-11-23,SKU03781,135,0,7,69
2025-11-23,SKU03795,212,0,7,80
2025-11-23,SKU03882,6,15,7,21
2025-11-23,SKU03887,43,2,7,45
2025-11-23,SKU03889,182,0,7,90
2025-11-23,SKU03893,45,0,7,31
2025-11-23,SKU03899,71,0,7,41
2025-11-23,SKU03918,136,0,7,71
2025-11-23,SKU03925,171,0,7,94
2025-11-23,SKU03940,45,44,7,89
2025-11-23,SKU03958,54,0,7,29
2025-11-23,SKU03963,220,0,7,99
2025-11-23,SKU04009,70,0,7,58
2025-11-23,SKU04014,54,0,7,24
2025-11-23,SKU04026,30,0,7,24
2025-11-23,SKU04049,286,0,7,138
2025-11-23,SKU04081,2,30,7,32
2025-11-23,SKU04084,55,0,7,28
2025-11-23,SKU04151,96,0,7,42
2025-11-23,SKU04197,383,0,7,156
2025-11-23,SKU04235,84,15,7,99
2025-11-23,SKU04251,17,39,7,56
2025-11-23,SKU04320,225,0,7,100
2025-11-23,SKU04323,37,10,7,47
2025-11-23,SKU04332,46,0,7,42
2025-11-23,SKU04369,175,0,7,83
2025-11-23,SKU04397,3,38,7,41
2025-11-23,SKU04433,31,30,7,61
2025-11-23,SKU04438,14,38,7,52
2025-11-23,SKU04452,110,0,7,52
2025-11-23,SKU04459,147,0,7,87
2025-11-23,SKU04564,257,0,7,99
2025-11-23,SKU04638,59,33,7,92
2025-11-23,SKU04659,167,0,7,82
2025-11-23,SKU04674,31,39,7,70
2025-11-23,SKU04700,23,12,7,35
2025-11-23,SKU04724,139,0,7,97
2025-11-23,SKU04728,204,0,7,79
2025-11-23,SKU04800,20,46,7,66
2025-11-23,SKU04810,148,0,7,50
2025-11-23,SKU04837,92,0,7,31
2025-11-23,SKU04847,199,0,7,98
2025-11-23,SKU04916,65,0,7,42
2025-11-23,SKU04985,36,0,7,20
2025-11-24,SKU00016,27,0,7,26
2025-11-24,SKU00028,89,0,7,39
2025-11-24,SKU00030,39,35,7,74
2025-11-24,SKU00120,121,0,7,86
2025-11-24,SKU00134,25,11,7,36
2025-11-24,SKU00143,79,0,7,44
2025-11-24,SKU00146,76,0,7,43
2025-11-24,SKU00168,52,41,7,93
2025-11-24,SKU00226,43,9,7,52
2025-11-24,SKU00267,231,0,7,99
2025-11-24,SKU00293,27,55,7,82
2025-11-24,SKU00298,151,0,7,51
2025-11-24,SKU00302,159,0,7,66
2025-11-24,SKU00318,37,28,7,65
2025-11-24,SKU00320,53,45,7,98
2025-11-24,SKU00335,224,0,7,88
2025-11-24,SKU00365,67,0,7,51
2025-11-24,SKU00423,56,0,7,54
2025-11-24,SKU00461,55,0,7,48
2025-11-24,SKU00525,65,0,7,36
2025-11-24,SKU00613,30,39,7,69
2025-11-24,SKU00644,162,0,7,91
2025-11-24,SKU00668,0,23,7,23
2025-11-24,SKU00702,92,0,7,36
2025-11-24,SKU00717,141,0,7,95
2025-11-24,SKU00783,116,0,7,81
2025-11-24,SKU00794,3,50,7,53
2025-11-24,SKU00843,28,6,7,34
2025-11-24,SKU00892,0,86,7,86
2025-11-24,SKU00898,130,0,7,46
2025-11-24,SKU00918,95,0,7,39
2025-11-24,SKU00949,4,19,7,23
2025-11-24,SKU01044,104,9,7,113
2025-11-24,SKU01064,186,0,7,75
2025-11-24,SKU01067,113,0,7,62
2025-11-24,SKU01150,47,0,7,27
2025-11-24,SKU01216,0,39,7,39
2025-11-24,SKU01225,153,0,7,63
2025-11-24,SKU01277,42,0,7,26
2025-11-24,SKU01299,211,0,7,89
2025-11-24,SKU01311,5,47,7,52
2025-11-24,SKU01321,74,0,7,71
2025-11-24,SKU01327,69,0,7,30
2025-11-24,SKU01331,216,0,7,88
2025-11-24,SKU01333,57,0,7,56
2025-11-24,SKU01352,79,0,7,39
2025-11-24,SKU01374,23,18,7,41
2025-11-24,SKU01386,137,0,7,57
2025-11-24,SKU01425,28,62,7,90
2025-11-24,SKU01453,206,0,7,72
2025-11-24,SKU01461,105,0,7,64
2025-11-24,SKU01462,168,0,7,85
2025-11-24,SKU01471,105,0,7,63
2025-11-24,SKU01507,108,0,7,39
2025-11-24,SKU01518,257,0,7,93
2025-11-24,SKU01663,47,0,7,20
2025-11-24,SKU01672,152,0,7,66
2025-11-24,SKU01678,114,0,7,72
2025-11-24,SKU01714,72,0,7,48
2025-11-24,SKU01723,118,0,7,61
2025-11-24,SKU01773,24,37,7,61
2025-11-24,SKU01888,5,87,7,92
2025-11-24,SKU01902,140,0,7,61
2025-11-24,SKU01934,250,0,7,100
2025-11-24,SKU02015,81,0,7,70
2025-11-24,SKU02031,0,20,7,20
2025-11-24,SKU02039,147,0,7,67
2025-11-24,SKU02058,166,0,7,92
2025-11-24,SKU02067,61,0,7,33
2025-11-24,SKU02148,129,0,7,50
2025-11-24,SKU02179,115,0,7,90
2025-11-24,SKU02222,5,48,7,53
2025-11-24,SKU02227,46,22,7,68
2025-11-24,SKU02284,212,0,7,73
2025-11-24,SKU02287,127,0,7,59
2025-11-24,SKU02317,42,0,7,42
2025-11-24,SKU02375,67,0,7,25
2025-11-24,SKU02404,65,20,7,85
2025-11-24,SKU02406,30,20,7,50
2025-11-24,SKU02424,96,0,7,92
2025-11-24,SKU02456,245,0,7,82
2025-11-24,SKU02488,121,0,7,63
2025-11-24,SKU02492,78,14,7,92
2025-11-24,SKU02577,86,0,7,35
2025-11-24,SKU02593,10,34,7,44
2025-11-24,SKU02605,232,0,7,85
2025-11-24,SKU02606,65,0,7,25
2025-11-24,SKU02695,29,0,7,25
2025-11-24,SKU02743,122,0,7,49
2025-11-24,SKU02810,54,16,7,70
2025-11-24,SKU02855,21,7,7,28
2025-11-24,SKU02942,53,15,7,68
2025-11-24,SKU03037,158,0,7,72
2025-11-24,SKU03052,136,0,7,61
2025-11-24,SKU03111,183,0,7,86
2025-11-24,SKU03140,154,0,7,67
2025-11-24,SKU03163,50,0,7,34
2025-11-24,SKU03190,26,33,7,59
2025-11-24,SKU03193,61,0,7,41
2025-11-24,SKU03222,0,69,7,69
2025-11-24,SKU03227,94,3,7,97
2025-11-24,SKU03247,121,0,7,66
2025-11-24,SKU03305,48,19,7,67
2025-11-24,SKU03318,203,0,7,83
2025-11-24,SKU03369,88,0,7,49
2025-11-24,SKU03374,63,22,7,85
2025-11-24,SKU03387,72,13,7,85
2025-11-24,SKU03408,27,57,7,84
2025-11-24,SKU03435,113,0,7,47
2025-11-24,SKU03561,40,43,7,83
2025-11-24,SKU03566,71,24,7,95
2025-11-24,SKU03568,161,0,7,76
2025-11-24,SKU03625,180,0,7,62
2025-11-24,SKU03674,62,0,7,37
2025-11-24,SKU03727,102,0,7,45
2025-11-24,SKU03779,148,0,7,100
2025-11-24,SKU03808,102,0,7,92
2025-11-24,SKU03811,61,0,7,43
2025-11-24,SKU03856,89,0,7,37
2025-11-24,SKU03954,215,0,7,91
2025-11-24,SKU03994,184,0,7,66
2025-11-24,SKU04039,143,0,7,76
2025-11-24,SKU04065,14,18,7,32
2025-11-24,SKU04238,58,40,7,98
2025-11-24,SKU04351,168,0,7,64
2025-11-24,SKU04369,3,55,7,58
2025-11-24,SKU04373,36,1,7,37
2025-11-24,SKU04506,47,3,7,50
2025-11-24,SKU04533,27,50,7,77
2025-11-24,SKU04535,73,0,7,27
2025-11-24,SKU04538,39,26,7,65
2025-11-24,SKU04540,191,0,7,89
2025-11-24,SKU04572,111,0,7,81
2025-11-24,SKU04613,179,0,7,66
2025-11-24,SKU04617,5,17,7,22
2025-11-24,SKU04707,18,67,7,85
2025-11-24,SKU04708,121,0,7,85
2025-11-24,SKU04712,159,0,7,65
2025-11-24,SKU04936,129,0,7,68
2025-11-25,SKU00019,120,0,7,86
2025-11-25,SKU00036,134,0,7,85
2025-11-25,SKU00051,123,0,7,71
2025-11-25,SKU00070,151,0,7,57
2025-11-25,SKU00084,22,8,7,30
2025-11-25,SKU00203,76,0,7,60
2025-11-25,SKU00242,138,0,7,79
2025-11-25,SKU00310,117,0,7,55
2025-11-25,SKU00360,137,0,7,93
2025-11-25,SKU00368,92,0,7,92
2025-11-25,SKU00391,79,13,7,92
2025-11-25,SKU00393,198,0,7,82
2025-11-25,SKU00439,171,0,7,63
2025-11-25,SKU00499,238,0,7,82
2025-11-25,SKU00509,153,0,7,84
2025-11-25,SKU00615,27,17,7,44
2025-11-25,SKU00629,201,0,7,79
2025-11-25,SKU00641,75,0,7,36
2025-11-25,SKU00677,56,28,7,84
2025-11-25,SKU00691,8,39,7,47
2025-11-25,SKU00714,23,5,7,28
2025-11-25,SKU00792,31,17,7,48
2025-11-25,SKU00809,35,48,7,83
2025-11-25,SKU00915,25,51,7,76
2025-11-25,SKU00950,221,0,7,92
2025-11-25,SKU00980,5,65,7,70
2025-11-25,SKU00981,184,0,7,98
2025-11-25,SKU00982,40,15,7,55
2025-11-25,SKU00990,122,0,7,99
2025-11-25,SKU00992,57,11,7,68
2025-11-25,SKU01015,16,44,7,60
2025-11-25,SKU01071,82,0,7,40
2025-11-25,SKU01093,19,52,7,71
2025-11-25,SKU01134,57,2,7,59
2025-11-25,SKU01150,4,16,7,20
2025-11-25,SKU01216,3,61,7,64
2025-11-25,SKU01267,278,0,7,100
2025-11-25,SKU01270,106,0,7,36
2025-11-25,SKU01316,120,0,7,79
2025-11-25,SKU01346,39,0,7,30
2025-11-25,SKU01405,28,0,7,21
2025-11-25,SKU01424,6,44,7,50
2025-11-25,SKU01483,159,0,7,88
2025-11-25,SKU01492,59,7,7,66
2025-11-25,SKU01509,78,0,7,46
2025-11-25,SKU01515,75,0,7,31
2025-11-25,SKU01779,216,0,7,73
2025-11-25,SKU01783,115,0,7,94
2025-11-25,SKU01820,180,0,7,85
2025-11-25,SKU01846,75,0,7,51
2025-11-25,SKU01861,134,0,7,83
2025-11-25,SKU01862,23,18,7,41
2025-11-25,SKU01898,18,63,7,81
2025-11-25,SKU01931,46,9,7,55
2025-11-25,SKU02015,74,0,7,67
2025-11-25,SKU02052,228,0,7,91
2025-11-25,SKU02085,157,0,7,79
2025-11-25,SKU02089,51,0,7,51
2025-11-25,SKU02106,6,19,7,25
2025-11-25,SKU02249,59,0,7,27
2025-11-25,SKU02311,122,0,7,69
2025-11-25,SKU02330,50,50,7,100
2025-11-25,SKU02367,122,0,7,58
2025-11-25,SKU02383,173,0,7,68
2025-11-25,SKU02455,120,0,7,43
2025-11-25,SKU02456,60,0,7,50
2025-11-25,SKU02498,138,0,7,67
2025-11-25,SKU02552,90,1,7,91
2025-11-25,SKU02560,100,0,7,75
2025-11-25,SKU02616,63,0,7,45
2025-11-25,SKU02677,66,11,7,77
2025-11-25,SKU02720,51,0,7,25
2025-11-25,SKU02736,103,0,7,82
2025-11-25,SKU02792,93,0,7,88
2025-11-25,SKU02808,171,0,7,60
2025-11-25,SKU02865,52,0,7,31
2025-11-25,SKU02873,21,57,7,78
2025-11-25,SKU02919,124,0,7,46
2025-11-25,SKU02981,91,0,7,34
2025-11-25,SKU03052,57,2,7,59
2025-11-25,SKU03100,132,0,7,62
2025-11-25,SKU03104,172,0,7,61
2025-11-25,SKU03164,294,0,7,115
2025-11-25,SKU03213,97,0,7,59
2025-11-25,SKU03263,27,47,7,74
2025-11-25,SKU03275,54,0,7,32
2025-11-25,SKU03327,172,0,7,58
2025-11-25,SKU03458,40,0,7,38
2025-11-25,SKU03544,241,0,7,82
2025-11-25,SKU03614,170,0,7,81
2025-11-25,SKU03615,113,0,7,38
2025-11-25,SKU03617,147,0,7,62
2025-11-25,SKU03663,100,0,7,86
2025-11-25,SKU03699,233,0,7,80
2025-11-25,SKU03701,130,0,7,93
2025-11-25,SKU03719,163,0,7,90
2025-11-25,SKU03731,96,0,7,82
2025-11-25,SKU03802,23,30,7,53
2025-11-25,SKU03885,239,0,7,98
2025-11-25,SKU04013,149,0,7,59
2025-11-25,SKU04037,86,0,7,50
2025-11-25,SKU04078,61,32,7,93
2025-11-25,SKU04090,281,0,7,95
2025-11-25,SKU04223,84,0,7,70
2025-11-25,SKU04235,119,0,7,40
2025-11-25,SKU04293,57,0,7,20
2025-11-25,SKU04300,103,0,7,70
2025-11-25,SKU04306,52,0,7,24
2025-11-25,SKU04309,11,55,7,66
2025-11-25,SKU04360,192,0,7,88
2025-11-25,SKU04363,73,8,7,81
2025-11-25,SKU04370,32,45,7,77
2025-11-25,SKU04400,54,5,7,59
2025-11-25,SKU04403,31,13,7,44
2025-11-25,SKU04681,53,24,7,77
2025-11-25,SKU04704,133,0,7,61
2025-11-25,SKU04710,172,0,7,75
2025-11-25,SKU04787,113,0,7,59
2025-11-25,SKU04833,92,0,7,63
2025-11-25,SKU04869,96,0,7,71
2025-11-25,SKU04896,95,3,7,98
2025-11-25,SKU04967,215,0,7,88
2025-11-25,SKU04975,10,13,7,23
2025-11-25,SKU04994,78,14,7,92
2025-11-25,SKU04995,192,0,7,77
2025-11-26,SKU00047,54,0,7,26
2025-11-26,SKU00096,127,0,7,76
2025-11-26,SKU00107,7,42,7,49
2025-11-26,SKU00145,28,0,7,21
2025-11-26,SKU00182,46,0,7,46
2025-11-26,SKU00225,172,0,7,64
2025-11-26,SKU00231,53,0,7,23
2025-11-26,SKU00247,17,24,7,41
2025-11-26,SKU00276,39,46,7,85
2025-11-26,SKU00307,140,0,7,78
2025-11-26,SKU00338,1,90,7,91
2025-11-26,SKU00381,47,3,7,50
2025-11-26,SKU00382,152,0,7,59
2025-11-26,SKU00428,68,0,7,43
2025-11-26,SKU00444,8,22,7,30
2025-11-26,SKU00504,161,0,7,94
2025-11-26,SKU00523,102,0,7,71
2025-11-26,SKU00534,58,0,7,56
2025-11-26,SKU00559,94,0,7,79
2025-11-26,SKU00569,14,25,7,39
2025-11-26,SKU00573,83,0,7,39
2025-11-26,SKU00575,39,0,7,25
2025-11-26,SKU00597,47,49,7,96
2025-11-26,SKU00605,170,0,7,70
2025-11-26,SKU00621,27,58,7,85
2025-11-26,SKU00671,155,0,7,66
2025-11-26,SKU00697,108,0,7,46
2025-11-26,SKU00701,179,0,7,63
2025-11-26,SKU00717,131,0,7,86
2025-11-26,SKU00765,122,0,7,47
2025-11-26,SKU00767,192,0,7,67
2025-11-26,SKU00785,14,29,7,43
2025-11-26,SKU00819,238,0,7,98
2025-11-26,SKU00829,48,18,7,66
2025-11-26,SKU00885,138,0,7,47
2025-11-26,SKU00922,0,40,7,40
2025-11-26,SKU00934,78,0,7,43
2025-11-26,SKU00945,1,62,7,63
2025-11-26,SKU01010,0,80,7,80
2025-11-26,SKU01011,23,3,7,26
2025-11-26,SKU01012,123,0,7,99
2025-11-26,SKU01023,25,20,7,45
2025-11-26,SKU01029,105,0,7,55
2025-11-26,SKU01109,63,28,7,91
2025-11-26,SKU01210,235,0,7,96
2025-11-26,SKU01213,28,29,7,57
2025-11-26,SKU01228,67,0,7,30
2025-11-26,SKU01230,60,0,7,58
2025-11-26,SKU01253,45,0,7,37
2025-11-26,SKU01256,169,0,7,66
2025-11-26,SKU01295,1,67,7,68
2025-11-26,SKU01342,96,0,7,47
2025-11-26,SKU01401,54,0,7,49
2025-11-26,SKU01405,150,0,7,89
2025-11-26,SKU01421,23,4,7,27
2025-11-26,SKU01429,36,0,7,27
2025-11-26,SKU01450,38,25,7,63
2025-11-26,SKU01451,64,0,7,31
2025-11-26,SKU01550,78,0,7,37
2025-11-26,SKU01572,199,0,7,69
2025-11-26,SKU01573,137,0,7,61
2025-11-26,SKU01596,55,0,7,36
2025-11-26,SKU01707,71,0,7,25
2025-11-26,SKU01747,239,0,7,100
2025-11-26,SKU01815,6,42,7,48
2025-11-26,SKU01908,48,0,7,24
2025-11-26,SKU01964,125,0,7,67
2025-11-26,SKU02020,104,0,7,56
2025-11-26,SKU02061,62,0,7,26
2025-11-26,SKU02091,204,0,7,78
2025-11-26,SKU02122,0,35,7,35
2025-11-26,SKU02126,69,0,7,52
2025-11-26,SKU02147,93,0,7,39
2025-11-26,SKU02184,65,0,7,60
2025-11-26,SKU02187,126,0,7,80
2025-11-26,SKU02229,77,0,7,61
2025-11-26,SKU02240,72,0,7,52
2025-11-26,SKU02243,25,33,7,58
2025-11-26,SKU02258,65,0,7,49
2025-11-26,SKU02295,182,0,7,99
2025-11-26,SKU02313,81,0,7,65
2025-11-26,SKU02321,205,0,7,71
2025-11-26,SKU02332,63,0,7,32
2025-11-26,SKU02345,190,0,7,88
2025-11-26,SKU02364,22,5,7,27
2025-11-26,SKU02394,62,6,7,68
2025-11-26,SKU02402,109,0,7,55
2025-11-26,SKU02410,62,19,7,81
2025-11-26,SKU02413,370,0,7,158
2025-11-26,SKU02433,24,22,7,46
2025-11-26,SKU02455,130,0,7,63
2025-11-26,SKU02494,36,17,7,53
2025-11-26,SKU02556,19,45,7,64
2025-11-26,SKU02557,15,13,7,28
2025-11-26,SKU02563,2,55,7,57
2025-11-26,SKU02575,173,0,7,74
2025-11-26,SKU02611,33,0,7,30
2025-11-26,SKU02635,100,0,7,83
2025-11-26,SKU02636,22,6,7,28
2025-11-26,SKU02645,158,0,7,91
2025-11-26,SKU02661,69,0,7,48
2025-11-26,SKU02663,31,0,7,27
2025-11-26,SKU02708,87,4,7,91
2025-11-26,SKU02717,119,0,7,48
2025-11-26,SKU02731,176,0,7,80
2025-11-26,SKU02739,207,0,7,99
2025-11-26,SKU02787,44,44,7,88
2025-11-26,SKU02815,149,0,7,51
2025-11-26,SKU02848,253,0,7,86
2025-11-26,SKU02869,29,19,7,48
2025-11-26,SKU02874,51,0,7,41
2025-11-26,SKU02929,155,0,7,57
2025-11-26,SKU03023,178,0,7,96
2025-11-26,SKU03027,21,3,7,24
2025-11-26,SKU03042,194,0,7,99
2025-11-26,SKU03078,135,0,7,68
2025-11-26,SKU03109,56,28,7,84
2025-11-26,SKU03130,112,0,7,59
2025-11-26,SKU03149,36,3,7,39
2025-11-26,SKU03185,12,35,7,47
2025-11-26,SKU03206,27,0,7,22
2025-11-26,SKU03242,56,0,7,23
2025-11-26,SKU03265,32,19,7,51
2025-11-26,SKU03312,155,0,7,60
2025-11-26,SKU03329,123,0,7,43
2025-11-26,SKU03350,30,0,7,22
2025-11-26,SKU03398,61,0,7,23
2025-11-26,SKU03417,114,0,7,61
2025-11-26,SKU03468,59,0,7,42
2025-11-26,SKU03490,110,0,7,48
2025-11-26,SKU03496,141,0,7,66
2025-11-26,SKU03538,44,0,7,21
2025-11-26,SKU03551,131,0,7,46
2025-11-26,SKU03629,83,3,7,86
2025-11-26,SKU03636,29,0,7,23
2025-11-26,SKU03666,174,0,7,86
2025-11-26,SKU03686,23,0,7,20
2025-11-26,SKU03732,160,0,7,56
2025-11-26,SKU03770,48,37,7,85
2025-11-26,SKU03855,159,0,7,67
2025-11-26,SKU03887,69,0,7,33
2025-11-26,SKU03899,53,0,7,22
2025-11-26,SKU03918,117,0,7,74
2025-11-26,SKU03992,143,0,7,49
2025-11-26,SKU04036,179,0,7,77
2025-11-26,SKU04057,3,55,7,58
2025-11-26,SKU04071,157,0,7,64
2025-11-26,SKU04077,40,0,7,26
2025-11-26,SKU04131,109,0,7,58
2025-11-26,SKU04133,186,0,7,72
2025-11-26,SKU04148,37,12,7,49
2025-11-26,SKU04287,3,40,7,43
2025-11-26,SKU04317,58,0,7,24
2025-11-26,SKU04345,181,0,7,93
2025-11-26,SKU04349,106,0,7,85
2025-11-26,SKU04403,35,2,7,37
2025-11-26,SKU04447,71,0,7,39
2025-11-26,SKU04527,76,0,7,58
2025-11-26,SKU04573,63,29,7,92
2025-11-26,SKU04584,2,39,7,41
2025-11-26,SKU04598,85,0,7,78
2025-11-26,SKU04713,64,0,7,54
2025-11-26,SKU04775,101,0,7,87
2025-11-26,SKU04796,23,77,7,100
2025-11-26,SKU04817,222,0,7,94
2025-11-26,SKU04822,57,0,7,24
2025-11-26,SKU04832,10,59,7,69
2025-11-26,SKU04947,255,0,7,99
2025-11-26,SKU04951,8,90,7,98
2025-11-27,SKU00044,47,0,7,29
2025-11-27,SKU00045,40,45,7,85
2025-11-27,SKU00060,70,14,7,84
2025-11-27,SKU00065,215,0,7,76
2025-11-27,SKU00085,70,13,7,83
2025-11-27,SKU00098,224,0,7,83
2025-11-27,SKU00117,12,11,7,23
2025-11-27,SKU00141,97,0,7,66
2025-11-27,SKU00157,142,0,7,60
2025-11-27,SKU00185,173,0,7,93
2025-11-27,SKU00242,39,36,7,75
2025-11-27,SKU00292,242,0,7,82
2025-11-27,SKU00324,243,0,7,86
2025-11-27,SKU00348,79,6,7,85
2025-11-27,SKU00407,9,36,7,45
2025-11-27,SKU00420,79,0,7,59
2025-11-27,SKU00424,45,13,7,58
2025-11-27,SKU00429,84,0,7,52
2025-11-27,SKU00436,72,0,7,71
2025-11-27,SKU00454,233,0,7,84
2025-11-27,SKU00523,130,0,7,52
2025-11-27,SKU00558,69,0,7,48
2025-11-27,SKU00568,111,0,7,58
2025-11-27,SKU00611,12,18,7,30
2025-11-27,SKU00623,27,3,7,30
2025-11-27,SKU00669,83,11,7,94
2025-11-27,SKU00697,135,0,7,79
2025-11-27,SKU00713,151,0,7,59
2025-11-27,SKU00716,51,0,7,40
2025-11-27,SKU00740,210,0,7,94
2025-11-27,SKU00791,199,0,7,72
2025-11-27,SKU00799,208,0,7,72
2025-11-27,SKU00811,261,0,7,95
2025-11-27,SKU00878,57,24,7,81
2025-11-27,SKU00970,93,0,7,54
2025-11-27,SKU00984,20,3,7,23
2025-11-27,SKU01012,217,0,7,90
2025-11-27,SKU01058,91,0,7,48
2025-11-27,SKU01081,233,0,7,79
2025-11-27,SKU01165,154,0,7,68
2025-11-27,SKU01228,60,0,7,30
2025-11-27,SKU01251,65,0,7,65
2025-11-27,SKU01268,96,0,7,38
2025-11-27,SKU01302,113,0,7,63
2025-11-27,SKU01309,138,0,7,69
2025-11-27,SKU01326,196,0,7,97
2025-11-27,SKU01342,44,8,7,52
2025-11-27,SKU01417,101,0,7,34
2025-11-27,SKU01486,143,0,7,80
2025-11-27,SKU01516,148,0,7,55
2025-11-27,SKU01552,9,80,7,89
2025-11-27,SKU01596,26,3,7,29
2025-11-27,SKU01606,111,0,7,96
2025-11-27,SKU01607,113,0,7,72
2025-11-27,SKU01608,88,0,7,37
2025-11-27,SKU01613,74,0,7,60
2025-11-27,SKU01640,81,0,7,31
2025-11-27,SKU01690,164,0,7,73
2025-11-27,SKU01693,166,0,7,57
2025-11-27,SKU01694,209,0,7,81
2025-11-27,SKU01713,110,0,7,46
2025-11-27,SKU01798,115,0,7,54
2025-11-27,SKU01823,202,0,7,85
2025-11-27,SKU01871,40,55,7,95
2025-11-27,SKU01901,192,0,7,72
2025-11-27,SKU01942,28,34,7,62
2025-11-27,SKU02021,84,0,7,60
2025-11-27,SKU02085,78,0,7,29
2025-11-27,SKU02100,78,0,7,32
2025-11-27,SKU02125,109,0,7,48
2025-11-27,SKU02136,40,50,7,90
2025-11-27,SKU02192,154,0,7,64
2025-11-27,SKU02228,138,0,7,137
2025-11-27,SKU02245,59,0,7,41
2025-11-27,SKU02282,98,0,7,42
2025-11-27,SKU02286,39,0,7,23
2025-11-27,SKU02452,60,23,7,83
2025-11-27,SKU02494,358,0,7,152
2025-11-27,SKU02647,104,0,7,98
2025-11-27,SKU02701,74,0,7,56
2025-11-27,SKU02811,177,0,7,70
2025-11-27,SKU02819,19,16,7,35
2025-11-27,SKU02856,129,0,7,60
2025-11-27,SKU02929,56,0,7,25
2025-11-27,SKU02959,26,28,7,54
2025-11-27,SKU03035,104,0,7,36
2025-11-27,SKU03062,204,0,7,91
2025-11-27,SKU03069,61,0,7,52
2025-11-27,SKU03078,125,0,7,70
2025-11-27,SKU03081,102,0,7,55
2025-11-27,SKU03100,91,0,7,67
2025-11-27,SKU03111,102,0,7,76
2025-11-27,SKU03140,1,28,7,29
2025-11-27,SKU03146,16,4,7,20
2025-11-27,SKU03164,51,45,7,96
2025-11-27,SKU03214,161,0,7,91
2025-11-27,SKU03219,11,13,7,24
2025-11-27,SKU03240,102,0,7,75
2025-11-27,SKU03288,91,0,7,56
2025-11-27,SKU03332,30,4,7,34
2025-11-27,SKU03404,175,0,7,98
2025-11-27,SKU03405,71,0,7,64
2025-11-27,SKU03412,261,0,7,90
2025-11-27,SKU03456,41,0,7,22
2025-11-27,SKU03511,7,71,7,78
2025-11-27,SKU03526,48,0,7,23
2025-11-27,SKU03528,185,0,7,79
2025-11-27,SKU03550,93,0,7,49
2025-11-27,SKU03568,78,0,7,57
2025-11-27,SKU03570,199,0,7,71
2025-11-27,SKU03598,118,0,7,91
2025-11-27,SKU03656,77,5,7,82
2025-11-27,SKU03711,106,0,7,79
2025-11-27,SKU03730,186,0,7,82
2025-11-27,SKU03738,134,0,7,51
2025-11-27,SKU03766,74,0,7,47
2025-11-27,SKU03771,51,0,7,42
2025-11-27,SKU03793,213,0,7,91
2025-11-27,SKU03845,238,0,7,85
2025-11-27,SKU03880,47,0,7,33
2025-11-27,SKU03936,60,0,7,59
2025-11-27,SKU03940,33,2,7,35
2025-11-27,SKU03996,103,0,7,36
2025-11-27,SKU04093,122,0,7,78
2025-11-27,SKU04119,117,0,7,83
2025-11-27,SKU04180,166,0,7,71
2025-11-27,SKU04251,33,42,7,75
2025-11-27,SKU04303,69,0,7,50
2025-11-27,SKU04310,98,0,7,89
2025-11-27,SKU04339,12,29,7,41
2025-11-27,SKU04358,20,65,7,85
2025-11-27,SKU04458,29,61,7,90
2025-11-27,SKU04467,105,0,7,52
2025-11-27,SKU04494,5,57,7,62
2025-11-27,SKU04542,59,0,7,27
2025-11-27,SKU04614,35,1,7,36
2025-11-27,SKU04669,27,8,7,35
2025-11-27,SKU04699,63,0,7,39
2025-11-27,SKU04728,35,0,7,25
2025-11-27,SKU04732,85,8,7,93
2025-11-27,SKU04742,137,0,7,65
2025-11-27,SKU04781,142,0,7,60
2025-11-27,SKU04785,66,0,7,34
2025-11-27,SKU04829,120,0,7,67
2025-11-27,SKU04899,21,64,7,85
2025-11-27,SKU04985,240,0,7,98
2025-11-28,SKU00006,89,0,7,62
2025-11-28,SKU00014,33,43,7,76
2025-11-28,SKU00017,13,7,7,20
2025-11-28,SKU00061,41,11,7,52
2025-11-28,SKU00064,150,0,7,77
2025-11-28,SKU00071,172,0,7,84
2025-11-28,SKU00163,179,0,7,60
2025-11-28,SKU00239,107,0,7,42
2025-11-28,SKU00245,29,43,7,72
2025-11-28,SKU00265,110,0,7,39
2025-11-28,SKU00267,0,42,7,42
2025-11-28,SKU00283,192,0,7,86
2025-11-28,SKU00293,55,8,7,63
2025-11-28,SKU00294,102,0,7,82
2025-11-28,SKU00295,44,48,7,92
2025-11-28,SKU00316,84,7,7,91
2025-11-28,SKU00336,118,0,7,41
2025-11-28,SKU00349,1,25,7,26
2025-11-28,SKU00383,181,0,7,83
2025-11-28,SKU00386,19,72,7,91
2025-11-28,SKU00430,43,0,7,23
2025-11-28,SKU00519,56,0,7,28
2025-11-28,SKU00572,60,0,7,39
2025-11-28,SKU00591,19,75,7,94
2025-11-28,SKU00609,37,38,7,75
2025-11-28,SKU00696,32,0,7,24
2025-11-28,SKU00787,62,9,7,71
2025-11-28,SKU00804,80,0,7,34
2025-11-28,SKU00854,135,0,7,56
2025-11-28,SKU00872,8,51,7,59
2025-11-28,SKU00884,7,13,7,20
2025-11-28,SKU00914,127,0,7,90
2025-11-28,SKU01001,120,0,7,51
2025-11-28,SKU01015,193,0,7,71
2025-11-28,SKU01109,218,0,7,83
2025-11-28,SKU01146,22,51,7,73
2025-11-28,SKU01151,34,0,7,30
2025-11-28,SKU01246,18,107,7,125
2025-11-28,SKU01278,109,0,7,88
2025-11-28,SKU01367,77,3,7,80
2025-11-28,SKU01377,43,0,7,41
2025-11-28,SKU01386,94,0,7,92
2025-11-28,SKU01464,52,3,7,55
2025-11-28,SKU01494,52,5,7,57
2025-11-28,SKU01503,61,35,7,96
2025-11-28,SKU01516,111,0,7,94
2025-11-28,SKU01543,86,0,7,49
2025-11-28,SKU01602,159,0,7,61
2025-11-28,SKU01666,152,0,7,59
2025-11-28,SKU01695,4,32,7,36
2025-11-28,SKU01729,100,0,7,38
2025-11-28,SKU01740,60,0,7,49
2025-11-28,SKU01752,78,20,7,98
2025-11-28,SKU01814,24,29,7,53
2025-11-28,SKU01835,16,10,7,26
2025-11-28,SKU01840,175,0,7,74
2025-11-28,SKU01859,141,0,7,76
2025-11-28,SKU01878,9,87,7,96
2025-11-28,SKU01940,227,0,7,86
2025-11-28,SKU01943,8,20,7,28
2025-11-28,SKU01949,115,0,7,65
2025-11-28,SKU02052,42,0,7,22
2025-11-28,SKU02110,50,0,7,39
2025-11-28,SKU02144,83,0,7,36
2025-11-28,SKU02257,95,0,7,76
2025-11-28,SKU02288,99,0,7,49
2025-11-28,SKU02308,223,0,7,100
2025-11-28,SKU02323,78,0,7,38
2025-11-28,SKU02326,66,17,7,83
2025-11-28,SKU02394,53,0,7,43
2025-11-28,SKU02414,31,22,7,53
2025-11-28,SKU02426,139,0,7,79
2025-11-28,SKU02573,17,5,7,22
2025-11-28,SKU02578,111,0,7,73
2025-11-28,SKU02748,45,38,7,83
2025-11-28,SKU02824,20,22,7,42
2025-11-28,SKU02830,9,41,7,50
2025-11-28,SKU02838,66,0,7,25
2025-11-28,SKU02855,10,57,7,67
2025-11-28,SKU02882,10,11,7,21
2025-11-28,SKU03072,56,0,7,49
2025-11-28,SKU03083,126,0,7,88
2025-11-28,SKU03143,5,40,7,45
2025-11-28,SKU03184,33,44,7,77
2025-11-28,SKU03194,121,0,7,50
2025-11-28,SKU03204,114,0,7,85
2025-11-28,SKU03207,24,0,7,20
2025-11-28,SKU03221,99,0,7,48
2025-11-28,SKU03240,113,0,7,91
2025-11-28,SKU03300,102,0,7,50
2025-11-28,SKU03309,12,77,7,89
2025-11-28,SKU03313,200,0,7,115
2025-11-28,SKU03420,67,0,7,50
2025-11-28,SKU03421,57,0,7,32
2025-11-28,SKU03432,170,0,7,84
2025-11-28,SKU03468,20,68,7,88
2025-11-28,SKU03508,73,0,7,33
2025-11-28,SKU03566,126,0,7,85
2025-11-28,SKU03605,110,0,7,86
2025-11-28,SKU03614,4,46,7,50
2025-11-28,SKU03619,9,41,7,50
2025-11-28,SKU03661,197,0,7,96
2025-11-28,SKU03703,133,0,7,46
2025-11-28,SKU03797,18,62,7,80
2025-11-28,SKU03802,134,0,7,71
2025-11-28,SKU03818,48,0,7,28
2025-11-28,SKU03857,259,0,7,100
2025-11-28,SKU03963,28,3,7,31
2025-11-28,SKU03985,11,10,7,21
2025-11-28,SKU04009,90,0,7,66
2025-11-28,SKU04033,56,0,7,20
2025-11-28,SKU04057,256,0,7,87
2025-11-28,SKU04060,150,0,7,53
2025-11-28,SKU04177,212,0,7,72
2025-11-28,SKU04187,178,0,7,96
2025-11-28,SKU04209,131,0,7,59
2025-11-28,SKU04233,116,0,7,94
2025-11-28,SKU04311,205,0,7,95
2025-11-28,SKU04348,16,30,7,46
2025-11-28,SKU04436,133,30,7,163
2025-11-28,SKU04446,82,6,7,88
2025-11-28,SKU04447,47,0,7,21
2025-11-28,SKU04457,147,0,7,51
2025-11-28,SKU04494,154,0,7,60
2025-11-28,SKU04556,166,0,7,69
2025-11-28,SKU04698,216,0,7,96
2025-11-28,SKU04719,51,0,7,22
2025-11-28,SKU04742,74,0,7,53
2025-11-28,SKU04749,208,0,7,73
2025-11-28,SKU04806,106,0,7,36
2025-11-28,SKU04821,11,40,7,51
2025-11-28,SKU04855,204,0,7,72
2025-11-28,SKU04871,1,67,7,68
2025-11-28,SKU04876,88,9,7,97
2025-11-28,SKU04896,152,0,7,99
2025-11-28,SKU04899,80,0,7,56
2025-11-28,SKU04924,69,0,7,65
2025-11-28,SKU04965,83,0,7,28
2025-11-29,SKU00025,27,9,7,36
2025-11-29,SKU00059,386,0,7,160
2025-11-29,SKU00077,137,0,7,93
2025-11-29,SKU00100,110,0,7,91
2025-11-29,SKU00122,41,3,7,44
2025-11-29,SKU00221,20,51,7,71
2025-11-29,SKU00229,51,0,7,21
2025-11-29,SKU00252,20,52,7,72
2025-11-29,SKU00288,214,0,7,96
2025-11-29,SKU00294,130,0,7,76
2025-11-29,SKU00349,74,1,7,75
2025-11-29,SKU00431,48,0,7,21
2025-11-29,SKU00485,174,0,7,69
2025-11-29,SKU00486,131,0,7,49
2025-11-29,SKU00494,61,37,7,98
2025-11-29,SKU00510,6,52,7,58
2025-11-29,SKU00607,12,51,7,63
2025-11-29,SKU00646,30,35,7,65
2025-11-29,SKU00685,97,0,7,33
2025-11-29,SKU00784,66,0,7,31
2025-11-29,SKU00806,55,0,7,37
2025-11-29,SKU00842,134,0,7,88
2025-11-29,SKU00846,21,58,7,79
2025-11-29,SKU00878,18,34,7,52
2025-11-29,SKU00949,20,52,7,72
2025-11-29,SKU00968,139,0,7,49
2025-11-29,SKU01059,54,0,7,25
2025-11-29,SKU01076,128,0,7,73
2025-11-29,SKU01137,238,0,7,90
2025-11-29,SKU01163,17,32,7,49
2025-11-29,SKU01230,183,0,7,64
2025-11-29,SKU01271,166,0,7,80
2025-11-29,SKU01272,66,24,7,90
2025-11-29,SKU01290,163,0,7,62
2025-11-29,SKU01325,28,29,7,57
2025-11-29,SKU01341,144,0,7,74
2025-11-29,SKU01357,27,45,7,72
2025-11-29,SKU01360,269,0,7,96
2025-11-29,SKU01362,231,0,7,81
2025-11-29,SKU01425,121,0,7,42
2025-11-29,SKU01465,181,0,7,69
2025-11-29,SKU01512,60,0,7,53
2025-11-29,SKU01573,67,21,7,88
2025-11-29,SKU01610,176,0,7,66
2025-11-29,SKU01626,103,0,7,67
2025-11-29,SKU01637,97,0,7,34
2025-11-29,SKU01642,62,28,7,90
2025-11-29,SKU01692,41,0,7,23
2025-11-29,SKU01693,174,0,7,75
2025-11-29,SKU01769,237,0,7,85
2025-11-29,SKU01788,76,0,7,34
2025-11-29,SKU01804,113,0,7,47
2025-11-29,SKU01831,2,41,7,43
2025-11-29,SKU01841,44,0,7,37
2025-11-29,SKU01948,25,12,7,37
2025-11-29,SKU01962,31,34,7,65
2025-11-29,SKU01976,70,21,7,91
2025-11-29,SKU02004,82,0,7,42
2025-11-29,SKU02018,113,0,7,48
2025-11-29,SKU02035,106,0,7,46
2025-11-29,SKU02085,131,0,7,44
2025-11-29,SKU02097,18,6,7,24
2025-11-29,SKU02201,85,0,7,65
2025-11-29,SKU02367,23,9,7,32
2025-11-29,SKU02399,151,0,7,83
2025-11-29,SKU02410,192,0,7,77
2025-11-29,SKU02413,105,0,7,91
2025-11-29,SKU02462,5,25,7,30
2025-11-29,SKU02486,6,62,7,68
2025-11-29,SKU02491,21,5,7,26
2025-11-29,SKU02530,188,0,7,79
2025-11-29,SKU02568,38,0,7,30
2025-11-29,SKU02693,17,52,7,69
2025-11-29,SKU02713,99,0,7,66
2025-11-29,SKU02727,52,1,7,53
2025-11-29,SKU02766,99,0,7,37
2025-11-29,SKU02783,42,0,7,32
2025-11-29,SKU02788,87,0,7,65
2025-11-29,SKU02802,48,22,7,70
2025-11-29,SKU02806,37,11,7,48
2025-11-29,SKU02860,60,0,7,21
2025-11-29,SKU02937,248,0,7,89
2025-11-29,SKU02949,72,0,7,29
2025-11-29,SKU03062,125,0,7,90
2025-11-29,SKU03080,81,0,7,56
2025-11-29,SKU03092,78,0,7,34
2025-11-29,SKU03101,1,77,7,78
2025-11-29,SKU03107,50,14,7,64
2025-11-29,SKU03125,52,5,7,57
2025-11-29,SKU03223,60,10,7,70
2025-11-29,SKU03234,84,0,7,56
2025-11-29,SKU03237,38,57,7,95
2025-11-29,SKU03447,66,0,7,34
2025-11-29,SKU03452,68,0,7,34
2025-11-29,SKU03495,116,0,7,70
2025-11-29,SKU03515,205,0,7,86
2025-11-29,SKU03601,60,4,7,64
2025-11-29,SKU03650,240,0,7,84
2025-11-29,SKU03686,212,0,7,80
2025-11-29,SKU03687,243,0,7,97
2025-11-29,SKU03702,16,4,7,20
2025-11-29,SKU03726,149,0,7,51
2025-11-29,SKU03739,139,0,7,63
2025-11-29,SKU03752,67,12,7,79
2025-11-29,SKU03786,10,30,7,40
2025-11-29,SKU03879,116,0,7,61
2025-11-29,SKU03888,63,0,7,26
2025-11-29,SKU03892,116,0,7,51
2025-11-29,SKU03949,217,0,7,76
2025-11-29,SKU04038,87,0,7,82
2025-11-29,SKU04051,77,0,7,28
2025-11-29,SKU04078,245,0,7,96
2025-11-29,SKU04149,34,0,7,28
2025-11-29,SKU04162,6,28,7,34
2025-11-29,SKU04173,11,16,7,27
2025-11-29,SKU04220,188,0,7,77
2025-11-29,SKU04299,143,0,7,74
2025-11-29,SKU04306,48,9,7,57
2025-11-29,SKU04338,149,0,7,62
2025-11-29,SKU04364,70,0,7,57
2025-11-29,SKU04379,93,31,7,124
2025-11-29,SKU04405,24,68,7,92
2025-11-29,SKU04433,65,3,7,68
2025-11-29,SKU04462,57,11,7,68
2025-11-29,SKU04503,38,0,7,29
2025-11-29,SKU04705,37,0,7,25
2025-11-29,SKU04710,86,0,7,44
2025-11-29,SKU04728,101,0,7,96
2025-11-29,SKU04802,111,0,7,41
2025-11-29,SKU04841,30,0,7,28
2025-11-29,SKU04862,14,27,7,41
2025-11-29,SKU04897,26,39,7,65
2025-11-29,SKU04899,52,0,7,36
2025-11-29,SKU04900,12,82,7,94
2025-11-29,SKU04906,226,0,7,142
2025-11-29,SKU04952,206,0,7,94
2025-11-29,SKU04967,60,0,7,43
2025-11-29,SKU04970,254,0,7,87
2025-11-29,SKU04984,96,0,7,92
2025-11-30,SKU00038,18,31,7,49
2025-11-30,SKU00046,188,0,7,93
2025-11-30,SKU00050,47,0,7,21
2025-11-30,SKU00077,32,13,7,45
2025-11-30,SKU00138,134,0,7,58
2025-11-30,SKU00205,45,14,7,59
2025-11-30,SKU00242,55,41,7,96
2025-11-30,SKU00307,122,0,7,53
2025-11-30,SKU00334,138,0,7,86
2025-11-30,SKU00411,92,0,7,92
2025-11-30,SKU00428,112,0,7,49
2025-11-30,SKU00438,215,0,7,95
2025-11-30,SKU00454,125,0,7,42
2025-11-30,SKU00519,79,0,7,34
2025-11-30,SKU00522,79,0,7,66
2025-11-30,SKU00571,68,0,7,63
2025-11-30,SKU00606,96,0,7,60
2025-11-30,SKU00632,214,0,7,86
2025-11-30,SKU00713,27,20,7,47
2025-11-30,SKU00739,144,0,7,94
2025-11-30,SKU00747,74,0,7,61
2025-11-30,SKU00759,59,0,7,26
2025-11-30,SKU00760,162,0,7,97
2025-11-30,SKU00852,26,3,7,29
2025-11-30,SKU00861,0,72,7,72
2025-11-30,SKU00872,47,0,7,25
2025-11-30,SKU00919,60,0,7,50
2025-11-30,SKU00926,53,0,7,48
2025-11-30,SKU00973,135,0,7,83
2025-11-30,SKU01022,114,0,7,75
2025-11-30,SKU01088,173,0,7,93
2025-11-30,SKU01117,39,0,7,23
2025-11-30,SKU01123,7,65,7,72
2025-11-30,SKU01389,10,20,7,30
2025-11-30,SKU01402,144,0,7,81
2025-11-30,SKU01444,253,0,7,93
2025-11-30,SKU01463,151,0,7,54
2025-11-30,SKU01492,212,0,7,84
2025-11-30,SKU01505,237,0,7,80
2025-11-30,SKU01571,146,0,7,51
2025-11-30,SKU01596,42,19,7,61
2025-11-30,SKU01600,106,0,7,43
2025-11-30,SKU01659,36,0,7,27
2025-11-30,SKU01675,8,16,7,24
2025-11-30,SKU01698,20,41,7,61
2025-11-30,SKU01745,10,23,7,33
2025-11-30,SKU01757,51,26,7,77
2025-11-30,SKU01793,34,66,7,100
2025-11-30,SKU01905,41,55,7,96
2025-11-30,SKU01989,180,0,7,79
2025-11-30,SKU02063,91,0,7,39
2025-11-30,SKU02137,179,0,7,69
2025-11-30,SKU02196,163,0,7,62
2025-11-30,SKU02200,114,0,7,72
2025-11-30,SKU02317,183,0,7,83
2025-11-30,SKU02349,259,0,7,100
2025-11-30,SKU02377,29,0,7,25
2025-11-30,SKU02457,73,9,7,82
2025-11-30,SKU02469,71,0,7,30
2025-11-30,SKU02504,144,0,7,62
2025-11-30,SKU02508,122,0,7,66
2025-11-30,SKU02633,112,0,7,70
2025-11-30,SKU02727,78,0,7,47
2025-11-30,SKU02756,45,23,7,68
2025-11-30,SKU02795,10,53,7,63
2025-11-30,SKU02800,63,0,7,24
2025-11-30,SKU02813,50,2,7,52
2025-11-30,SKU02844,97,0,7,36
2025-11-30,SKU02932,121,0,7,63
2025-11-30,SKU02954,10,78,7,88
2025-11-30,SKU03032,188,0,7,72
2025-11-30,SKU03038,27,0,7,25
2025-11-30,SKU03043,80,0,7,75
2025-11-30,SKU03062,104,0,7,53
2025-11-30,SKU03112,104,0,7,70
2025-11-30,SKU03130,39,0,7,31
2025-11-30,SKU03138,203,0,7,83
2025-11-30,SKU03255,249,0,7,91
2025-11-30,SKU03359,66,0,7,60
2025-11-30,SKU03367,20,20,7,40
2025-11-30,SKU03418,42,0,7,36
2025-11-30,SKU03502,33,10,7,43
2025-11-30,SKU03503,130,0,7,46
2025-11-30,SKU03547,130,0,7,78
2025-11-30,SKU03607,80,0,7,28
2025-11-30,SKU03638,64,0,7,53
2025-11-30,SKU03662,90,0,7,34
2025-11-30,SKU03677,57,1,7,58
2025-11-30,SKU03691,159,0,7,90
2025-11-30,SKU03694,196,0,7,67
2025-11-30,SKU03724,224,0,7,94
2025-11-30,SKU03734,85,0,7,43
2025-11-30,SKU03758,46,53,7,99
2025-11-30,SKU03770,4,64,7,68
2025-11-30,SKU03853,14,9,7,23
2025-11-30,SKU03877,268,0,7,108
2025-11-30,SKU03881,161,0,7,84
2025-11-30,SKU03888,133,0,7,76
2025-11-30,SKU03937,94,43,7,137
2025-11-30,SKU03953,15,28,7,43
2025-11-30,SKU03975,32,5,7,37
2025-11-30,SKU03977,33,43,7,76
2025-11-30,SKU03997,62,30,7,92
2025-11-30,SKU04004,102,0,7,36
2025-11-30,SKU04008,88,0,7,30
2025-11-30,SKU04021,53,0,7,22
2025-11-30,SKU04037,128,0,7,70
2025-11-30,SKU04060,80,0,7,45
2025-11-30,SKU04086,21,41,7,62
2025-11-30,SKU04114,213,0,7,84
2025-11-30,SKU04195,210,0,7,81
2025-11-30,SKU04208,73,17,7,90
2025-11-30,SKU04226,244,0,7,89
2025-11-30,SKU04229,142,0,7,58
2025-11-30,SKU04428,195,0,7,77
2025-11-30,SKU04432,57,0,7,23
2025-11-30,SKU04456,196,0,7,67
2025-11-30,SKU04481,168,0,7,62
2025-11-30,SKU04506,169,0,7,98
2025-11-30,SKU04540,37,0,7,23
2025-11-30,SKU04542,76,0,7,43
2025-11-30,SKU04544,19,43,7,62
2025-11-30,SKU04671,167,0,7,75
2025-11-30,SKU04688,179,0,7,95
2025-11-30,SKU04801,110,0,7,44
2025-11-30,SKU04818,144,0,7,70
2025-11-30,SKU04829,166,0,7,89
2025-11-30,SKU04867,99,0,7,57
2025-11-30,SKU04900,160,0,7,129
2025-11-30,SKU04993,39,9,7,48
2025-12-01,SKU00006,74,0,7,71
2025-12-01,SKU00018,42,24,7,66
2025-12-01,SKU00028,71,20,7,91
2025-12-01,SKU00057,30,1,7,31
2025-12-01,SKU00074,65,0,7,49
2025-12-01,SKU00092,127,0,7,84
2025-12-01,SKU00106,1,31,7,32
2025-12-01,SKU00228,141,0,7,50
2025-12-01,SKU00232,175,0,7,62
2025-12-01,SKU00247,84,0,7,60
2025-12-01,SKU00301,175,0,7,93
2025-12-01,SKU00335,63,32,7,95
2025-12-01,SKU00340,70,0,7,54
2025-12-01,SKU00440,60,0,7,21
2025-12-01,SKU00529,1,98,7,99
2025-12-01,SKU00542,55,0,7,21
2025-12-01,SKU00583,34,0,7,21
2025-12-01,SKU00588,76,13,7,89
2025-12-01,SKU00597,12,41,7,53
2025-12-01,SKU00684,7,87,7,94
2025-12-01,SKU00751,146,0,7,57
2025-12-01,SKU00765,33,6,7,39
2025-12-01,SKU00782,134,0,7,47
2025-12-01,SKU00788,61,35,7,96
2025-12-01,SKU00798,119,0,7,65
2025-12-01,SKU00867,49,0,7,34
2025-12-01,SKU00931,181,0,7,72
2025-12-01,SKU00949,115,0,7,56
2025-12-01,SKU00977,135,0,7,80
2025-12-01,SKU01007,127,0,7,88
2025-12-01,SKU01066,69,0,7,28
2025-12-01,SKU01082,63,0,7,34
2025-12-01,SKU01102,0,38,7,38
2025-12-01,SKU01142,165,0,7,112
2025-12-01,SKU01154,55,0,7,24
2025-12-01,SKU01169,28,45,7,73
2025-12-01,SKU01193,115,0,7,41
2025-12-01,SKU01238,1,28,7,29
2025-12-01,SKU01247,56,0,7,20
2025-12-01,SKU01255,88,0,7,64
2025-12-01,SKU01387,37,32,7,69
2025-12-01,SKU01456,119,0,7,47
2025-12-01,SKU01548,94,0,7,39
2025-12-01,SKU01647,166,0,7,65
2025-12-01,SKU01659,82,0,7,50
2025-12-01,SKU01668,56,0,7,31
2025-12-01,SKU01673,85,0,7,53
2025-12-01,SKU01743,221,0,7,84
2025-12-01,SKU01774,161,0,7,77
2025-12-01,SKU01793,56,0,7,37
2025-12-01,SKU01828,76,0,7,35
2025-12-01,SKU01891,75,0,7,26
2025-12-01,SKU01913,44,5,7,49
2025-12-01,SKU01937,31,0,7,25
2025-12-01,SKU01943,5,70,7,75
2025-12-01,SKU01949,105,0,7,99
2025-12-01,SKU01956,148,0,7,64
2025-12-01,SKU02009,75,19,7,94
2025-12-01,SKU02090,207,0,7,87
2025-12-01,SKU02101,70,14,7,84
2025-12-01,SKU02151,59,30,7,89
2025-12-01,SKU02162,46,10,7,56
2025-12-01,SKU02180,24,21,7,45
2025-12-01,SKU02227,107,0,7,83
2025-12-01,SKU02265,65,0,7,51
2025-12-01,SKU02273,24,4,7,28
2025-12-01,SKU02275,121,0,7,45
2025-12-01,SKU02288,45,0,7,28
2025-12-01,SKU02316,96,0,7,67
2025-12-01,SKU02337,91,0,7,51
2025-12-01,SKU02349,26,50,7,76
2025-12-01,SKU02374,16,41,7,57
2025-12-01,SKU02379,140,0,7,100
2025-12-01,SKU02406,124,0,7,60
2025-12-01,SKU02427,76,0,7,66
2025-12-01,SKU02442,91,0,7,50
2025-12-01,SKU02603,220,0,7,97
2025-12-01,SKU02622,13,19,7,32
2025-12-01,SKU02706,90,0,7,87
2025-12-01,SKU02708,199,0,7,78
2025-12-01,SKU02787,9,11,7,20
2025-12-01,SKU02846,265,0,7,92
2025-12-01,SKU02857,165,0,7,81
2025-12-01,SKU02890,143,0,7,52
2025-12-01,SKU02912,25,38,7,63
2025-12-01,SKU02956,229,0,7,84
2025-12-01,SKU02969,161,0,7,69
2025-12-01,SKU02986,40,0,7,37
2025-12-01,SKU02988,177,0,7,69
2025-12-01,SKU03007,7,13,7,20
2025-12-01,SKU03049,136,0,7,55
2025-12-01,SKU03068,249,0,7,92
2025-12-01,SKU03069,136,0,7,76
2025-12-01,SKU03153,4,16,7,20
2025-12-01,SKU03182,175,0,7,65
2025-12-01,SKU03202,88,0,7,54
2025-12-01,SKU03214,140,0,7,48
2025-12-01,SKU03262,8,18,7,26
2025-12-01,SKU03307,6,19,7,25
2025-12-01,SKU03329,84,0,7,68
2025-12-01,SKU03338,19,28,7,47
2025-12-01,SKU03356,38,0,7,21
2025-12-01,SKU03396,43,0,7,21
2025-12-01,SKU03400,242,0,7,93
2025-12-01,SKU03452,19,1,7,20
2025-12-01,SKU03461,68,23,7,91
2025-12-01,SKU03487,95,0,7,54
2025-12-01,SKU03611,47,0,7,46
2025-12-01,SKU03613,48,0,7,29
2025-12-01,SKU03641,27,46,7,73
2025-12-01,SKU03664,36,0,7,24
2025-12-01,SKU03700,12,22,7,34
2025-12-01,SKU03706,19,14,7,33
2025-12-01,SKU03741,16,57,7,73
2025-12-01,SKU03839,184,0,7,98
2025-12-01,SKU03865,125,0,7,46
2025-12-01,SKU03866,162,0,7,84
2025-12-01,SKU03869,98,0,7,33
2025-12-01,SKU03871,78,0,7,46
2025-12-01,SKU03917,9,29,7,38
2025-12-01,SKU03947,197,0,7,95
2025-12-01,SKU04045,117,0,7,80
2025-12-01,SKU04079,70,0,7,67
2025-12-01,SKU04084,128,0,7,99
2025-12-01,SKU04086,19,17,7,36
2025-12-01,SKU04095,29,5,7,34
2025-12-01,SKU04096,88,0,7,41
2025-12-01,SKU04109,127,0,7,95
2025-12-01,SKU04123,2,25,7,27
2025-12-01,SKU04133,58,0,7,48
2025-12-01,SKU04297,107,0,7,98
2025-12-01,SKU04344,1,21,7,22
2025-12-01,SKU04366,138,0,7,58
2025-12-01,SKU04383,70,0,7,54
2025-12-01,SKU04440,154,0,7,67
2025-12-01,SKU04498,56,9,7,65
2025-12-01,SKU04573,7,90,7,97
2025-12-01,SKU04584,103,0,7,39
2025-12-01,SKU04589,211,0,7,75
2025-12-01,SKU04625,59,0,7,52
2025-12-01,SKU04628,34,0,7,29
2025-12-01,SKU04721,243,0,7,100
2025-12-01,SKU04774,56,0,7,35
2025-12-01,SKU04808,56,0,7,40
2025-12-01,SKU04850,132,0,7,70
2025-12-01,SKU04852,57,16,7,73
2025-12-01,SKU04864,63,0,7,28
2025-12-01,SKU04865,113,0,7,65
2025-12-01,SKU04866,183,0,7,89
2025-12-01,SKU04880,7,40,7,47
2025-12-01,SKU04895,2,32,7,34
2025-12-01,SKU04939,34,0,7,28
2025-12-02,SKU00097,232,0,7,93
2025-12-02,SKU00197,58,0,7,25
2025-12-02,SKU00198,240,0,7,100
2025-12-02,SKU00201,53,0,7,42
2025-12-02,SKU00223,148,0,7,66
2025-12-02,SKU00277,34,8,7,42
2025-12-02,SKU00343,252,0,7,87
2025-12-02,SKU00396,111,0,7,45
2025-12-02,SKU00489,73,0,7,32
2025-12-02,SKU00504,192,0,7,73
2025-12-02,SKU00538,104,0,7,65
2025-12-02,SKU00576,11,89,7,100
2025-12-02,SKU00590,86,0,7,60
2025-12-02,SKU00602,60,37,7,97
2025-12-02,SKU00606,10,67,7,77
2025-12-02,SKU00615,54,0,7,21
2025-12-02,SKU00621,46,43,7,89
2025-12-02,SKU00628,42,0,7,20
2025-12-02,SKU00633,122,0,7,71
2025-12-02,SKU00833,125,0,7,68
2025-12-02,SKU00841,36,0,7,34
2025-12-02,SKU00844,109,0,7,95
2025-12-02,SKU00851,15,66,7,81
2025-12-02,SKU00888,119,0,7,65
2025-12-02,SKU00970,127,0,7,81
2025-12-02,SKU00997,140,0,7,84
2025-12-02,SKU01107,66,27,7,93
2025-12-02,SKU01108,26,7,7,33
2025-12-02,SKU01127,132,0,7,76
2025-12-02,SKU01195,222,0,7,88
2025-12-02,SKU01234,202,0,7,73
2025-12-02,SKU01266,26,7,7,33
2025-12-02,SKU01280,20,4,7,24
2025-12-02,SKU01296,12,18,7,30
2025-12-02,SKU01365,55,44,7,99
2025-12-02,SKU01403,17,3,7,20
2025-12-02,SKU01422,59,40,7,99
2025-12-02,SKU01425,56,0,7,41
2025-12-02,SKU01444,116,0,7,45
2025-12-02,SKU01509,90,0,7,40
2025-12-02,SKU01533,32,65,7,97
2025-12-02,SKU01552,131,0,7,95
2025-12-02,SKU01562,21,7,7,28
2025-12-02,SKU01565,37,15,7,52
2025-12-02,SKU01595,10,45,7,55
2025-12-02,SKU01629,227,0,7,83
2025-12-02,SKU01652,13,30,7,43
2025-12-02,SKU01689,166,0,7,70
2025-12-02,SKU01838,194,0,7,89
2025-12-02,SKU01875,248,0,7,94
2025-12-02,SKU01876,61,0,7,53
2025-12-02,SKU01884,0,71,7,71
2025-12-02,SKU01888,62,29,7,91
2025-12-02,SKU01899,82,0,7,67
2025-12-02,SKU01931,64,0,7,23
2025-12-02,SKU01934,139,0,7,94
2025-12-02,SKU01938,67,0,7,47
2025-12-02,SKU01989,69,0,7,24
2025-12-02,SKU02039,26,19,7,45
2025-12-02,SKU02050,39,40,7,79
2025-12-02,SKU02120,122,0,7,71
2025-12-02,SKU02183,92,0,7,70
2025-12-02,SKU02269,96,0,7,60
2025-12-02,SKU02273,267,0,7,118
2025-12-02,SKU02296,167,0,7,82
2025-12-02,SKU02310,1,71,7,72
2025-12-02,SKU02312,4,17,7,21
2025-12-02,SKU02337,81,0,7,43
2025-12-02,SKU02358,118,0,7,84
2025-12-02,SKU02464,85,0,7,29
2025-12-02,SKU02488,18,61,7,79
2025-12-02,SKU02549,97,0,7,84
2025-12-02,SKU02564,47,0,7,34
2025-12-02,SKU02592,30,8,7,38
2025-12-02,SKU02723,67,19,7,86
2025-12-02,SKU02752,149,0,7,100
2025-12-02,SKU02874,24,15,7,39
2025-12-02,SKU02878,90,0,7,36
2025-12-02,SKU02918,218,0,7,97
2025-12-02,SKU02925,177,0,7,67
2025-12-02,SKU02931,71,0,7,44
2025-12-02,SKU03084,59,0,7,25
2025-12-02,SKU03124,18,71,7,89
2025-12-02,SKU03132,76,0,7,55
2025-12-02,SKU03161,43,0,7,29
2025-12-02,SKU03343,136,0,7,68
2025-12-02,SKU03434,220,0,7,77
2025-12-02,SKU03437,232,0,7,99
2025-12-02,SKU03495,132,0,7,75
2025-12-02,SKU03508,34,30,7,64
2025-12-02,SKU03534,69,0,7,30
2025-12-02,SKU03579,90,0,7,53
2025-12-02,SKU03607,42,39,7,81
2025-12-02,SKU03623,127,0,7,49
2025-12-02,SKU03677,52,0,7,24
2025-12-02,SKU03777,58,38,7,96
2025-12-02,SKU03849,74,0,7,64
2025-12-02,SKU03865,54,0,7,48
2025-12-02,SKU03869,62,0,7,26
2025-12-02,SKU03879,153,0,7,111
2025-12-02,SKU03883,40,0,7,26
2025-12-02,SKU04022,86,0,7,51
2025-12-02,SKU04063,18,34,7,52
2025-12-02,SKU04105,36,5,7,41
2025-12-02,SKU04159,168,0,7,81
2025-12-02,SKU04259,164,0,7,61
2025-12-02,SKU04264,0,23,7,23
2025-12-02,SKU04335,47,0,7,29
2025-12-02,SKU04368,27,10,7,37
2025-12-02,SKU04380,31,1,7,32
2025-12-02,SKU04397,55,0,7,25
2025-12-02,SKU04438,124,0,7,78
2025-12-02,SKU04488,170,0,7,81
2025-12-02,SKU04522,73,0,7,35
2025-12-02,SKU04592,148,0,7,74
2025-12-02,SKU04610,9,49,7,58
2025-12-02,SKU04673,202,0,7,76
2025-12-02,SKU04684,49,33,7,82
2025-12-02,SKU04704,142,0,7,89
2025-12-02,SKU04733,7,34,7,41
2025-12-02,SKU04761,51,0,7,43
2025-12-02,SKU04776,156,0,7,66
2025-12-02,SKU04891,50,0,7,27
2025-12-02,SKU04912,31,0,7,21
2025-12-02,SKU04929,221,0,7,92
2025-12-02,SKU04936,278,0,7,100
2025-12-02,SKU04940,120,0,7,53
2025-12-02,SKU04948,105,0,7,90
2025-12-02,SKU04950,10,10,7,20
2025-12-02,SKU04989,154,0,7,94
2025-12-03,SKU00004,148,0,7,99
2025-12-03,SKU00005,119,0,7,40
2025-12-03,SKU00171,113,0,7,97
2025-12-03,SKU00213,23,11,7,34
2025-12-03,SKU00220,89,0,7,40
2025-12-03,SKU00230,93,0,7,50
2025-12-03,SKU00319,218,0,7,88
2025-12-03,SKU00357,122,0,7,44
2025-12-03,SKU00365,88,0,7,66
2025-12-03,SKU00382,193,0,7,65
2025-12-03,SKU00405,149,0,7,75
2025-12-03,SKU00420,271,0,7,98
2025-12-03,SKU00432,150,0,7,76
2025-12-03,SKU00461,62,0,7,25
2025-12-03,SKU00530,107,0,7,41
2025-12-03,SKU00580,92,0,7,76
2025-12-03,SKU00597,99,0,7,48
2025-12-03,SKU00742,162,0,7,90
2025-12-03,SKU00759,175,0,7,99
2025-12-03,SKU00807,44,14,7,58
2025-12-03,SKU00819,19,46,7,65
2025-12-03,SKU00840,61,0,7,38
2025-12-03,SKU00853,63,0,7,52
2025-12-03,SKU00996,134,0,7,64
2025-12-03,SKU01015,30,0,7,28
2025-12-03,SKU01018,91,0,7,42
2025-12-03,SKU01020,0,64,7,64
2025-12-03,SKU01049,37,0,7,21
2025-12-03,SKU01091,62,17,7,79
2025-12-03,SKU01121,155,0,7,100
2025-12-03,SKU01132,20,38,7,58
2025-12-03,SKU01165,6,37,7,43
2025-12-03,SKU01282,223,0,7,86
2025-12-03,SKU01308,8,62,7,70
2025-12-03,SKU01346,16,25,7,41
2025-12-03,SKU01386,121,0,7,87
2025-12-03,SKU01389,106,0,7,57
2025-12-03,SKU01415,190,0,7,95
2025-12-03,SKU01453,66,0,7,23
2025-12-03,SKU01455,102,0,7,46
2025-12-03,SKU01514,144,0,7,67
2025-12-03,SKU01519,81,0,7,59
2025-12-03,SKU01590,27,5,7,32
2025-12-03,SKU01616,35,0,7,22
2025-12-03,SKU01617,81,7,7,88
2025-12-03,SKU01656,61,0,7,50
2025-12-03,SKU01668,25,46,7,71
2025-12-03,SKU01760,16,15,7,31
2025-12-03,SKU01807,86,0,7,37
2025-12-03,SKU01837,120,0,7,99
2025-12-03,SKU01896,58,38,7,96
2025-12-03,SKU01989,65,0,7,35
2025-12-03,SKU02017,263,0,7,98
2025-12-03,SKU02022,31,1,7,32
2025-12-03,SKU02034,81,0,7,57
2025-12-03,SKU02078,228,0,7,98
2025-12-03,SKU02105,193,0,7,74
2025-12-03,SKU02115,167,0,7,83
2025-12-03,SKU02154,193,0,7,77
2025-12-03,SKU02189,57,3,7,60
2025-12-03,SKU02220,8,54,7,62
2025-12-03,SKU02257,55,0,7,33
2025-12-03,SKU02270,161,0,7,92
2025-12-03,SKU02293,97,0,7,79
2025-12-03,SKU02299,51,11,7,62
2025-12-03,SKU02301,7,49,7,56
2025-12-03,SKU02326,4,45,7,49
2025-12-03,SKU02327,67,4,7,71
2025-12-03,SKU02389,173,0,7,72
2025-12-03,SKU02392,125,0,7,69
2025-12-03,SKU02397,71,0,7,38
2025-12-03,SKU02403,24,0,7,21
2025-12-03,SKU02504,71,4,7,75
2025-12-03,SKU02506,0,25,7,25
2025-12-03,SKU02523,173,0,7,87
2025-12-03,SKU02597,31,5,7,36
2025-12-03,SKU02600,6,21,7,27
2025-12-03,SKU02630,95,0,7,32
2025-12-03,SKU02632,247,0,7,91
2025-12-03,SKU02634,118,0,7,114
2025-12-03,SKU02695,141,0,7,75
2025-12-03,SKU02711,31,0,7,31
2025-12-03,SKU02874,27,52,7,79
2025-12-03,SKU02878,216,0,7,92
2025-12-03,SKU02882,247,0,7,96
2025-12-03,SKU02924,108,0,7,76
2025-12-03,SKU02970,92,0,7,68
2025-12-03,SKU02986,28,36,7,64
2025-12-03,SKU03005,122,0,7,73
2025-12-03,SKU03091,12,67,7,79
2025-12-03,SKU03095,86,0,7,40
2025-12-03,SKU03116,12,72,7,84
2025-12-03,SKU03182,122,0,7,65
2025-12-03,SKU03229,18,19,7,37
2025-12-03,SKU03236,91,0,7,60
2025-12-03,SKU03243,10,54,7,64
2025-12-03,SKU03270,34,11,7,45
2025-12-03,SKU03304,106,0,7,71
2025-12-03,SKU03373,29,62,7,91
2025-12-03,SKU03397,81,0,7,28
2025-12-03,SKU03409,18,7,7,25
2025-12-03,SKU03461,73,0,7,25
2025-12-03,SKU03573,108,0,7,37
2025-12-03,SKU03587,13,32,7,45
2025-12-03,SKU03682,10,11,7,21
2025-12-03,SKU03753,175,0,7,62
2025-12-03,SKU03759,148,0,7,92
2025-12-03,SKU03765,37,0,7,28
2025-12-03,SKU03782,63,0,7,28
2025-12-03,SKU03826,217,0,7,91
2025-12-03,SKU03855,23,61,7,84
2025-12-03,SKU03878,159,0,7,63
2025-12-03,SKU03883,71,1,7,72
2025-12-03,SKU03896,259,0,7,124
2025-12-03,SKU03906,0,77,7,77
2025-12-03,SKU03934,101,0,7,88
2025-12-03,SKU03960,216,0,7,80
2025-12-03,SKU03970,104,0,7,48
2025-12-03,SKU03981,153,0,7,68
2025-12-03,SKU03983,212,0,7,86
2025-12-03,SKU03995,205,0,7,81
2025-12-03,SKU04002,128,0,7,48
2025-12-03,SKU04025,148,0,7,51
2025-12-03,SKU04070,58,0,7,23
2025-12-03,SKU04098,213,0,7,79
2025-12-03,SKU04127,137,0,7,81
2025-12-03,SKU04131,52,0,7,47
2025-12-03,SKU04138,28,18,7,46
2025-12-03,SKU04180,24,14,7,38
2025-12-03,SKU04186,143,0,7,56
2025-12-03,SKU04266,187,0,7,70
2025-12-03,SKU04300,90,0,7,69
2025-12-03,SKU04365,105,0,7,39
2025-12-03,SKU04369,46,0,7,24
2025-12-03,SKU04413,169,0,7,86
2025-12-03,SKU04424,35,24,7,59
2025-12-03,SKU04458,160,0,7,73
2025-12-03,SKU04503,263,0,7,95
2025-12-03,SKU04548,3,38,7,41
2025-12-03,SKU04556,59,18,7,77
2025-12-03,SKU04597,256,0,7,100
2025-12-03,SKU04762,136,0,7,65
2025-12-03,SKU04778,10,38,7,48
2025-12-03,SKU04850,263,0,7,100
2025-12-03,SKU04964,133,0,7,47
2025-12-04,SKU00035,80,0,7,28
2025-12-04,SKU00050,1,84,7,85
2025-12-04,SKU00103,156,0,7,68
2025-12-04,SKU00202,79,0,7,41
2025-12-04,SKU00224,218,0,7,77
2025-12-04,SKU00241,141,0,7,67
2025-12-04,SKU00265,124,0,7,68
2025-12-04,SKU00276,35,0,7,33
2025-12-04,SKU00295,91,0,7,41
2025-12-04,SKU00358,115,0,7,41
2025-12-04,SKU00464,95,0,7,35
2025-12-04,SKU00517,28,8,7,36
2025-12-04,SKU00586,72,17,7,89
2025-12-04,SKU00594,16,22,7,38
2025-12-04,SKU00619,126,0,7,78
2025-12-04,SKU00637,132,0,7,88
2025-12-04,SKU00642,64,0,7,40
2025-12-04,SKU00680,29,52,7,81
2025-12-04,SKU00842,56,0,7,52
2025-12-04,SKU00865,221,0,7,97
2025-12-04,SKU00892,99,0,7,48
2025-12-04,SKU00919,262,0,7,92
2025-12-04,SKU00926,51,0,7,41
2025-12-04,SKU00931,227,0,7,79
2025-12-04,SKU00955,16,11,7,27
2025-12-04,SKU00997,60,0,7,37
2025-12-04,SKU01006,213,0,7,81
2025-12-04,SKU01110,26,0,7,23
2025-12-04,SKU01113,53,0,7,52
2025-12-04,SKU01128,43,22,7,65
2025-12-04,SKU01142,107,0,7,38
2025-12-04,SKU01157,42,0,7,39
2025-12-04,SKU01306,4,17,7,21
2025-12-04,SKU01314,23,19,7,42
2025-12-04,SKU01325,18,28,7,46
2025-12-04,SKU01356,98,0,7,62
2025-12-04,SKU01363,19,8,7,27
2025-12-04,SKU01405,82,0,7,42
2025-12-04,SKU01519,180,0,7,81
2025-12-04,SKU01713,6,40,7,46
2025-12-04,SKU01739,158,0,7,99
2025-12-04,SKU01761,67,32,7,99
2025-12-04,SKU01804,60,0,7,36
2025-12-04,SKU01808,110,0,7,54
2025-12-04,SKU01857,124,0,7,45
2025-12-04,SKU01923,153,0,7,93
2025-12-04,SKU01928,64,31,7,95
2025-12-04,SKU02005,66,0,7,47
2025-12-04,SKU02029,62,0,7,29
2025-12-04,SKU02031,76,0,7,55
2025-12-04,SKU02044,175,0,7,74
2025-12-04,SKU02080,152,0,7,85
2025-12-04,SKU02120,21,70,7,91
2025-12-04,SKU02220,81,0,7,43
2025-12-04,SKU02234,206,0,7,83
2025-12-04,SKU02272,71,0,7,27
2025-12-04,SKU02309,15,31,7,46
2025-12-04,SKU02320,165,0,7,65
2025-12-04,SKU02330,128,0,7,62
2025-12-04,SKU02361,163,0,7,89
2025-12-04,SKU02483,74,0,7,42
2025-12-04,SKU02575,138,0,7,76
2025-12-04,SKU02620,70,0,7,65
2025-12-04,SKU02623,43,0,7,39
2025-12-04,SKU02641,233,0,7,79
2025-12-04,SKU02694,5,19,7,24
2025-12-04,SKU02706,29,60,7,89
2025-12-04,SKU02738,286,0,7,99
2025-12-04,SKU02752,128,0,7,95
2025-12-04,SKU02804,85,0,7,67
2025-12-04,SKU02893,26,18,7,44
2025-12-04,SKU02923,103,0,7,84
2025-12-04,SKU02927,59,0,7,21
2025-12-04,SKU02940,86,0,7,46
2025-12-04,SKU02947,21,6,7,27
2025-12-04,SKU02971,102,0,7,81
2025-12-04,SKU02974,225,0,7,79
2025-12-04,SKU03021,172,0,7,93
2025-12-04,SKU03055,118,0,7,82
2025-12-04,SKU03085,12,37,7,49
2025-12-04,SKU03136,108,0,7,54
2025-12-04,SKU03161,41,47,7,88
2025-12-04,SKU03213,9,88,7,97
2025-12-04,SKU03283,212,0,7,86
2025-12-04,SKU03314,82,0,7,73
2025-12-04,SKU03348,3,68,7,71
2025-12-04,SKU03363,65,4,7,69
2025-12-04,SKU03514,159,0,7,98
2025-12-04,SKU03568,51,0,7,38
2025-12-04,SKU03581,62,0,7,48
2025-12-04,SKU03593,62,0,7,21
2025-12-04,SKU03643,103,0,7,47
2025-12-04,SKU03685,219,0,7,88
2025-12-04,SKU03732,165,0,7,59
2025-12-04,SKU03775,38,44,7,82
2025-12-04,SKU03808,88,0,7,61
2025-12-04,SKU03810,108,0,7,40
2025-12-04,SKU03917,33,45,7,78
2025-12-04,SKU03943,38,48,7,86
2025-12-04,SKU03954,47,31,7,78
2025-12-04,SKU03980,43,29,7,72
2025-12-04,SKU03989,57,0,7,25
2025-12-04,SKU04003,22,45,7,67
2025-12-04,SKU04005,119,0,7,57
2025-12-04,SKU04009,20,56,7,76
2025-12-04,SKU04061,61,0,7,50
2025-12-04,SKU04071,131,0,7,45
2025-12-04,SKU04120,137,0,7,56
2025-12-04,SKU04157,58,0,7,57
2025-12-04,SKU04165,202,0,7,84
2025-12-04,SKU04231,155,0,7,61
2025-12-04,SKU04235,62,0,7,43
2025-12-04,SKU04311,59,0,7,26
2025-12-04,SKU04343,110,0,7,83
2025-12-04,SKU04357,50,0,7,41
2025-12-04,SKU04416,87,11,7,98
2025-12-04,SKU04419,15,21,7,36
2025-12-04,SKU04463,49,0,7,28
2025-12-04,SKU04592,74,0,7,67
2025-12-04,SKU04601,23,51,7,74
2025-12-04,SKU04613,38,6,7,44
2025-12-04,SKU04707,4,20,7,24
2025-12-04,SKU04732,30,53,7,83
2025-12-04,SKU04736,131,0,7,66
2025-12-04,SKU04763,25,3,7,28
2025-12-04,SKU04785,16,15,7,31
2025-12-04,SKU04825,36,57,7,93
2025-12-04,SKU04892,116,0,7,81
2025-12-04,SKU04920,59,0,7,22
2025-12-04,SKU04992,78,0,7,45
2025-12-05,SKU00007,40,35,7,75
2025-12-05,SKU00085,238,0,7,84
2025-12-05,SKU00108,205,0,7,70
2025-12-05,SKU00144,95,0,7,51
2025-12-05,SKU00195,160,0,7,77
2025-12-05,SKU00221,55,30,7,85
2025-12-05,SKU00242,171,0,7,117
2025-12-05,SKU00286,161,0,7,66
2025-12-05,SKU00333,201,0,7,98
2025-12-05,SKU00398,179,0,7,92
2025-12-05,SKU00415,146,0,7,52
2025-12-05,SKU00495,59,0,7,24
2025-12-05,SKU00559,7,13,7,20
2025-12-05,SKU00578,97,0,7,61
2025-12-05,SKU00647,107,0,7,66
2025-12-05,SKU00681,8,25,7,33
2025-12-05,SKU00685,4,68,7,72
2025-12-05,SKU00712,192,0,7,76
2025-12-05,SKU00822,90,0,7,37
2025-12-05,SKU00867,0,47,7,47
2025-12-05,SKU00878,42,38,7,80
2025-12-05,SKU00895,58,0,7,36
2025-12-05,SKU00904,207,0,7,83
2025-12-05,SKU00919,223,0,7,80
2025-12-05,SKU00924,23,67,7,90
2025-12-05,SKU00960,229,0,7,96
2025-12-05,SKU00973,175,0,7,90
2025-12-05,SKU00977,73,0,7,30
2025-12-05,SKU00990,131,0,7,68
2025-12-05,SKU01086,78,19,7,97
2025-12-05,SKU01124,197,0,7,68
2025-12-05,SKU01184,1,30,7,31
2025-12-05,SKU01227,23,8,7,31
2025-12-05,SKU01238,251,0,7,88
2025-12-05,SKU01241,20,5,7,25
2025-12-05,SKU01257,110,0,7,71
2025-12-05,SKU01277,179,0,7,89
2025-12-05,SKU01297,55,0,7,22
2025-12-05,SKU01334,7,85,7,92
2025-12-05,SKU01416,179,0,7,98
2025-12-05,SKU01450,6,17,7,23
2025-12-05,SKU01458,212,0,7,85
2025-12-05,SKU01492,208,0,7,84
2025-12-05,SKU01520,26,71,7,97
2025-12-05,SKU01524,67,0,7,39
2025-12-05,SKU01529,157,0,7,82
2025-12-05,SKU01617,43,40,7,83
2025-12-05,SKU01630,107,5,7,112
2025-12-05,SKU01682,1,53,7,54
2025-12-05,SKU01759,1,30,7,31
2025-12-05,SKU01768,60,0,7,26
2025-12-05,SKU01875,36,8,7,44
2025-12-05,SKU01898,155,0,7,57
2025-12-05,SKU01917,27,35,7,62
2025-12-05,SKU01920,118,0,7,70
2025-12-05,SKU01943,97,0,7,54
2025-12-05,SKU02000,31,27,7,58
2025-12-05,SKU02016,20,52,7,72
2025-12-05,SKU02071,170,0,7,94
2025-12-05,SKU02094,75,0,7,37
2025-12-05,SKU02123,109,0,7,95
2025-12-05,SKU02133,56,0,7,41
2025-12-05,SKU02193,125,0,7,57
2025-12-05,SKU02269,124,0,7,48
2025-12-05,SKU02284,85,0,7,74
2025-12-05,SKU02287,95,0,7,44
2025-12-05,SKU02303,75,0,7,34
2025-12-05,SKU02311,229,0,7,95
2025-12-05,SKU02347,15,27,7,42
2025-12-05,SKU02389,49,5,7,54
2025-12-05,SKU02407,6,73,7,79
2025-12-05,SKU02429,78,13,7,91
2025-12-05,SKU02447,188,0,7,96
2025-12-05,SKU02475,163,0,7,60
2025-12-05,SKU02524,116,0,7,58
2025-12-05,SKU02536,88,0,7,79
2025-12-05,SKU02593,57,0,7,39
2025-12-05,SKU02601,226,0,7,76
2025-12-05,SKU02609,137,0,7,99
2025-12-05,SKU02638,177,0,7,83
2025-12-05,SKU02752,10,46,7,56
2025-12-05,SKU02822,77,12,7,89
2025-12-05,SKU02838,279,0,7,94
2025-12-05,SKU02863,57,19,7,76
2025-12-05,SKU02898,15,18,7,33
2025-12-05,SKU02935,82,0,7,32
2025-12-05,SKU02949,111,0,7,47
2025-12-05,SKU03022,70,0,7,53
2025-12-05,SKU03060,35,14,7,49
2025-12-05,SKU03125,129,0,7,55
2025-12-05,SKU03241,57,0,7,33
2025-12-05,SKU03248,90,0,7,35
2025-12-05,SKU03338,61,20,7,81
2025-12-05,SKU03340,14,13,7,27
2025-12-05,SKU03351,12,12,7,24
2025-12-05,SKU03426,8,20,7,28
2025-12-05,SKU03460,129,0,7,49
2025-12-05,SKU03462,29,30,7,59
2025-12-05,SKU03478,210,0,7,76
2025-12-05,SKU03500,78,0,7,34
2025-12-05,SKU03532,190,0,7,99
2025-12-05,SKU03541,210,0,7,89
2025-12-05,SKU03577,31,48,7,79
2025-12-05,SKU03629,190,0,7,78
2025-12-05,SKU03667,95,0,7,70
2025-12-05,SKU03679,38,47,7,85
2025-12-05,SKU03689,22,68,7,90
2025-12-05,SKU03754,114,0,7,45
2025-12-05,SKU03793,163,0,7,76
2025-12-05,SKU03809,125,0,7,65
2025-12-05,SKU03825,186,0,7,86
2025-12-05,SKU03908,70,0,7,35
2025-12-05,SKU03974,125,0,7,65
2025-12-05,SKU03982,31,9,7,40
2025-12-05,SKU04000,5,18,7,23
2025-12-05,SKU04008,39,5,7,44
2025-12-05,SKU04011,54,0,7,38
2025-12-05,SKU04141,94,0,7,32
2025-12-05,SKU04196,223,0,7,86
2025-12-05,SKU04202,39,6,7,45
2025-12-05,SKU04361,97,0,7,42
2025-12-05,SKU04394,86,0,7,72
2025-12-05,SKU04398,58,18,7,76
2025-12-05,SKU04429,20,38,7,58
2025-12-05,SKU04448,64,18,7,82
2025-12-05,SKU04450,7,70,7,77
2025-12-05,SKU04467,174,0,7,78
2025-12-05,SKU04500,179,0,7,117
2025-12-05,SKU04587,17,16,7,33
2025-12-05,SKU04595,131,0,7,44
2025-12-05,SKU04601,130,0,7,48
2025-12-05,SKU04611,41,0,7,35
2025-12-05,SKU04682,37,45,7,82
2025-12-05,SKU04723,194,0,7,77
2025-12-05,SKU04871,0,25,7,25
2025-12-05,SKU04880,92,0,7,63
2025-12-05,SKU04893,162,0,7,67
2025-12-05,SKU04961,128,0,7,77
2025-12-05,SKU04971,147,0,7,53
2025-12-06,SKU00013,258,0,7,100
2025-12-06,SKU00053,60,0,7,27
2025-12-06,SKU00091,161,0,7,72
2025-12-06,SKU00115,36,56,7,92
2025-12-06,SKU00126,40,29,7,69
2025-12-06,SKU00230,44,10,7,54
2025-12-06,SKU00280,99,0,7,55
2025-12-06,SKU00304,31,0,7,21
2025-12-06,SKU00339,58,0,7,29
2025-12-06,SKU00377,84,0,7,33
2025-12-06,SKU00442,271,0,7,93
2025-12-06,SKU00473,73,0,7,35
2025-12-06,SKU00486,81,0,7,31
2025-12-06,SKU00583,17,73,7,90
2025-12-06,SKU00603,226,0,7,92
2025-12-06,SKU00622,39,15,7,54
2025-12-06,SKU00668,7,13,7,20
2025-12-06,SKU00671,22,4,7,26
2025-12-06,SKU00800,19,25,7,44
2025-12-06,SKU00804,9,12,7,21
2025-12-06,SKU00828,114,0,7,45
2025-12-06,SKU00834,218,0,7,81
2025-12-06,SKU00848,19,65,7,84
2025-12-06,SKU00873,125,0,7,81
2025-12-06,SKU00916,282,0,7,95
2025-12-06,SKU00997,71,0,7,51
2025-12-06,SKU01005,109,0,7,107
2025-12-06,SKU01028,11,85,7,96
2025-12-06,SKU01117,324,0,7,172
2025-12-06,SKU01225,6,85,7,91
2025-12-06,SKU01237,212,0,7,93
2025-12-06,SKU01258,32,15,7,47
2025-12-06,SKU01373,28,8,7,36
2025-12-06,SKU01425,142,0,7,90
2025-12-06,SKU01450,47,0,7,37
2025-12-06,SKU01508,29,18,7,47
2025-12-06,SKU01510,67,0,7,38
2025-12-06,SKU01537,13,48,7,61
2025-12-06,SKU01650,106,0,7,77
2025-12-06,SKU01672,93,0,7,39
2025-12-06,SKU01748,111,0,7,44
2025-12-06,SKU01804,11,53,7,64
2025-12-06,SKU01823,14,40,7,54
2025-12-06,SKU01841,84,0,7,51
2025-12-06,SKU01945,33,0,7,29
2025-12-06,SKU01950,38,20,7,58
2025-12-06,SKU01951,57,0,7,36
2025-12-06,SKU01992,75,0,7,45
2025-12-06,SKU02052,26,19,7,45
2025-12-06,SKU02081,90,0,7,61
2025-12-06,SKU02199,119,0,7,71
2025-12-06,SKU02202,16,22,7,38
2025-12-06,SKU02271,27,61,7,88
2025-12-06,SKU02283,221,0,7,78
2025-12-06,SKU02312,63,0,7,25
2025-12-06,SKU02452,43,0,7,27
2025-12-06,SKU02475,52,34,7,86
2025-12-06,SKU02486,0,77,7,77
2025-12-06,SKU02511,228,0,7,93
2025-12-06,SKU02551,48,0,7,22
2025-12-06,SKU02647,262,0,7,91
2025-12-06,SKU02741,33,57,7,90
2025-12-06,SKU02753,146,0,7,77
2025-12-06,SKU02763,108,0,7,63
2025-12-06,SKU02766,182,0,7,96
2025-12-06,SKU02768,81,0,7,43
2025-12-06,SKU02919,62,0,7,32
2025-12-06,SKU02934,125,0,7,63
2025-12-06,SKU02951,98,0,7,74
2025-12-06,SKU02965,142,0,7,51
2025-12-06,SKU02987,84,0,7,59
2025-12-06,SKU03054,107,0,7,70
2025-12-06,SKU03132,38,12,7,50
2025-12-06,SKU03162,12,12,7,24
2025-12-06,SKU03190,268,0,7,91
2025-12-06,SKU03278,17,7,7,24
2025-12-06,SKU03287,116,0,7,47
2025-12-06,SKU03327,105,0,7,49
2025-12-06,SKU03329,56,23,7,79
2025-12-06,SKU03372,110,0,7,41
2025-12-06,SKU03393,11,58,7,69
2025-12-06,SKU03433,6,51,7,57
2025-12-06,SKU03448,99,0,7,56
2025-12-06,SKU03449,189,0,7,70
2025-12-06,SKU03455,49,0,7,23
2025-12-06,SKU03489,1,46,7,47
2025-12-06,SKU03506,105,10,7,115
2025-12-06,SKU03558,22,7,7,29
2025-12-06,SKU03572,73,0,7,55
2025-12-06,SKU03575,176,0,7,77
2025-12-06,SKU03762,195,0,7,90
2025-12-06,SKU03798,188,0,7,86
2025-12-06,SKU03821,23,2,7,25
2025-12-06,SKU03849,66,0,7,61
2025-12-06,SKU03873,101,0,7,54
2025-12-06,SKU03895,31,0,7,29
2025-12-06,SKU04063,24,2,7,26
2025-12-06,SKU04085,189,0,7,100
2025-12-06,SKU04141,16,56,7,72
2025-12-06,SKU04201,135,0,7,72
2025-12-06,SKU04203,17,67,7,84
2025-12-06,SKU04238,125,0,7,60
2025-12-06,SKU04254,88,0,7,60
2025-12-06,SKU04360,38,21,7,59
2025-12-06,SKU04404,119,0,7,53
2025-12-06,SKU04417,213,0,7,99
2025-12-06,SKU04450,32,0,7,23
2025-12-06,SKU04452,83,39,7,122
2025-12-06,SKU04511,26,31,7,57
2025-12-06,SKU04602,187,0,7,75
2025-12-06,SKU04638,146,0,7,88
2025-12-06,SKU04695,11,26,7,37
2025-12-06,SKU04707,100,0,7,35
2025-12-06,SKU04727,47,0,7,36
2025-12-06,SKU04731,207,0,7,71
2025-12-06,SKU04777,56,0,7,53
2025-12-06,SKU04865,76,13,7,89
2025-12-06,SKU04918,134,0,7,74
2025-12-06,SKU04935,98,0,7,42
2025-12-07,SKU00041,41,18,7,59
2025-12-07,SKU00068,8,91,7,99
2025-12-07,SKU00093,172,0,7,67
2025-12-07,SKU00104,104,0,7,50
2025-12-07,SKU00118,189,0,7,78
2025-12-07,SKU00134,21,54,7,75
2025-12-07,SKU00140,112,0,7,63
2025-12-07,SKU00200,61,0,7,27
2025-12-07,SKU00209,89,7,7,96
2025-12-07,SKU00298,3,26,7,29
2025-12-07,SKU00314,25,35,7,60
2025-12-07,SKU00344,83,0,7,32
2025-12-07,SKU00351,151,0,7,88
2025-12-07,SKU00411,5,20,7,25
2025-12-07,SKU00450,33,1,7,34
2025-12-07,SKU00452,87,0,7,48
2025-12-07,SKU00478,36,60,7,96
2025-12-07,SKU00680,63,0,7,33
2025-12-07,SKU00748,54,0,7,22
2025-12-07,SKU00761,181,0,7,77
2025-12-07,SKU00786,84,0,7,36
2025-12-07,SKU00801,9,28,7,37
2025-12-07,SKU00806,54,0,7,39
2025-12-07,SKU00808,24,0,7,24
2025-12-07,SKU00927,104,0,7,39
2025-12-07,SKU00997,68,0,7,41
2025-12-07,SKU01056,190,0,7,87
2025-12-07,SKU01100,176,0,7,86
2025-12-07,SKU01115,3,22,7,25
2025-12-07,SKU01146,167,0,7,63
2025-12-07,SKU01200,69,17,7,86
2025-12-07,SKU01247,126,0,7,75
2025-12-07,SKU01288,140,0,7,97
2025-12-07,SKU01406,15,55,7,70
2025-12-07,SKU01493,10,43,7,53
2025-12-07,SKU01501,41,0,7,21
2025-12-07,SKU01554,160,0,7,78
2025-12-07,SKU01570,75,0,7,67
2025-12-07,SKU01573,76,17,7,93
2025-12-07,SKU01585,26,22,7,48
2025-12-07,SKU01624,24,24,7,48
2025-12-07,SKU01663,23,52,7,75
2025-12-07,SKU01671,162,0,7,69
2025-12-07,SKU01687,169,0,7,65
2025-12-07,SKU01774,1,23,7,24
2025-12-07,SKU01786,17,48,7,65
2025-12-07,SKU01892,58,27,7,85
2025-12-07,SKU02000,134,0,7,86
2025-12-07,SKU02025,94,0,7,64
2025-12-07,SKU02028,145,0,7,91
2025-12-07,SKU02037,71,0,7,36
2025-12-07,SKU02107,131,0,7,45
2025-12-07,SKU02122,117,0,7,65
2025-12-07,SKU02192,43,23,7,66
2025-12-07,SKU02195,57,35,7,92
2025-12-07,SKU02207,166,0,7,83
2025-12-07,SKU02238,19,59,7,78
2025-12-07,SKU02311,118,0,7,73
2025-12-07,SKU02313,81,9,7,90
2025-12-07,SKU02327,100,0,7,54
2025-12-07,SKU02393,67,0,7,34
2025-12-07,SKU02409,26,68,7,94
2025-12-07,SKU02470,101,0,7,72
2025-12-07,SKU02487,62,0,7,45
2025-12-07,SKU02529,152,0,7,88
2025-12-07,SKU02530,18,80,7,98
2025-12-07,SKU02544,129,0,7,97
2025-12-07,SKU02606,19,11,7,30
2025-12-07,SKU02617,141,0,7,57
2025-12-07,SKU02621,181,0,7,85
2025-12-07,SKU02631,28,22,7,50
2025-12-07,SKU02690,4,25,7,29
2025-12-07,SKU02691,52,26,7,78
2025-12-07,SKU02720,22,18,7,40
2025-12-07,SKU02737,39,0,7,21
2025-12-07,SKU02801,112,0,7,74
2025-12-07,SKU02805,77,4,7,81
2025-12-07,SKU02807,170,0,7,81
2025-12-07,SKU02836,70,24,7,94
2025-12-07,SKU02837,91,0,7,59
2025-12-07,SKU02921,30,27,7,57
2025-12-07,SKU02949,55,45,7,100
2025-12-07,SKU03029,5,28,7,33
2025-12-07,SKU03084,262,0,7,99
2025-12-07,SKU03166,202,0,7,74
2025-12-07,SKU03197,35,46,7,81
2025-12-07,SKU03207,84,0,7,43
2025-12-07,SKU03232,41,28,7,69
2025-12-07,SKU03358,17,13,7,30
2025-12-07,SKU03407,131,0,7,57
2025-12-07,SKU03480,175,0,7,87
2025-12-07,SKU03515,44,4,7,48
2025-12-07,SKU03518,275,0,7,95
2025-12-07,SKU03534,32,40,7,72
2025-12-07,SKU03536,31,3,7,34
2025-12-07,SKU03579,66,32,7,98
2025-12-07,SKU03631,47,29,7,76
2025-12-07,SKU03642,40,0,7,32
2025-12-07,SKU03677,6,27,7,33
2025-12-07,SKU03710,4,31,7,35
2025-12-07,SKU03715,50,10,7,60
2025-12-07,SKU03725,121,0,7,57
2025-12-07,SKU03788,9,19,7,28
2025-12-07,SKU03797,71,0,7,55
2025-12-07,SKU03811,161,0,7,147
2025-12-07,SKU03862,145,0,7,62
2025-12-07,SKU03937,128,0,7,46
2025-12-07,SKU03947,51,0,7,35
2025-12-07,SKU03952,61,25,7,86
2025-12-07,SKU03956,20,62,7,82
2025-12-07,SKU03985,220,0,7,100
2025-12-07,SKU04018,43,0,7,27
2025-12-07,SKU04089,157,0,7,54
2025-12-07,SKU04124,102,0,7,59
2025-12-07,SKU04198,136,0,7,85
2025-12-07,SKU04223,8,18,7,26
2025-12-07,SKU04258,44,0,7,44
2025-12-07,SKU04310,100,0,7,40
2025-12-07,SKU04314,142,0,7,67
2025-12-07,SKU04320,14,7,7,21
2025-12-07,SKU04358,10,71,7,81
2025-12-07,SKU04456,8,23,7,31
2025-12-07,SKU04493,204,0,7,93
2025-12-07,SKU04562,13,53,7,66
2025-12-07,SKU04570,93,0,7,32
2025-12-07,SKU04572,112,0,7,58
2025-12-07,SKU04589,103,0,7,95
2025-12-07,SKU04702,259,0,7,91
2025-12-07,SKU04710,60,0,7,41
2025-12-07,SKU04742,126,0,7,64
2025-12-07,SKU04767,141,0,7,52
2025-12-07,SKU04903,39,45,7,84
2025-12-07,SKU04909,93,0,7,50
2025-12-07,SKU04927,93,0,7,67
2025-12-07,SKU04971,66,0,7,23
2025-12-07,SKU04989,188,0,7,63
2025-12-08,SKU00104,195,0,7,87
2025-12-08,SKU00106,115,0,7,49
2025-12-08,SKU00107,127,0,7,57
2025-12-08,SKU00131,156,0,7,54
2025-12-08,SKU00153,92,0,7,57
2025-12-08,SKU00159,201,0,7,83
2025-12-08,SKU00212,61,0,7,46
2025-12-08,SKU00260,41,0,7,35
2025-12-08,SKU00367,181,0,7,74
2025-12-08,SKU00378,27,5,7,32
2025-12-08,SKU00391,257,0,7,90
2025-12-08,SKU00414,81,0,7,53
2025-12-08,SKU00469,165,0,7,79
2025-12-08,SKU00480,47,0,7,42
2025-12-08,SKU00527,88,0,7,37
2025-12-08,SKU00545,12,36,7,48
2025-12-08,SKU00562,94,0,7,72
2025-12-08,SKU00581,83,0,7,34
2025-12-08,SKU00596,115,0,7,83
2025-12-08,SKU00643,169,0,7,95
2025-12-08,SKU00736,20,18,7,38
2025-12-08,SKU00773,13,45,7,58
2025-12-08,SKU00778,113,0,7,41
2025-12-08,SKU00805,150,0,7,100
2025-12-08,SKU00834,63,11,7,74
2025-12-08,SKU00864,91,8,7,99
2025-12-08,SKU00866,3,49,7,52
2025-12-08,SKU00923,98,0,7,93
2025-12-08,SKU00966,162,0,7,91
2025-12-08,SKU00968,12,45,7,57
2025-12-08,SKU01020,29,41,7,70
2025-12-08,SKU01025,115,0,7,92
2025-12-08,SKU01053,114,0,7,66
2025-12-08,SKU01064,70,0,7,33
2025-12-08,SKU01130,98,0,7,82
2025-12-08,SKU01182,85,0,7,44
2025-12-08,SKU01190,17,4,7,21
2025-12-08,SKU01205,178,0,7,128
2025-12-08,SKU01208,18,16,7,34
2025-12-08,SKU01210,111,0,7,78
2025-12-08,SKU01301,55,29,7,84
2025-12-08,SKU01357,268,0,7,100
2025-12-08,SKU01359,14,66,7,80
2025-12-08,SKU01481,1,79,7,80
2025-12-08,SKU01517,98,0,7,86
2025-12-08,SKU01533,61,0,7,52
2025-12-08,SKU01535,154,0,7,81
2025-12-08,SKU01547,160,0,7,72
2025-12-08,SKU01799,35,14,7,49
2025-12-08,SKU01801,54,0,7,44
2025-12-08,SKU01833,168,0,7,65
2025-12-08,SKU01835,178,0,7,66
2025-12-08,SKU01858,0,29,7,29
2025-12-08,SKU01859,49,0,7,49
2025-12-08,SKU01868,151,0,7,54
2025-12-08,SKU01877,41,0,7,27
2025-12-08,SKU01889,68,0,7,26
2025-12-08,SKU01897,246,0,7,99
2025-12-08,SKU01900,133,0,7,60
2025-12-08,SKU01977,193,0,7,82
2025-12-08,SKU02054,46,0,7,31
2025-12-08,SKU02056,105,0,7,41
2025-12-08,SKU02067,15,58,7,73
2025-12-08,SKU02075,107,0,7,57
2025-12-08,SKU02108,115,0,7,52
2025-12-08,SKU02237,28,0,7,26
2025-12-08,SKU02245,0,79,7,79
2025-12-08,SKU02283,37,0,7,34
2025-12-08,SKU02289,3,86,7,89
2025-12-08,SKU02296,46,0,7,34
2025-12-08,SKU02305,182,0,7,72
2025-12-08,SKU02330,78,0,7,35
2025-12-08,SKU02412,141,0,7,65
2025-12-08,SKU02423,273,0,7,145
2025-12-08,SKU02435,45,0,7,20
2025-12-08,SKU02523,136,0,7,94
2025-12-08,SKU02561,55,0,7,29
2025-12-08,SKU02565,183,0,7,63
2025-12-08,SKU02600,62,13,7,75
2025-12-08,SKU02726,259,0,7,96
2025-12-08,SKU02781,10,57,7,67
2025-12-08,SKU02790,164,0,7,69
2025-12-08,SKU02803,148,0,7,95
2025-12-08,SKU02826,12,60,7,72
2025-12-08,SKU02868,141,0,7,96
2025-12-08,SKU02912,200,0,7,86
2025-12-08,SKU02961,99,0,7,80
2025-12-08,SKU03003,125,0,7,65
2025-12-08,SKU03025,20,66,7,86
2025-12-08,SKU03026,74,0,7,48
2025-12-08,SKU03101,101,0,7,74
2025-12-08,SKU03112,86,0,7,41
2025-12-08,SKU03143,107,0,7,51
2025-12-08,SKU03156,131,0,7,83
2025-12-08,SKU03363,90,0,7,53
2025-12-08,SKU03368,90,0,7,36
2025-12-08,SKU03384,84,0,7,59
2025-12-08,SKU03392,74,0,7,33
2025-12-08,SKU03394,288,0,7,98
2025-12-08,SKU03466,55,0,7,24
2025-12-08,SKU03525,127,0,7,61
2025-12-08,SKU03537,170,0,7,79
2025-12-08,SKU03560,77,0,7,75
2025-12-08,SKU03616,64,0,7,39
2025-12-08,SKU03658,93,0,7,93
2025-12-08,SKU03670,129,0,7,71
2025-12-08,SKU03687,15,19,7,34
2025-12-08,SKU03700,166,0,7,58
2025-12-08,SKU03735,162,0,7,65
2025-12-08,SKU03774,153,0,7,66
2025-12-08,SKU03811,175,0,7,66
2025-12-08,SKU03871,62,0,7,40
2025-12-08,SKU03908,184,0,7,92
2025-12-08,SKU03995,148,0,7,100
2025-12-08,SKU04110,165,0,7,70
2025-12-08,SKU04122,119,0,7,45
2025-12-08,SKU04202,157,0,7,60
2025-12-08,SKU04255,27,28,7,55
2025-12-08,SKU04264,167,0,7,60
2025-12-08,SKU04294,132,0,7,61
2025-12-08,SKU04295,23,0,7,20
2025-12-08,SKU04318,38,21,7,59
2025-12-08,SKU04331,205,0,7,88
2025-12-08,SKU04353,74,0,7,58
2025-12-08,SKU04402,6,53,7,59
2025-12-08,SKU04469,44,6,7,50
2025-12-08,SKU04516,198,0,7,89
2025-12-08,SKU04578,294,0,7,99
2025-12-08,SKU04585,28,44,7,72
2025-12-08,SKU04586,48,0,7,33
2025-12-08,SKU04676,101,0,7,88
2025-12-08,SKU04694,25,6,7,31
2025-12-08,SKU04703,33,27,7,60
2025-12-08,SKU04781,236,0,7,79
2025-12-08,SKU04808,155,0,7,54
2025-12-08,SKU04822,13,8,7,21
2025-12-08,SKU04965,101,0,7,37
2025-12-09,SKU00056,92,0,7,86
2025-12-09,SKU00082,104,0,7,39
2025-12-09,SKU00083,27,0,7,27
2025-12-09,SKU00091,31,6,7,37
2025-12-09,SKU00181,77,9,7,86
2025-12-09,SKU00198,138,0,7,47
2025-12-09,SKU00221,123,0,7,97
2025-12-09,SKU00239,51,0,7,20
2025-12-09,SKU00267,61,26,7,87
2025-12-09,SKU00467,63,0,7,28
2025-12-09,SKU00479,57,0,7,22
2025-12-09,SKU00526,61,0,7,34
2025-12-09,SKU00578,33,0,7,33
2025-12-09,SKU00607,27,4,7,31
2025-12-09,SKU00625,19,46,7,65
2025-12-09,SKU00668,137,0,7,61
2025-12-09,SKU00769,26,57,7,83
2025-12-09,SKU00783,119,0,7,76
2025-12-09,SKU00791,78,15,7,93
2025-12-09,SKU00815,102,0,7,38
2025-12-09,SKU00876,105,0,7,41
2025-12-09,SKU00902,244,0,7,100
2025-12-09,SKU00971,96,0,7,79
2025-12-09,SKU01044,38,0,7,23
2025-12-09,SKU01110,53,21,7,74
2025-12-09,SKU01120,49,17,7,66
2025-12-09,SKU01135,176,0,7,82
2025-12-09,SKU01151,192,0,7,86
2025-12-09,SKU01157,219,0,7,91
2025-12-09,SKU01218,90,0,7,50
2025-12-09,SKU01234,42,0,7,25
2025-12-09,SKU01266,148,0,7,100
2025-12-09,SKU01313,167,0,7,88
2025-12-09,SKU01355,166,0,7,58
2025-12-09,SKU01390,231,0,7,86
2025-12-09,SKU01437,57,0,7,32
2025-12-09,SKU01452,35,0,7,35
2025-12-09,SKU01469,193,0,7,70
2025-12-09,SKU01470,129,0,7,74
2025-12-09,SKU01487,76,0,7,47
2025-12-09,SKU01496,281,0,7,98
2025-12-09,SKU01506,47,42,7,89
2025-12-09,SKU01515,46,14,7,60
2025-12-09,SKU01529,5,18,7,23
2025-12-09,SKU01531,87,0,7,54
2025-12-09,SKU01586,85,0,7,32
2025-12-09,SKU01601,97,0,7,60
2025-12-09,SKU01618,233,0,7,82
2025-12-09,SKU01619,86,0,7,74
2025-12-09,SKU01620,0,24,7,24
2025-12-09,SKU01629,261,0,7,88
2025-12-09,SKU01631,89,0,7,47
2025-12-09,SKU01634,138,0,7,51
2025-12-09,SKU01653,89,0,7,46
2025-12-09,SKU01681,65,32,7,97
2025-12-09,SKU01688,13,21,7,34
2025-12-09,SKU01814,37,0,7,20
2025-12-09,SKU01825,49,0,7,38
2025-12-09,SKU01844,9,83,7,92
2025-12-09,SKU01859,231,0,7,88
2025-12-09,SKU01861,103,0,7,46
2025-12-09,SKU01864,130,0,7,59
2025-12-09,SKU01879,241,0,7,90
2025-12-09,SKU01882,62,0,7,62
2025-12-09,SKU01900,53,0,7,37
2025-12-09,SKU01988,44,0,7,36
2025-12-09,SKU02047,165,0,7,99
2025-12-09,SKU02090,216,0,7,86
2025-12-09,SKU02241,161,0,7,54
2025-12-09,SKU02242,98,0,7,55
2025-12-09,SKU02261,92,0,7,35
2025-12-09,SKU02283,254,0,7,136
2025-12-09,SKU02298,105,0,7,61
2025-12-09,SKU02305,17,8,7,25
2025-12-09,SKU02329,75,6,7,81
2025-12-09,SKU02358,245,0,7,87
2025-12-09,SKU02406,138,0,7,47
2025-12-09,SKU02424,230,0,7,95
2025-12-09,SKU02428,63,19,7,82
2025-12-09,SKU02450,198,0,7,81
2025-12-09,SKU02457,130,0,7,80
2025-12-09,SKU02516,138,0,7,48
2025-12-09,SKU02603,189,0,7,67
2025-12-09,SKU02637,197,0,7,83
2025-12-09,SKU02659,59,0,7,29
2025-12-09,SKU02682,19,44,7,63
2025-12-09,SKU02697,4,43,7,47
2025-12-09,SKU02703,20,12,7,32
2025-12-09,SKU02754,158,0,7,69
2025-12-09,SKU02756,18,39,7,57
2025-12-09,SKU02775,119,0,7,93
2025-12-09,SKU02778,88,0,7,37
2025-12-09,SKU02837,0,81,7,81
2025-12-09,SKU02855,85,0,7,37
2025-12-09,SKU02858,46,0,7,31
2025-12-09,SKU02906,181,0,7,86
2025-12-09,SKU02942,220,0,7,84
2025-12-09,SKU02943,56,16,7,72
2025-12-09,SKU02956,18,19,7,37
2025-12-09,SKU02967,145,0,7,73
2025-12-09,SKU02991,46,0,7,37
2025-12-09,SKU03046,120,0,7,77
2025-12-09,SKU03095,88,12,7,100
2025-12-09,SKU03117,43,21,7,64
2025-12-09,SKU03175,25,41,7,66
2025-12-09,SKU03196,76,0,7,31
2025-12-09,SKU03333,27,21,7,48
2025-12-09,SKU03365,100,0,7,35
2025-12-09,SKU03403,203,0,7,79
2025-12-09,SKU03406,58,0,7,31
2025-12-09,SKU03440,86,0,7,58
2025-12-09,SKU03495,61,4,7,65
2025-12-09,SKU03503,90,0,7,69
2025-12-09,SKU03514,54,0,7,27
2025-12-09,SKU03525,52,7,7,59
2025-12-09,SKU03553,60,0,7,28
2025-12-09,SKU03601,210,0,7,92
2025-12-09,SKU03624,21,78,7,99
2025-12-09,SKU03652,139,0,7,73
2025-12-09,SKU03678,167,0,7,57
2025-12-09,SKU03688,286,0,7,97
2025-12-09,SKU03750,41,59,7,100
2025-12-09,SKU03757,26,8,7,34
2025-12-09,SKU03763,91,0,7,46
2025-12-09,SKU03789,110,0,7,43
2025-12-09,SKU03794,21,22,7,43
2025-12-09,SKU03868,229,0,7,99
2025-12-09,SKU03922,191,0,7,91
2025-12-09,SKU03985,158,0,7,93
2025-12-09,SKU03997,166,0,7,59
2025-12-09,SKU04077,173,0,7,61
2025-12-09,SKU04084,175,0,7,80
2025-12-09,SKU04094,59,18,7,77
2025-12-09,SKU04102,100,0,7,38
2025-12-09,SKU04104,11,24,7,35
2025-12-09,SKU04214,73,0,7,54
2025-12-09,SKU04291,126,0,7,87
2025-12-09,SKU04310,111,0,7,80
2025-12-09,SKU04373,50,8,7,58
2025-12-09,SKU04424,38,61,7,99
2025-12-09,SKU04456,28,0,7,21
2025-12-09,SKU04480,7,19,7,26
2025-12-09,SKU04523,103,0,7,63
2025-12-09,SKU04527,56,22,7,78
2025-12-09,SKU04539,164,0,7,78
2025-12-09,SKU04570,111,0,7,66
2025-12-09,SKU04582,110,0,7,37
2025-12-09,SKU04593,63,16,7,79
2025-12-09,SKU04609,160,0,7,92
2025-12-09,SKU04720,153,0,7,60
2025-12-09,SKU04737,141,0,7,58
2025-12-09,SKU04763,163,0,7,87
2025-12-09,SKU04766,6,63,7,69
2025-12-09,SKU04767,209,0,7,81
2025-12-09,SKU04774,42,0,7,24
2025-12-09,SKU04778,0,44,7,44
2025-12-09,SKU04805,231,0,7,87
2025-12-09,SKU04808,47,0,7,20
2025-12-09,SKU04844,16,49,7,65
2025-12-09,SKU04913,140,0,7,73
2025-12-09,SKU04962,166,0,7,86
2025-12-09,SKU04980,86,0,7,39
2025-12-10,SKU00021,163,0,7,72
2025-12-10,SKU00032,52,28,7,80
2025-12-10,SKU00136,112,0,7,57
2025-12-10,SKU00178,138,0,7,60
2025-12-10,SKU00216,62,0,7,46
2025-12-10,SKU00221,106,0,7,44
2025-12-10,SKU00225,68,0,7,65
2025-12-10,SKU00266,68,28,7,96
2025-12-10,SKU00319,94,3,7,97
2025-12-10,SKU00388,14,26,7,40
2025-12-10,SKU00439,41,0,7,33
2025-12-10,SKU00704,50,40,7,90
2025-12-10,SKU00711,212,0,7,81
2025-12-10,SKU00762,229,0,7,85
2025-12-10,SKU00793,18,29,7,47
2025-12-10,SKU00820,269,0,7,94
2025-12-10,SKU00828,92,0,7,36
2025-12-10,SKU00896,38,0,7,24
2025-12-10,SKU00915,146,0,7,95
2025-12-10,SKU00955,185,0,7,98
2025-12-10,SKU00971,46,19,7,65
2025-12-10,SKU01022,25,0,7,25
2025-12-10,SKU01025,210,0,7,99
2025-12-10,SKU01195,6,94,7,100
2025-12-10,SKU01249,1,65,7,66
2025-12-10,SKU01253,12,27,7,39
2025-12-10,SKU01328,45,0,7,24
2025-12-10,SKU01332,39,0,7,32
2025-12-10,SKU01335,132,0,7,52
2025-12-10,SKU01361,76,0,7,62
2025-12-10,SKU01440,63,0,7,34
2025-12-10,SKU01452,80,0,7,37
2025-12-10,SKU01455,30,56,7,86
2025-12-10,SKU01524,22,0,7,20
2025-12-10,SKU01536,18,47,7,65
2025-12-10,SKU01549,202,0,7,90
2025-12-10,SKU01584,0,23,7,23
2025-12-10,SKU01589,171,0,7,69
2025-12-10,SKU01639,25,0,7,25
2025-12-10,SKU01732,30,64,7,94
2025-12-10,SKU01756,223,0,7,83
2025-12-10,SKU01849,19,51,7,70
2025-12-10,SKU01884,215,0,7,76
2025-12-10,SKU01921,42,0,7,39
2025-12-10,SKU01962,101,0,7,97
2025-12-10,SKU01968,24,67,7,91
2025-12-10,SKU01991,0,43,7,43
2025-12-10,SKU02065,137,0,7,47
2025-12-10,SKU02107,70,0,7,27
2025-12-10,SKU02119,43,0,7,42
2025-12-10,SKU02132,51,9,7,60
2025-12-10,SKU02141,208,0,7,72
2025-12-10,SKU02179,177,0,7,86
2025-12-10,SKU02188,67,0,7,46
2025-12-10,SKU02192,83,0,7,28
2025-12-10,SKU02243,129,0,7,64
2025-12-10,SKU02264,7,69,7,76
2025-12-10,SKU02273,105,0,7,39
2025-12-10,SKU02330,140,0,7,58
2025-12-10,SKU02339,71,0,7,41
2025-12-10,SKU02346,203,0,7,91
2025-12-10,SKU02403,197,0,7,90
2025-12-10,SKU02417,169,0,7,100
2025-12-10,SKU02418,38,18,7,56
2025-12-10,SKU02434,169,0,7,63
2025-12-10,SKU02585,15,8,7,23
2025-12-10,SKU02600,39,15,7,54
2025-12-10,SKU02651,5,92,7,97
2025-12-10,SKU02713,101,0,7,35
2025-12-10,SKU02716,31,7,7,38
2025-12-10,SKU02719,3,39,7,42
2025-12-10,SKU02754,48,6,7,54
2025-12-10,SKU02758,274,0,7,99
2025-12-10,SKU02777,75,0,7,52
2025-12-10,SKU02804,7,81,7,88
2025-12-10,SKU02816,191,0,7,69
2025-12-10,SKU02821,99,0,7,85
2025-12-10,SKU02860,181,0,7,96
2025-12-10,SKU02894,18,4,7,22
2025-12-10,SKU02916,17,43,7,60
2025-12-10,SKU02917,41,41,7,82
2025-12-10,SKU02921,36,39,7,75
2025-12-10,SKU02927,14,15,7,29
2025-12-10,SKU02944,133,0,7,85
2025-12-10,SKU02945,141,0,7,54
2025-12-10,SKU02948,15,14,7,29
2025-12-10,SKU02967,125,0,7,79
2025-12-10,SKU02968,90,0,7,86
2025-12-10,SKU03003,126,0,7,52
2025-12-10,SKU03013,29,35,7,64
2025-12-10,SKU03059,70,0,7,60
2025-12-10,SKU03093,229,0,7,81
2025-12-10,SKU03096,66,0,7,41
2025-12-10,SKU03106,53,6,7,59
2025-12-10,SKU03111,133,0,7,75
2025-12-10,SKU03118,171,0,7,77
2025-12-10,SKU03140,74,7,7,81
2025-12-10,SKU03149,97,0,7,73
2025-12-10,SKU03156,287,0,7,96
2025-12-10,SKU03163,28,0,7,24
2025-12-10,SKU03170,71,20,7,91
2025-12-10,SKU03172,100,0,7,43
2025-12-10,SKU03180,70,0,7,25
2025-12-10,SKU03203,123,0,7,79
2025-12-10,SKU03233,34,35,7,69
2025-12-10,SKU03255,35,0,7,28
2025-12-10,SKU03267,96,0,7,62
2025-12-10,SKU03283,57,22,7,79
2025-12-10,SKU03306,196,0,7,89
2025-12-10,SKU03307,79,17,7,96
2025-12-10,SKU03314,189,0,7,80
2025-12-10,SKU03321,66,26,7,92
2025-12-10,SKU03325,56,0,7,48
2025-12-10,SKU03348,13,25,7,38
2025-12-10,SKU03384,82,0,7,59
2025-12-10,SKU03408,82,0,7,31
2025-12-10,SKU03420,104,0,7,36
2025-12-10,SKU03438,32,4,7,36
2025-12-10,SKU03439,50,0,7,48
2025-12-10,SKU03470,40,0,7,34
2025-12-10,SKU03567,158,0,7,65
2025-12-10,SKU03584,115,0,7,61
2025-12-10,SKU03595,134,0,7,77
2025-12-10,SKU03652,43,0,7,36
2025-12-10,SKU03654,210,0,7,93
2025-12-10,SKU03710,114,0,7,58
2025-12-10,SKU03890,208,0,7,74
2025-12-10,SKU03911,69,0,7,51
2025-12-10,SKU03919,158,0,7,63
2025-12-10,SKU03921,270,0,7,96
2025-12-10,SKU03928,101,0,7,62
2025-12-10,SKU03991,107,0,7,66
2025-12-10,SKU04204,201,0,7,84
2025-12-10,SKU04355,11,13,7,24
2025-12-10,SKU04416,173,0,7,95
2025-12-10,SKU04483,308,0,7,161
2025-12-10,SKU04495,82,0,7,50
2025-12-10,SKU04512,28,24,7,52
2025-12-10,SKU04513,2,40,7,42
2025-12-10,SKU04528,77,10,7,87
2025-12-10,SKU04559,70,0,7,32
2025-12-10,SKU04560,269,0,7,91
2025-12-10,SKU04571,43,24,7,67
2025-12-10,SKU04584,61,0,7,46
2025-12-10,SKU04675,113,0,7,43
2025-12-10,SKU04731,107,0,7,58
2025-12-10,SKU04736,271,0,7,96
2025-12-10,SKU04752,55,0,7,21
2025-12-10,SKU04754,96,0,7,47
2025-12-10,SKU04923,135,0,7,55
2025-12-11,SKU00074,23,2,7,25
2025-12-11,SKU00076,33,2,7,35
2025-12-11,SKU00103,42,0,7,38
2025-12-11,SKU00122,24,0,7,23
2025-12-11,SKU00226,202,0,7,82
2025-12-11,SKU00244,35,0,7,20
2025-12-11,SKU00319,181,0,7,70
2025-12-11,SKU00325,27,0,7,25
2025-12-11,SKU00432,275,0,7,100
2025-12-11,SKU00499,39,0,7,24
2025-12-11,SKU00516,158,0,7,65
2025-12-11,SKU00519,252,0,7,86
2025-12-11,SKU00559,42,0,7,27
2025-12-11,SKU00572,198,0,7,71
2025-12-11,SKU00626,54,0,7,26
2025-12-11,SKU00719,54,0,7,37
2025-12-11,SKU00738,42,0,7,32
2025-12-11,SKU00765,144,0,7,87
2025-12-11,SKU00778,276,0,7,149
2025-12-11,SKU00782,115,0,7,99
2025-12-11,SKU00800,60,0,7,26
2025-12-11,SKU00829,63,0,7,31
2025-12-11,SKU00834,51,0,7,23
2025-12-11,SKU00835,105,0,7,36
2025-12-11,SKU00853,91,0,7,88
2025-12-11,SKU00926,129,0,7,62
2025-12-11,SKU00938,12,13,7,25
2025-12-11,SKU00989,79,0,7,31
2025-12-11,SKU00990,63,0,7,47
2025-12-11,SKU01082,8,22,7,30
2025-12-11,SKU01107,252,0,7,94
2025-12-11,SKU01118,65,18,7,83
2025-12-11,SKU01124,98,0,7,51
2025-12-11,SKU01199,20,36,7,56
2025-12-11,SKU01251,68,0,7,49
2025-12-11,SKU01314,105,0,7,57
2025-12-11,SKU01378,50,49,7,99
2025-12-11,SKU01383,106,0,7,68
2025-12-11,SKU01394,30,5,7,35
2025-12-11,SKU01395,132,0,7,81
2025-12-11,SKU01468,136,0,7,80
2025-12-11,SKU01472,166,0,7,98
2025-12-11,SKU01517,12,42,7,54
2025-12-11,SKU01520,114,0,7,59
2025-12-11,SKU01529,52,0,7,52
2025-12-11,SKU01544,54,0,7,20
2025-12-11,SKU01561,61,19,7,80
2025-12-11,SKU01591,31,21,7,52
2025-12-11,SKU01660,72,0,7,66
2025-12-11,SKU01695,104,0,7,45
2025-12-11,SKU01705,89,5,7,94
2025-12-11,SKU01798,106,0,7,56
2025-12-11,SKU01799,6,22,7,28
2025-12-11,SKU01849,98,0,7,78
2025-12-11,SKU01947,230,0,7,81
2025-12-11,SKU01955,89,0,7,83
2025-12-11,SKU02166,91,5,7,96
2025-12-11,SKU02171,66,0,7,37
2025-12-11,SKU02192,125,0,7,44
2025-12-11,SKU02198,9,36,7,45
2025-12-11,SKU02301,148,0,7,64
2025-12-11,SKU02361,41,3,7,44
2025-12-11,SKU02365,134,0,7,93
2025-12-11,SKU02554,241,0,7,92
2025-12-11,SKU02573,198,0,7,97
2025-12-11,SKU02615,74,7,7,81
2025-12-11,SKU02641,144,0,7,79
2025-12-11,SKU02674,53,20,7,73
2025-12-11,SKU02693,75,0,7,27
2025-12-11,SKU02707,79,0,7,49
2025-12-11,SKU02759,93,0,7,90
2025-12-11,SKU02764,75,0,7,61
2025-12-11,SKU02799,35,0,7,29
2025-12-11,SKU02800,58,0,7,39
2025-12-11,SKU02836,190,0,7,82
2025-12-11,SKU02882,36,18,7,54
2025-12-11,SKU02981,132,0,7,62
2025-12-11,SKU03017,29,0,7,20
2025-12-11,SKU03024,132,0,7,48
2025-12-11,SKU03054,27,71,7,98
2025-12-11,SKU03056,161,0,7,99
2025-12-11,SKU03060,122,0,7,78
2025-12-11,SKU03156,92,0,7,82
2025-12-11,SKU03193,78,16,7,94
2025-12-11,SKU03363,81,0,7,68
2025-12-11,SKU03379,78,0,7,31
2025-12-11,SKU03443,41,13,7,54
2025-12-11,SKU03503,158,0,7,66
2025-12-11,SKU03559,21,8,7,29
2025-12-11,SKU03576,14,7,7,21
2025-12-11,SKU03587,250,0,7,132
2025-12-11,SKU03606,128,0,7,73
2025-12-11,SKU03617,173,0,7,86
2025-12-11,SKU03672,208,0,7,74
2025-12-11,SKU03678,62,0,7,33
2025-12-11,SKU03689,121,0,7,83
2025-12-11,SKU03694,21,14,7,35
2025-12-11,SKU03770,59,0,7,33
2025-12-11,SKU03797,33,45,7,78
2025-12-11,SKU03861,98,0,7,91
2025-12-11,SKU03868,10,10,7,20
2025-12-11,SKU03940,51,10,7,61
2025-12-11,SKU03953,72,14,7,86
2025-12-11,SKU03962,69,0,7,34
2025-12-11,SKU04023,79,0,7,47
2025-12-11,SKU04042,70,0,7,32
2025-12-11,SKU04098,73,0,7,52
2025-12-11,SKU04103,16,30,7,46
2025-12-11,SKU04154,15,13,7,28
2025-12-11,SKU04155,74,0,7,64
2025-12-11,SKU04174,46,0,7,21
2025-12-11,SKU04185,64,0,7,49
2025-12-11,SKU04209,46,0,7,23
2025-12-11,SKU04213,155,0,7,63
2025-12-11,SKU04366,112,0,7,49
2025-12-11,SKU04370,145,0,7,76
2025-12-11,SKU04377,122,0,7,70
2025-12-11,SKU04398,5,18,7,23
2025-12-11,SKU04417,52,0,7,38
2025-12-11,SKU04432,31,46,7,77
2025-12-11,SKU04449,162,0,7,157
2025-12-11,SKU04462,202,0,7,78
2025-12-11,SKU04474,201,0,7,78
2025-12-11,SKU04482,35,31,7,66
2025-12-11,SKU04485,33,46,7,79
2025-12-11,SKU04515,115,0,7,75
2025-12-11,SKU04539,65,7,7,72
2025-12-11,SKU04657,147,0,7,93
2025-12-11,SKU04686,93,0,7,72
2025-12-11,SKU04688,79,0,7,43
2025-12-11,SKU04705,33,0,7,28
2025-12-11,SKU04710,177,0,7,100
2025-12-11,SKU04723,97,0,7,49
2025-12-11,SKU04751,69,20,7,89
2025-12-11,SKU04803,41,0,7,40
2025-12-11,SKU04821,9,58,7,67
2025-12-11,SKU04833,11,65,7,76
2025-12-11,SKU04855,79,0,7,71
2025-12-11,SKU04862,191,0,7,67
2025-12-11,SKU04884,208,0,7,93
2025-12-11,SKU04910,17,19,7,36
2025-12-11,SKU04925,20,76,7,96
2025-12-11,SKU04935,46,0,7,39
2025-12-11,SKU04950,45,0,7,44
2025-12-11,SKU04954,260,0,7,88
2025-12-12,SKU00044,226,0,7,81
2025-12-12,SKU00056,4,57,7,61
2025-12-12,SKU00064,81,14,7,95
2025-12-12,SKU00192,91,0,7,83
2025-12-12,SKU00196,148,0,7,100
2025-12-12,SKU00227,29,49,7,78
2025-12-12,SKU00236,167,0,7,76
2025-12-12,SKU00242,38,1,7,39
2025-12-12,SKU00303,67,0,7,27
2025-12-12,SKU00361,1,24,7,25
2025-12-12,SKU00408,0,31,7,31
2025-12-12,SKU00455,60,0,7,36
2025-12-12,SKU00477,158,0,7,58
2025-12-12,SKU00565,108,0,7,40
2025-12-12,SKU00582,15,12,7,27
2025-12-12,SKU00595,170,0,7,59
2025-12-12,SKU00615,1,75,7,76
2025-12-12,SKU00694,0,28,7,28
2025-12-12,SKU00761,94,0,7,54
2025-12-12,SKU00764,112,0,7,65
2025-12-12,SKU00783,207,0,7,84
2025-12-12,SKU00798,47,0,7,22
2025-12-12,SKU00835,0,65,7,65
2025-12-12,SKU00840,5,84,7,89
2025-12-12,SKU00869,162,0,7,58
2025-12-12,SKU00940,117,0,7,48
2025-12-12,SKU00944,52,13,7,65
2025-12-12,SKU00945,277,0,7,95
2025-12-12,SKU00949,91,0,7,58
2025-12-12,SKU00984,130,0,7,96
2025-12-12,SKU01067,139,0,7,89
2025-12-12,SKU01132,9,18,7,27
2025-12-12,SKU01165,43,4,7,47
2025-12-12,SKU01194,10,65,7,75
2025-12-12,SKU01217,103,0,7,47
2025-12-12,SKU01246,64,0,7,37
2025-12-12,SKU01251,47,0,7,23
2025-12-12,SKU01253,120,0,7,95
2025-12-12,SKU01270,44,0,7,30
2025-12-12,SKU01282,201,0,7,70
2025-12-12,SKU01283,37,2,7,39
2025-12-12,SKU01294,19,63,7,82
2025-12-12,SKU01374,39,25,7,64
2025-12-12,SKU01533,77,0,7,29
2025-12-12,SKU01539,28,57,7,85
2025-12-12,SKU01545,173,0,7,82
2025-12-12,SKU01590,17,28,7,45
2025-12-12,SKU01653,78,0,7,34
2025-12-12,SKU01677,160,0,7,55
2025-12-12,SKU01934,45,0,7,34
2025-12-12,SKU01972,183,0,7,66
2025-12-12,SKU02136,83,0,7,72
2025-12-12,SKU02149,1,32,7,33
2025-12-12,SKU02151,156,0,7,55
2025-12-12,SKU02157,78,0,7,47
2025-12-12,SKU02178,64,0,7,54
2025-12-12,SKU02198,12,51,7,63
2025-12-12,SKU02206,48,0,7,23
2025-12-12,SKU02290,78,0,7,64
2025-12-12,SKU02343,149,0,7,87
2025-12-12,SKU02438,84,0,7,39
2025-12-12,SKU02442,16,31,7,47
2025-12-12,SKU02448,95,0,7,58
2025-12-12,SKU02450,81,0,7,67
2025-12-12,SKU02473,20,2,7,22
2025-12-12,SKU02549,165,0,7,61
2025-12-12,SKU02559,27,50,7,77
2025-12-12,SKU02632,49,0,7,32
2025-12-12,SKU02670,196,0,7,67
2025-12-12,SKU02757,166,0,7,59
2025-12-12,SKU02771,5,42,7,47
2025-12-12,SKU02803,141,0,7,75
2025-12-12,SKU02851,68,0,7,30
2025-12-12,SKU02853,13,21,7,34
2025-12-12,SKU02920,36,1,7,37
2025-12-12,SKU02922,46,0,7,45
2025-12-12,SKU02953,209,0,7,82
2025-12-12,SKU02988,112,0,7,65
2025-12-12,SKU03005,71,0,7,32
2025-12-12,SKU03020,50,0,7,39
2025-12-12,SKU03054,124,0,7,78
2025-12-12,SKU03068,35,25,7,60
2025-12-12,SKU03096,110,0,7,65
2025-12-12,SKU03102,74,0,7,50
2025-12-12,SKU03112,187,0,7,66
2025-12-12,SKU03133,162,0,7,87
2025-12-12,SKU03159,50,22,7,72
2025-12-12,SKU03168,119,0,7,56
2025-12-12,SKU03178,169,0,7,62
2025-12-12,SKU03252,139,0,7,53
2025-12-12,SKU03264,234,0,7,92
2025-12-12,SKU03269,68,18,7,86
2025-12-12,SKU03394,97,0,7,33
2025-12-12,SKU03521,264,0,7,91
2025-12-12,SKU03522,44,0,7,38
2025-12-12,SKU03628,242,0,7,93
2025-12-12,SKU03629,257,0,7,94
2025-12-12,SKU03661,54,0,7,33
2025-12-12,SKU03685,237,0,7,94
2025-12-12,SKU03687,111,21,7,132
2025-12-12,SKU03784,59,0,7,55
2025-12-12,SKU03871,24,34,7,58
2025-12-12,SKU03895,13,50,7,63
2025-12-12,SKU03940,33,9,7,42
2025-12-12,SKU03965,35,41,7,76
2025-12-12,SKU03969,92,0,7,40
2025-12-12,SKU03979,223,0,7,83
2025-12-12,SKU03981,61,0,7,37
2025-12-12,SKU03989,32,0,7,26
2025-12-12,SKU04006,51,0,7,34
2025-12-12,SKU04057,119,0,7,64
2025-12-12,SKU04097,71,0,7,58
2025-12-12,SKU04108,80,0,7,29
2025-12-12,SKU04146,161,0,7,60
2025-12-12,SKU04163,29,68,7,97
2025-12-12,SKU04239,135,0,7,94
2025-12-12,SKU04276,57,0,7,49
2025-12-12,SKU04413,101,0,7,58
2025-12-12,SKU04454,10,20,7,30
2025-12-12,SKU04464,81,0,7,47
2025-12-12,SKU04471,63,0,7,52
2025-12-12,SKU04515,4,18,7,22
2025-12-12,SKU04525,59,0,7,21
2025-12-12,SKU04552,154,0,7,78
2025-12-12,SKU04568,49,0,7,49
2025-12-12,SKU04651,53,0,7,34
2025-12-12,SKU04809,126,0,7,50
2025-12-12,SKU04811,111,0,7,40
2025-12-12,SKU04877,108,0,7,72
2025-12-12,SKU04887,33,0,7,22
2025-12-12,SKU04977,52,0,7,44
2025-12-13,SKU00003,49,23,7,72
2025-12-13,SKU00117,132,0,7,76
2025-12-13,SKU00138,33,1,7,34
2025-12-13,SKU00224,210,0,7,99
2025-12-13,SKU00228,188,0,7,66
2025-12-13,SKU00239,75,0,7,42
2025-12-13,SKU00266,31,6,7,37
2025-12-13,SKU00277,53,0,7,48
2025-12-13,SKU00312,95,0,7,95
2025-12-13,SKU00372,57,11,7,68
2025-12-13,SKU00408,170,0,7,68
2025-12-13,SKU00450,6,28,7,34
2025-12-13,SKU00454,134,0,7,60
2025-12-13,SKU00687,48,46,7,94
2025-12-13,SKU00804,41,47,7,88
2025-12-13,SKU00816,2,97,7,99
2025-12-13,SKU00853,24,10,7,34
2025-12-13,SKU00866,245,0,7,90
2025-12-13,SKU00888,109,0,7,80
2025-12-13,SKU00937,80,0,7,36
2025-12-13,SKU00964,37,30,7,67
2025-12-13,SKU00988,61,0,7,30
2025-12-13,SKU01005,25,6,7,31
2025-12-13,SKU01010,46,22,7,68
2025-12-13,SKU01066,119,33,7,152
2025-12-13,SKU01177,44,4,7,48
2025-12-13,SKU01190,41,0,7,24
2025-12-13,SKU01207,46,34,7,80
2025-12-13,SKU01237,11,49,7,60
2025-12-13,SKU01242,160,0,7,71
2025-12-13,SKU01269,9,31,7,40
2025-12-13,SKU01369,141,0,7,74
2025-12-13,SKU01403,109,0,7,43
2025-12-13,SKU01439,89,0,7,44
2025-12-13,SKU01454,40,0,7,22
2025-12-13,SKU01467,124,0,7,69
2025-12-13,SKU01479,121,0,7,65
2025-12-13,SKU01480,48,12,7,60
2025-12-13,SKU01488,70,0,7,28
2025-12-13,SKU01687,0,21,7,21
2025-12-13,SKU01757,175,0,7,141
2025-12-13,SKU01819,83,0,7,66
2025-12-13,SKU01833,12,21,7,33
2025-12-13,SKU01925,3,17,7,20
2025-12-13,SKU01941,98,0,7,36
2025-12-13,SKU01944,173,0,7,72
2025-12-13,SKU01969,195,0,7,73
2025-12-13,SKU01997,144,0,7,54
2025-12-13,SKU02022,51,42,7,93
2025-12-13,SKU02026,26,9,7,35
2025-12-13,SKU02109,6,56,7,62
2025-12-13,SKU02115,188,0,7,67
2025-12-13,SKU02156,89,0,7,89
2025-12-13,SKU02168,183,0,7,80
2025-12-13,SKU02204,54,6,7,60
2025-12-13,SKU02229,24,60,7,84
2025-12-13,SKU02245,157,0,7,100
2025-12-13,SKU02300,27,0,7,21
2025-12-13,SKU02353,88,0,7,47
2025-12-13,SKU02354,174,0,7,71
2025-12-13,SKU02370,7,71,7,78
2025-12-13,SKU02465,3,75,7,78
2025-12-13,SKU02522,225,0,7,80
2025-12-13,SKU02557,134,0,7,79
2025-12-13,SKU02611,12,16,7,28
2025-12-13,SKU02612,91,0,7,37
2025-12-13,SKU02626,56,0,7,33
2025-12-13,SKU02669,69,0,7,68
2025-12-13,SKU02684,262,0,7,94
2025-12-13,SKU02685,14,40,7,54
2025-12-13,SKU02699,61,3,7,64
2025-12-13,SKU02705,119,0,7,50
2025-12-13,SKU02731,149,0,7,81
2025-12-13,SKU02747,101,0,7,80
2025-12-13,SKU02767,71,0,7,62
2025-12-13,SKU02778,174,0,7,63
2025-12-13,SKU02800,76,0,7,48
2025-12-13,SKU02942,68,0,7,33
2025-12-13,SKU02943,113,0,7,71
2025-12-13,SKU03004,6,49,7,55
2025-12-13,SKU03011,50,0,7,20
2025-12-13,SKU03021,80,0,7,53
2025-12-13,SKU03046,40,0,7,38
2025-12-13,SKU03051,116,0,7,88
2025-12-13,SKU03083,110,0,7,56
2025-12-13,SKU03312,27,44,7,71
2025-12-13,SKU03342,219,0,7,86
2025-12-13,SKU03370,159,0,7,54
2025-12-13,SKU03384,55,0,7,37
2025-12-13,SKU03466,297,0,7,141
2025-12-13,SKU03517,2,47,7,49
2025-12-13,SKU03525,69,0,7,65
2025-12-13,SKU03531,189,0,7,85
2025-12-13,SKU03571,50,0,7,20
2025-12-13,SKU03575,156,0,7,77
2025-12-13,SKU03577,11,71,7,82
2025-12-13,SKU03625,48,0,7,44
2025-12-13,SKU03659,265,0,7,98
2025-12-13,SKU03662,162,0,7,76
2025-12-13,SKU03663,10,24,7,34
2025-12-13,SKU03739,161,0,7,129
2025-12-13,SKU03778,23,2,7,25
2025-12-13,SKU03861,10,90,7,100
2025-12-13,SKU03920,56,0,7,26
2025-12-13,SKU03936,1,19,7,20
2025-12-13,SKU03942,78,0,7,66
2025-12-13,SKU03981,67,24,7,91
2025-12-13,SKU04014,24,37,7,61
2025-12-13,SKU04030,235,0,7,82
2025-12-13,SKU04051,116,0,7,47
2025-12-13,SKU04056,33,45,7,78
2025-12-13,SKU04057,265,0,7,90
2025-12-13,SKU04060,94,0,7,54
2025-12-13,SKU04075,59,35,7,94
2025-12-13,SKU04079,14,46,7,60
2025-12-13,SKU04084,107,0,7,83
2025-12-13,SKU04184,125,0,7,54
2025-12-13,SKU04201,175,0,7,87
2025-12-13,SKU04243,28,3,7,31
2025-12-13,SKU04264,129,0,7,92
2025-12-13,SKU04266,16,10,7,26
2025-12-13,SKU04270,210,0,7,93
2025-12-13,SKU04349,218,0,7,89
2025-12-13,SKU04358,56,0,7,34
2025-12-13,SKU04370,77,0,7,45
2025-12-13,SKU04372,8,54,7,62
2025-12-13,SKU04395,32,1,7,33
2025-12-13,SKU04415,116,0,7,89
2025-12-13,SKU04422,102,0,7,98
2025-12-13,SKU04431,67,0,7,24
2025-12-13,SKU04446,35,0,7,23
2025-12-13,SKU04464,171,0,7,98
2025-12-13,SKU04503,74,0,7,51
2025-12-13,SKU04516,47,0,7,42
2025-12-13,SKU04519,118,0,7,59
2025-12-13,SKU04522,168,0,7,61
2025-12-13,SKU04527,100,0,7,95
2025-12-13,SKU04603,56,0,7,33
2025-12-13,SKU04605,78,0,7,28
2025-12-13,SKU04668,186,0,7,72
2025-12-13,SKU04680,7,61,7,68
2025-12-13,SKU04754,39,8,7,47
2025-12-13,SKU04787,141,0,7,58
2025-12-13,SKU04796,117,0,7,68
2025-12-13,SKU04804,73,0,7,35
2025-12-13,SKU04811,69,14,7,83
2025-12-13,SKU04838,110,0,7,67
2025-12-13,SKU04839,35,8,7,43
2025-12-13,SKU04872,83,0,7,49
2025-12-13,SKU04907,151,0,7,64
2025-12-13,SKU04946,35,0,7,23
2025-12-13,SKU04950,62,0,7,56
2025-12-13,SKU04998,115,0,7,60
2025-12-13,SKU04999,9,66,7,75
2025-12-14,SKU00028,166,0,7,73
2025-12-14,SKU00037,104,0,7,53
2025-12-14,SKU00041,82,0,7,56
2025-12-14,SKU00070,115,0,7,56
2025-12-14,SKU00077,37,20,7,57
2025-12-14,SKU00087,28,49,7,77
2025-12-14,SKU00108,23,75,7,98
2025-12-14,SKU00135,90,0,7,57
2025-12-14,SKU00218,80,13,7,93
2025-12-14,SKU00405,117,0,7,43
2025-12-14,SKU00411,270,0,7,96
2025-12-14,SKU00423,72,15,7,87
2025-12-14,SKU00443,63,0,7,32
2025-12-14,SKU00451,134,0,7,53
2025-12-14,SKU00563,175,0,7,93
2025-12-14,SKU00629,15,51,7,66
2025-12-14,SKU00686,273,0,7,99
2025-12-14,SKU00712,175,0,7,111
2025-12-14,SKU00723,124,0,7,92
2025-12-14,SKU00733,16,34,7,50
2025-12-14,SKU00751,88,0,7,54
2025-12-14,SKU00762,61,0,7,32
2025-12-14,SKU00779,50,0,7,49
2025-12-14,SKU00787,180,0,7,92
2025-12-14,SKU00799,183,0,7,79
2025-12-14,SKU00825,33,36,7,69
2025-12-14,SKU00890,79,0,7,35
2025-12-14,SKU00973,106,0,7,71
2025-12-14,SKU00992,122,0,7,56
2025-12-14,SKU01033,217,0,7,93
2025-12-14,SKU01047,48,0,7,36
2025-12-14,SKU01061,194,0,7,84
2025-12-14,SKU01064,115,0,7,58
2025-12-14,SKU01085,181,0,7,78
2025-12-14,SKU01097,37,10,7,47
2025-12-14,SKU01123,201,0,7,70
2025-12-14,SKU01127,11,33,7,44
2025-12-14,SKU01172,117,0,7,51
2025-12-14,SKU01183,25,0,7,24
2025-12-14,SKU01227,76,0,7,54
2025-12-14,SKU01230,159,0,7,84
2025-12-14,SKU01296,144,0,7,82
2025-12-14,SKU01332,18,7,7,25
2025-12-14,SKU01375,148,0,7,52
2025-12-14,SKU01427,22,53,7,75
2025-12-14,SKU01459,121,0,7,90
2025-12-14,SKU01481,141,0,7,77
2025-12-14,SKU01506,72,19,7,91
2025-12-14,SKU01515,116,0,7,92
2025-12-14,SKU01518,181,0,7,61
2025-12-14,SKU01550,179,0,7,74
2025-12-14,SKU01602,55,42,7,97
2025-12-14,SKU01629,129,0,7,99
2025-12-14,SKU01669,120,0,7,72
2025-12-14,SKU01738,96,0,7,64
2025-12-14,SKU01786,16,37,7,53
2025-12-14,SKU01849,84,0,7,68
2025-12-14,SKU01953,137,0,7,72
2025-12-14,SKU01987,11,12,7,23
2025-12-14,SKU02016,51,17,7,68
2025-12-14,SKU02079,1,24,7,25
2025-12-14,SKU02091,35,3,7,38
2025-12-14,SKU02201,223,0,7,84
2025-12-14,SKU02227,58,0,7,37
2025-12-14,SKU02235,34,16,7,50
2025-12-14,SKU02236,44,0,7,26
2025-12-14,SKU02269,68,32,7,100
2025-12-14,SKU02277,6,57,7,63
2025-12-14,SKU02287,81,0,7,71
2025-12-14,SKU02311,44,9,7,53
2025-12-14,SKU02314,32,47,7,79
2025-12-14,SKU02315,110,0,7,38
2025-12-14,SKU02336,7,17,7,24
2025-12-14,SKU02343,39,46,7,85
2025-12-14,SKU02397,81,0,7,45
2025-12-14,SKU02406,59,0,7,46
2025-12-14,SKU02437,165,0,7,63
2025-12-14,SKU02493,119,0,7,54
2025-12-14,SKU02502,169,0,7,160
2025-12-14,SKU02507,64,0,7,40
2025-12-14,SKU02512,127,0,7,47
2025-12-14,SKU02606,125,0,7,57
2025-12-14,SKU02615,134,0,7,66
2025-12-14,SKU02661,56,3,7,59
2025-12-14,SKU02679,8,43,7,51
2025-12-14,SKU02714,243,0,7,82
2025-12-14,SKU02716,206,0,7,85
2025-12-14,SKU02736,110,0,7,67
2025-12-14,SKU02825,73,0,7,26
2025-12-14,SKU02845,146,0,7,99
2025-12-14,SKU02855,66,0,7,34
2025-12-14,SKU02864,22,13,7,35
2025-12-14,SKU02880,31,42,7,73
2025-12-14,SKU02920,107,0,7,53
2025-12-14,SKU02924,146,0,7,78
2025-12-14,SKU02927,82,0,7,53
2025-12-14,SKU02934,45,0,7,28
2025-12-14,SKU02962,251,0,7,98
2025-12-14,SKU02965,73,0,7,38
2025-12-14,SKU02988,63,0,7,34
2025-12-14,SKU02989,96,0,7,71
2025-12-14,SKU03018,93,0,7,75
2025-12-14,SKU03099,20,53,7,73
2025-12-14,SKU03103,223,0,7,77
2025-12-14,SKU03209,80,0,7,39
2025-12-14,SKU03290,11,20,7,31
2025-12-14,SKU03315,175,0,7,65
2025-12-14,SKU03322,74,0,7,60
2025-12-14,SKU03430,47,15,7,62
2025-12-14,SKU03480,63,0,7,59
2025-12-14,SKU03486,92,0,7,84
2025-12-14,SKU03496,98,0,7,52
2025-12-14,SKU03500,99,0,7,55
2025-12-14,SKU03539,119,0,7,69
2025-12-14,SKU03547,80,0,7,41
2025-12-14,SKU03549,93,0,7,36
2025-12-14,SKU03556,15,17,7,32
2025-12-14,SKU03585,81,0,7,46
2025-12-14,SKU03620,56,0,7,31
2025-12-14,SKU03638,182,0,7,67
2025-12-14,SKU03658,27,2,7,29
2025-12-14,SKU03733,76,18,7,94
2025-12-14,SKU03774,74,23,7,97
2025-12-14,SKU03811,39,23,7,62
2025-12-14,SKU03845,61,17,7,78
2025-12-14,SKU03882,186,0,7,75
2025-12-14,SKU03902,53,0,7,42
2025-12-14,SKU03925,7,22,7,29
2025-12-14,SKU03936,251,0,7,88
2025-12-14,SKU03959,205,0,7,89
2025-12-14,SKU04008,105,0,7,74
2025-12-14,SKU04016,205,0,7,78
2025-12-14,SKU04033,105,0,7,74
2025-12-14,SKU04069,115,0,7,61
2025-12-14,SKU04088,73,0,7,28
2025-12-14,SKU04135,114,0,7,69
2025-12-14,SKU04173,19,35,7,54
2025-12-14,SKU04221,95,0,7,32
2025-12-14,SKU04225,169,0,7,65
2025-12-14,SKU04235,146,0,7,51
2025-12-14,SKU04266,134,0,7,52
2025-12-14,SKU04280,92,0,7,45
2025-12-14,SKU04452,72,14,7,86
2025-12-14,SKU04455,268,0,7,90
2025-12-14,SKU04473,221,0,7,83
2025-12-14,SKU04498,178,0,7,82
2025-12-14,SKU04506,2,24,7,26
2025-12-14,SKU04583,179,0,7,86
2025-12-14,SKU04610,203,0,7,96
2025-12-14,SKU04685,8,58,7,66
2025-12-14,SKU04698,8,20,7,28
2025-12-14,SKU04745,138,0,7,58
2025-12-14,SKU04796,47,46,7,93
2025-12-14,SKU04812,72,0,7,36
2025-12-14,SKU04873,36,15,7,51
2025-12-14,SKU04906,75,0,7,34
2025-12-14,SKU04908,44,0,7,22
2025-12-14,SKU04970,27,34,7,61
2025-12-14,SKU04974,116,0,7,48
2025-12-14,SKU04989,107,0,7,71
2025-12-14,SKU04991,253,0,7,100
2025-12-15,SKU00017,64,0,7,35
2025-12-15,SKU00111,32,0,7,27
2025-12-15,SKU00124,15,12,7,27
2025-12-15,SKU00146,80,18,7,98
2025-12-15,SKU00230,26,0,7,24
2025-12-15,SKU00231,8,21,7,29
2025-12-15,SKU00308,108,43,7,151
2025-12-15,SKU00380,99,0,7,73
2025-12-15,SKU00381,141,0,7,95
2025-12-15,SKU00395,102,0,7,37
2025-12-15,SKU00438,125,0,7,78
2025-12-15,SKU00442,97,0,7,61
2025-12-15,SKU00506,102,0,7,98
2025-12-15,SKU00509,116,0,7,88
2025-12-15,SKU00547,77,0,7,29
2025-12-15,SKU00591,209,0,7,80
2025-12-15,SKU00595,187,0,7,83
2025-12-15,SKU00601,26,20,7,46
2025-12-15,SKU00652,180,0,7,83
2025-12-15,SKU00702,141,0,7,92
2025-12-15,SKU00727,17,15,7,32
2025-12-15,SKU00770,53,0,7,40
2025-12-15,SKU00793,77,0,7,50
2025-12-15,SKU00802,39,0,7,33
2025-12-15,SKU00819,53,0,7,27
2025-12-15,SKU00880,15,61,7,76
2025-12-15,SKU00881,98,0,7,73
2025-12-15,SKU00905,70,15,7,85
2025-12-15,SKU00911,36,0,7,32
2025-12-15,SKU00934,114,0,7,67
2025-12-15,SKU00960,118,0,7,68
2025-12-15,SKU00968,25,72,7,97
2025-12-15,SKU01012,25,9,7,34
2025-12-15,SKU01085,55,34,7,89
2025-12-15,SKU01104,24,17,7,41
2025-12-15,SKU01196,71,21,7,92
2025-12-15,SKU01208,196,0,7,88
2025-12-15,SKU01309,216,0,7,92
2025-12-15,SKU01401,206,0,7,72
2025-12-15,SKU01600,118,0,7,56
2025-12-15,SKU01639,221,0,7,98
2025-12-15,SKU01665,75,6,7,81
2025-12-15,SKU01667,243,0,7,94
2025-12-15,SKU01704,213,0,7,92
2025-12-15,SKU01714,27,44,7,71
2025-12-15,SKU01735,186,0,7,78
2025-12-15,SKU01740,86,0,7,60
2025-12-15,SKU01742,69,0,7,67
2025-12-15,SKU01800,45,19,7,64
2025-12-15,SKU01809,1,43,7,44
2025-12-15,SKU01841,135,0,7,65
2025-12-15,SKU01902,86,0,7,45
2025-12-15,SKU01904,46,0,7,31
2025-12-15,SKU02020,59,0,7,28
2025-12-15,SKU02047,197,0,7,78
2025-12-15,SKU02062,63,0,7,39
2025-12-15,SKU02103,152,0,7,57
2025-12-15,SKU02146,13,54,7,67
2025-12-15,SKU02244,117,0,7,80
2025-12-15,SKU02250,23,49,7,72
2025-12-15,SKU02270,49,0,7,29
2025-12-15,SKU02336,9,55,7,64
2025-12-15,SKU02348,3,19,7,22
2025-12-15,SKU02349,107,0,7,71
2025-12-15,SKU02438,214,0,7,76
2025-12-15,SKU02485,15,15,7,30
2025-12-15,SKU02610,50,0,7,43
2025-12-15,SKU02631,146,0,7,77
2025-12-15,SKU02651,96,0,7,87
2025-12-15,SKU02665,105,0,7,51
2025-12-15,SKU02675,171,0,7,82
2025-12-15,SKU02769,173,0,7,84
2025-12-15,SKU02778,20,57,7,77
2025-12-15,SKU02811,25,3,7,28
2025-12-15,SKU02828,103,0,7,60
2025-12-15,SKU02850,36,1,7,37
2025-12-15,SKU02904,59,0,7,31
2025-12-15,SKU02936,104,0,7,54
2025-12-15,SKU02970,6,75,7,81
2025-12-15,SKU02996,99,0,7,65
2025-12-15,SKU03015,79,0,7,29
2025-12-15,SKU03022,22,30,7,52
2025-12-15,SKU03084,31,0,7,20
2025-12-15,SKU03086,103,0,7,68
2025-12-15,SKU03172,196,0,7,68
2025-12-15,SKU03180,81,0,7,47
2025-12-15,SKU03249,54,0,7,49
2025-12-15,SKU03270,8,77,7,85
2025-12-15,SKU03313,132,0,7,58
2025-12-15,SKU03322,116,0,7,39
2025-12-15,SKU03338,104,0,7,76
2025-12-15,SKU03377,52,0,7,40
2025-12-15,SKU03383,160,0,7,97
2025-12-15,SKU03394,75,0,7,52
2025-12-15,SKU03412,124,0,7,59
2025-12-15,SKU03438,74,0,7,70
2025-12-15,SKU03469,161,0,7,66
2025-12-15,SKU03608,103,0,7,81
2025-12-15,SKU03671,99,0,7,59
2025-12-15,SKU03726,90,0,7,74
2025-12-15,SKU03730,285,0,7,99
2025-12-15,SKU03763,31,0,7,22
2025-12-15,SKU03777,235,0,7,99
2025-12-15,SKU03783,86,0,7,68
2025-12-15,SKU03824,42,0,7,41
2025-12-15,SKU03838,4,57,7,61
2025-12-15,SKU03845,57,0,7,24
2025-12-15,SKU03856,0,57,7,57
2025-12-15,SKU03875,40,46,7,86
2025-12-15,SKU03955,18,5,7,23
2025-12-15,SKU04044,121,31,7,152
2025-12-15,SKU04076,27,0,7,23
2025-12-15,SKU04081,25,0,7,24
2025-12-15,SKU04121,29,39,7,68
2025-12-15,SKU04173,79,0,7,42
2025-12-15,SKU04194,119,0,7,78
2025-12-15,SKU04237,78,0,7,31
2025-12-15,SKU04295,9,53,7,62
2025-12-15,SKU04340,28,29,7,57
2025-12-15,SKU04398,125,0,7,94
2025-12-15,SKU04433,173,0,7,98
2025-12-15,SKU04445,70,0,7,62
2025-12-15,SKU04483,133,0,7,93
2025-12-15,SKU04513,121,0,7,67
2025-12-15,SKU04519,67,9,7,76
2025-12-15,SKU04525,122,0,7,67
2025-12-15,SKU04533,32,0,7,20
2025-12-15,SKU04540,79,0,7,35
2025-12-15,SKU04549,42,0,7,24
2025-12-15,SKU04580,21,57,7,78
2025-12-15,SKU04589,52,10,7,62
2025-12-15,SKU04660,42,26,7,68
2025-12-15,SKU04765,24,54,7,78
2025-12-15,SKU04774,76,0,7,65
2025-12-15,SKU04852,254,0,7,94
2025-12-15,SKU04868,44,0,7,23
2025-12-15,SKU04930,216,0,7,73
2025-12-16,SKU00103,34,0,7,24
2025-12-16,SKU00219,195,0,7,68
2025-12-16,SKU00220,111,0,7,79
2025-12-16,SKU00224,126,0,7,90
2025-12-16,SKU00233,48,31,7,79
2025-12-16,SKU00263,110,0,7,67
2025-12-16,SKU00351,12,29,7,41
2025-12-16,SKU00367,48,0,7,22
2025-12-16,SKU00374,53,44,7,97
2025-12-16,SKU00400,90,0,7,68
2025-12-16,SKU00542,102,0,7,98
2025-12-16,SKU00580,199,0,7,85
2025-12-16,SKU00667,49,0,7,31
2025-12-16,SKU00690,115,0,7,94
2025-12-16,SKU00698,119,0,7,98
2025-12-16,SKU00733,256,0,7,98
2025-12-16,SKU00742,123,0,7,62
2025-12-16,SKU00761,25,8,7,33
2025-12-16,SKU00772,56,8,7,64
2025-12-16,SKU00780,42,0,7,34
2025-12-16,SKU00781,97,0,7,40
2025-12-16,SKU00799,17,4,7,21
2025-12-16,SKU00819,165,0,7,74
2025-12-16,SKU00840,103,0,7,66
2025-12-16,SKU00852,24,15,7,39
2025-12-16,SKU00868,287,0,7,97
2025-12-16,SKU00878,5,71,7,76
2025-12-16,SKU00887,97,0,7,81
2025-12-16,SKU00908,30,17,7,47
2025-12-16,SKU00980,57,24,7,81
2025-12-16,SKU01025,2,41,7,43
2025-12-16,SKU01043,78,0,7,51
2025-12-16,SKU01047,17,25,7,42
2025-12-16,SKU01114,79,0,7,33
2025-12-16,SKU01210,31,42,7,73
2025-12-16,SKU01248,82,6,7,88
2025-12-16,SKU01301,23,66,7,89
2025-12-16,SKU01312,179,0,7,83
2025-12-16,SKU01313,57,0,7,34
2025-12-16,SKU01323,98,0,7,44
2025-12-16,SKU01358,32,26,7,58
2025-12-16,SKU01388,10,17,7,27
2025-12-16,SKU01389,107,0,7,68
2025-12-16,SKU01394,64,0,7,49
2025-12-16,SKU01398,33,66,7,99
2025-12-16,SKU01405,133,0,7,45
2025-12-16,SKU01467,81,0,7,48
2025-12-16,SKU01473,49,21,7,70
2025-12-16,SKU01494,106,0,7,53
2025-12-16,SKU01520,125,0,7,55
2025-12-16,SKU01521,204,0,7,96
2025-12-16,SKU01530,91,0,7,53
2025-12-16,SKU01562,60,7,7,67
2025-12-16,SKU01627,5,18,7,23
2025-12-16,SKU01628,92,0,7,88
2025-12-16,SKU01635,8,18,7,26
2025-12-16,SKU01685,202,0,7,73
2025-12-16,SKU01697,57,0,7,51
2025-12-16,SKU01712,130,0,7,92
2025-12-16,SKU01728,88,0,7,78
2025-12-16,SKU01734,58,0,7,23
2025-12-16,SKU01756,206,0,7,76
2025-12-16,SKU01767,109,0,7,60
2025-12-16,SKU01793,171,0,7,73
2025-12-16,SKU01867,169,0,7,67
2025-12-16,SKU01909,7,21,7,28
2025-12-16,SKU01942,172,0,7,60
2025-12-16,SKU01962,191,0,7,87
2025-12-16,SKU01967,158,0,7,69
2025-12-16,SKU01968,75,0,7,34
2025-12-16,SKU01991,54,0,7,51
2025-12-16,SKU01995,77,0,7,28
2025-12-16,SKU02107,76,4,7,80
2025-12-16,SKU02143,42,6,7,48
2025-12-16,SKU02169,34,25,7,59
2025-12-16,SKU02208,358,0,7,153
2025-12-16,SKU02230,43,72,7,115
2025-12-16,SKU02299,32,6,7,38
2025-12-16,SKU02304,219,0,7,82
2025-12-16,SKU02465,91,0,7,82
2025-12-16,SKU02513,100,0,7,58
2025-12-16,SKU02532,144,0,7,54
2025-12-16,SKU02553,14,11,7,25
2025-12-16,SKU02594,66,0,7,40
2025-12-16,SKU02599,20,13,7,33
2025-12-16,SKU02620,127,0,7,44
2025-12-16,SKU02704,155,0,7,100
2025-12-16,SKU02731,47,38,7,85
2025-12-16,SKU02732,16,10,7,26
2025-12-16,SKU02804,45,26,7,71
2025-12-16,SKU02807,166,0,7,75
2025-12-16,SKU02872,32,14,7,46
2025-12-16,SKU02901,80,0,7,32
2025-12-16,SKU02909,51,18,7,69
2025-12-16,SKU02910,52,0,7,30
2025-12-16,SKU02921,163,0,7,83
2025-12-16,SKU02942,34,6,7,40
2025-12-16,SKU03004,20,74,7,94
2025-12-16,SKU03045,31,69,7,100
2025-12-16,SKU03075,132,0,7,79
2025-12-16,SKU03113,75,0,7,38
2025-12-16,SKU03143,78,0,7,38
2025-12-16,SKU03187,279,0,7,94
2025-12-16,SKU03233,164,0,7,82
2025-12-16,SKU03258,8,37,7,45
2025-12-16,SKU03298,0,43,7,43
2025-12-16,SKU03401,165,0,7,122
2025-12-16,SKU03422,74,0,7,52
2025-12-16,SKU03435,43,49,7,92
2025-12-16,SKU03465,21,39,7,60
2025-12-16,SKU03485,20,61,7,81
2025-12-16,SKU03533,3,22,7,25
2025-12-16,SKU03549,12,21,7,33
2025-12-16,SKU03566,11,23,7,34
2025-12-16,SKU03612,18,31,7,49
2025-12-16,SKU03732,160,0,7,80
2025-12-16,SKU03747,67,0,7,24
2025-12-16,SKU03759,208,0,7,77
2025-12-16,SKU03859,76,0,7,41
2025-12-16,SKU03862,38,0,7,28
2025-12-16,SKU03890,26,0,7,21
2025-12-16,SKU03900,157,0,7,94
2025-12-16,SKU03906,252,0,7,97
2025-12-16,SKU03912,153,0,7,54
2025-12-16,SKU03917,26,2,7,28
2025-12-16,SKU03921,126,0,7,78
2025-12-16,SKU03944,107,0,7,98
2025-12-16,SKU03983,60,0,7,35
2025-12-16,SKU03992,18,74,7,92
2025-12-16,SKU03996,89,6,7,95
2025-12-16,SKU04031,87,0,7,38
2025-12-16,SKU04065,97,0,7,45
2025-12-16,SKU04066,142,0,7,60
2025-12-16,SKU04089,137,0,7,62
2025-12-16,SKU04102,61,0,7,27
2025-12-16,SKU04108,74,26,7,100
2025-12-16,SKU04162,25,0,7,21
2025-12-16,SKU04240,66,0,7,42
2025-12-16,SKU04303,106,0,7,50
2025-12-16,SKU04317,154,0,7,89
2025-12-16,SKU04369,254,0,7,85
2025-12-16,SKU04379,21,0,7,20
2025-12-16,SKU04450,91,0,7,40
2025-12-16,SKU04484,261,0,7,93
2025-12-16,SKU04536,6,23,7,29
2025-12-16,SKU04543,12,49,7,61
2025-12-16,SKU04544,245,0,7,95
2025-12-16,SKU04567,65,0,7,65
2025-12-16,SKU04593,127,0,7,55
2025-12-16,SKU04650,109,0,7,42
2025-12-16,SKU04678,103,0,7,60
2025-12-16,SKU04711,40,41,7,81
2025-12-16,SKU04719,188,0,7,79
2025-12-16,SKU04810,5,80,7,85
2025-12-16,SKU04885,51,43,7,94
2025-12-16,SKU04917,8,64,7,72
2025-12-16,SKU04932,92,3,7,95
2025-12-16,SKU04947,21,25,7,46
2025-12-16,SKU04973,30,0,7,25
2025-12-17,SKU00013,56,0,7,45
2025-12-17,SKU00128,124,0,7,53
2025-12-17,SKU00175,25,70,7,95
2025-12-17,SKU00185,225,0,7,82
2025-12-17,SKU00214,9,68,7,77
2025-12-17,SKU00227,246,0,7,86
2025-12-17,SKU00235,33,30,7,63
2025-12-17,SKU00260,46,4,7,50
2025-12-17,SKU00266,20,17,7,37
2025-12-17,SKU00287,118,0,7,41
2025-12-17,SKU00294,9,11,7,20
2025-12-17,SKU00306,131,0,7,79
2025-12-17,SKU00457,132,0,7,84
2025-12-17,SKU00458,35,27,7,62
2025-12-17,SKU00497,239,0,7,94
2025-12-17,SKU00570,85,0,7,41
2025-12-17,SKU00583,77,0,7,54
2025-12-17,SKU00611,208,0,7,88
2025-12-17,SKU00621,81,0,7,79
2025-12-17,SKU00660,3,31,7,34
2025-12-17,SKU00677,35,0,7,24
2025-12-17,SKU00754,196,0,7,75
2025-12-17,SKU00784,61,0,7,45
2025-12-17,SKU00792,19,54,7,73
2025-12-17,SKU00794,92,0,7,83
2025-12-17,SKU00804,28,43,7,71
2025-12-17,SKU00810,72,0,7,32
2025-12-17,SKU00849,23,29,7,52
2025-12-17,SKU00930,104,0,7,89
2025-12-17,SKU00939,73,0,7,28
2025-12-17,SKU01061,84,0,7,42
2025-12-17,SKU01072,85,0,7,58
2025-12-17,SKU01082,71,4,7,75
2025-12-17,SKU01090,16,5,7,21
2025-12-17,SKU01121,48,45,7,93
2025-12-17,SKU01128,105,0,7,41
2025-12-17,SKU01169,73,0,7,25
2025-12-17,SKU01208,27,0,7,24
2025-12-17,SKU01235,38,10,7,48
2025-12-17,SKU01257,104,0,7,57
2025-12-17,SKU01355,0,72,7,72
2025-12-17,SKU01404,31,0,7,24
2025-12-17,SKU01468,174,0,7,93
2025-12-17,SKU01499,0,43,7,43
2025-12-17,SKU01513,8,88,7,96
2025-12-17,SKU01514,53,0,7,48
2025-12-17,SKU01536,239,0,7,80
2025-12-17,SKU01539,102,0,7,37
2025-12-17,SKU01549,35,0,7,21
2025-12-17,SKU01551,214,0,7,79
2025-12-17,SKU01579,48,20,7,68
2025-12-17,SKU01599,47,0,7,43
2025-12-17,SKU01642,75,0,7,49
2025-12-17,SKU01741,82,0,7,72
2025-12-17,SKU01771,60,0,7,25
2025-12-17,SKU01774,78,0,7,43
2025-12-17,SKU01795,14,47,7,61
2025-12-17,SKU01836,111,0,7,43
2025-12-17,SKU01838,180,0,7,75
2025-12-17,SKU01905,43,0,7,38
2025-12-17,SKU01918,166,0,7,56
2025-12-17,SKU02025,61,9,7,70
2025-12-17,SKU02166,50,0,7,48
2025-12-17,SKU02173,216,0,7,94
2025-12-17,SKU02175,18,49,7,67
2025-12-17,SKU02180,19,9,7,28
2025-12-17,SKU02234,56,14,7,70
2025-12-17,SKU02332,4,24,7,28
2025-12-17,SKU02410,184,0,7,78
2025-12-17,SKU02444,16,84,7,100
2025-12-17,SKU02481,22,58,7,80
2025-12-17,SKU02582,145,0,7,83
2025-12-17,SKU02635,134,0,7,69
2025-12-17,SKU02642,90,0,7,53
2025-12-17,SKU02742,185,0,7,63
2025-12-17,SKU02776,21,0,7,21
2025-12-17,SKU02801,4,38,7,42
2025-12-17,SKU02884,67,28,7,95
2025-12-17,SKU02888,113,0,7,80
2025-12-17,SKU02917,84,0,7,82
2025-12-17,SKU02918,73,0,7,44
2025-12-17,SKU02974,8,24,7,32
2025-12-17,SKU02980,234,0,7,82
2025-12-17,SKU02988,164,0,7,79
2025-12-17,SKU02992,37,0,7,20
2025-12-17,SKU03020,113,0,7,60
2025-12-17,SKU03054,130,0,7,56
2025-12-17,SKU03101,98,0,7,66
2025-12-17,SKU03156,98,0,7,51
2025-12-17,SKU03201,66,0,7,65
2025-12-17,SKU03222,145,0,7,64
2025-12-17,SKU03233,5,46,7,51
2025-12-17,SKU03265,38,26,7,64
2025-12-17,SKU03300,149,0,7,88
2025-12-17,SKU03302,52,0,7,31
2025-12-17,SKU03308,23,2,7,25
2025-12-17,SKU03420,44,0,7,29
2025-12-17,SKU03421,134,0,7,48
2025-12-17,SKU03432,17,54,7,71
2025-12-17,SKU03487,153,0,7,80
2025-12-17,SKU03505,24,0,7,21
2025-12-17,SKU03518,123,0,7,62
2025-12-17,SKU03590,70,0,7,51
2025-12-17,SKU03613,91,0,7,48
2025-12-17,SKU03707,42,0,7,27
2025-12-17,SKU03761,70,0,7,31
2025-12-17,SKU03783,57,0,7,31
2025-12-17,SKU03826,18,17,7,35
2025-12-17,SKU03854,27,2,7,29
2025-12-17,SKU03860,129,0,7,92
2025-12-17,SKU03904,66,9,7,75
2025-12-17,SKU03911,170,0,7,79
2025-12-17,SKU03916,143,0,7,90
2025-12-17,SKU03972,149,0,7,53
2025-12-17,SKU04010,8,21,7,29
2025-12-17,SKU04081,60,4,7,64
2025-12-17,SKU04123,80,0,7,42
2025-12-17,SKU04135,32,43,7,75
2025-12-17,SKU04255,57,0,7,49
2025-12-17,SKU04263,109,0,7,40
2025-12-17,SKU04275,28,18,7,46
2025-12-17,SKU04322,44,0,7,43
2025-12-17,SKU04327,37,25,7,62
2025-12-17,SKU04421,103,0,7,80
2025-12-17,SKU04524,5,69,7,74
2025-12-17,SKU04540,190,0,7,84
2025-12-17,SKU04542,121,0,7,76
2025-12-17,SKU04543,199,0,7,88
2025-12-17,SKU04567,92,0,7,92
2025-12-17,SKU04673,85,0,7,43
2025-12-17,SKU04703,9,11,7,20
2025-12-17,SKU04713,85,0,7,46
2025-12-17,SKU04735,56,0,7,36
2025-12-17,SKU04742,41,6,7,47
2025-12-17,SKU04916,159,0,7,83
2025-12-17,SKU04961,119,0,7,44
2025-12-17,SKU04977,108,0,7,53
2025-12-18,SKU00063,84,0,7,82
2025-12-18,SKU00081,41,0,7,26
2025-12-18,SKU00094,49,0,7,32
2025-12-18,SKU00195,99,0,7,37
2025-12-18,SKU00206,185,0,7,63
2025-12-18,SKU00249,185,0,7,62
2025-12-18,SKU00289,9,38,7,47
2025-12-18,SKU00325,65,0,7,44
2025-12-18,SKU00340,47,0,7,22
2025-12-18,SKU00379,75,0,7,43
2025-12-18,SKU00404,131,0,7,92
2025-12-18,SKU00411,135,0,7,67
2025-12-18,SKU00426,8,23,7,31
2025-12-18,SKU00493,147,0,7,62
2025-12-18,SKU00525,92,0,7,45
2025-12-18,SKU00534,111,0,7,93
2025-12-18,SKU00606,44,0,7,26
2025-12-18,SKU00665,49,0,7,39
2025-12-18,SKU00672,129,0,7,77
2025-12-18,SKU00673,106,0,7,86
2025-12-18,SKU00680,80,0,7,73
2025-12-18,SKU00684,249,0,7,89
2025-12-18,SKU00784,79,0,7,76
2025-12-18,SKU00854,13,15,7,28
2025-12-18,SKU00857,55,39,7,94
2025-12-18,SKU00887,87,0,7,32
2025-12-18,SKU00891,113,0,7,89
2025-12-18,SKU00898,144,0,7,55
2025-12-18,SKU01177,5,26,7,31
2025-12-18,SKU01222,12,83,7,95
2025-12-18,SKU01258,0,85,7,85
2025-12-18,SKU01351,163,0,7,71
2025-12-18,SKU01488,57,0,7,21
2025-12-18,SKU01490,211,0,7,74
2025-12-18,SKU01492,25,22,7,47
2025-12-18,SKU01606,2,80,7,82
2025-12-18,SKU01623,110,0,7,40
2025-12-18,SKU01695,91,0,7,69
2025-12-18,SKU01716,147,0,7,83
2025-12-18,SKU01734,36,0,7,22
2025-12-18,SKU01756,151,0,7,72
2025-12-18,SKU01793,76,10,7,86
2025-12-18,SKU01826,43,0,7,37
2025-12-18,SKU01862,51,0,7,43
2025-12-18,SKU01865,55,0,7,49
2025-12-18,SKU01870,152,0,7,94
2025-12-18,SKU01905,193,0,7,76
2025-12-18,SKU01920,73,0,7,40
2025-12-18,SKU01975,51,0,7,26
2025-12-18,SKU02016,1,25,7,26
2025-12-18,SKU02083,86,0,7,51
2025-12-18,SKU02123,156,0,7,64
2025-12-18,SKU02143,93,0,7,43
2025-12-18,SKU02180,145,0,7,79
2025-12-18,SKU02191,173,0,7,76
2025-12-18,SKU02213,16,33,7,49
2025-12-18,SKU02259,148,0,7,97
2025-12-18,SKU02279,241,0,7,96
2025-12-18,SKU02284,130,0,7,54
2025-12-18,SKU02350,207,0,7,80
2025-12-18,SKU02379,121,0,7,96
2025-12-18,SKU02394,77,8,7,85
2025-12-18,SKU02412,17,10,7,27
2025-12-18,SKU02428,106,0,7,36
2025-12-18,SKU02440,146,0,7,56
2025-12-18,SKU02513,66,34,7,100
2025-12-18,SKU02550,86,0,7,75
2025-12-18,SKU02572,102,0,7,38
2025-12-18,SKU02591,12,37,7,49
2025-12-18,SKU02674,104,0,7,37
2025-12-18,SKU02711,114,0,7,51
2025-12-18,SKU02714,75,11,7,86
2025-12-18,SKU02715,50,0,7,49
2025-12-18,SKU02716,121,0,7,87
2025-12-18,SKU02725,271,0,7,94
2025-12-18,SKU02799,72,0,7,60
2025-12-18,SKU02809,69,0,7,34
2025-12-18,SKU02813,245,0,7,92
2025-12-18,SKU02833,143,0,7,74
2025-12-18,SKU02841,84,0,7,42
2025-12-18,SKU02844,11,34,7,45
2025-12-18,SKU02851,185,0,7,63
2025-12-18,SKU02882,85,0,7,64
2025-12-18,SKU02932,64,0,7,27
2025-12-18,SKU03007,219,0,7,80
2025-12-18,SKU03097,11,74,7,85
2025-12-18,SKU03154,35,0,7,33
2025-12-18,SKU03190,18,75,7,93
2025-12-18,SKU03203,39,25,7,64
2025-12-18,SKU03260,52,0,7,33
2025-12-18,SKU03294,13,9,7,22
2025-12-18,SKU03335,12,75,7,87
2025-12-18,SKU03395,194,0,7,78
2025-12-18,SKU03437,266,0,7,98
2025-12-18,SKU03495,118,0,7,44
2025-12-18,SKU03512,131,0,7,77
2025-12-18,SKU03540,112,0,7,52
2025-12-18,SKU03557,72,0,7,27
2025-12-18,SKU03570,111,0,7,62
2025-12-18,SKU03725,160,0,7,81
2025-12-18,SKU03728,62,0,7,53
2025-12-18,SKU03812,15,29,7,44
2025-12-18,SKU03821,145,0,7,56
2025-12-18,SKU03869,46,0,7,34
2025-12-18,SKU03918,20,52,7,72
2025-12-18,SKU03937,155,0,7,94
2025-12-18,SKU03945,1,77,7,78
2025-12-18,SKU03967,81,0,7,38
2025-12-18,SKU03980,228,0,7,89
2025-12-18,SKU03992,116,0,7,63
2025-12-18,SKU04016,77,0,7,68
2025-12-18,SKU04029,118,0,7,94
2025-12-18,SKU04045,111,0,7,96
2025-12-18,SKU04122,44,0,7,38
2025-12-18,SKU04164,83,0,7,37
2025-12-18,SKU04198,266,0,7,95
2025-12-18,SKU04219,56,11,7,67
2025-12-18,SKU04272,26,0,7,20
2025-12-18,SKU04283,136,0,7,80
2025-12-18,SKU04336,184,0,7,92
2025-12-18,SKU04387,204,0,7,73
2025-12-18,SKU04411,102,0,7,57
2025-12-18,SKU04488,184,0,7,88
2025-12-18,SKU04497,4,76,7,80
2025-12-18,SKU04531,12,13,7,25
2025-12-18,SKU04715,25,2,7,27
2025-12-18,SKU04726,117,0,7,97
2025-12-18,SKU04770,41,17,7,58
2025-12-18,SKU04789,228,0,7,96
2025-12-18,SKU04792,91,0,7,67
2025-12-18,SKU04828,123,0,7,48
2025-12-18,SKU04845,129,0,7,76
2025-12-18,SKU04873,13,14,7,27
2025-12-18,SKU04923,32,31,7,63
2025-12-18,SKU04957,13,13,7,26
2025-12-18,SKU04959,44,0,7,22
2025-12-18,SKU04983,206,0,7,130
2025-12-18,SKU04999,62,0,7,42
2025-12-19,SKU00030,43,0,7,31
2025-12-19,SKU00047,59,6,7,65
2025-12-19,SKU00180,81,0,7,31
2025-12-19,SKU00183,84,0,7,73
2025-12-19,SKU00216,263,0,7,93
2025-12-19,SKU00226,93,0,7,91
2025-12-19,SKU00337,33,31,7,64
2025-12-19,SKU00378,43,10,7,53
2025-12-19,SKU00511,196,0,7,88
2025-12-19,SKU00529,32,15,7,47
2025-12-19,SKU00763,63,0,7,47
2025-12-19,SKU00773,22,13,7,35
2025-12-19,SKU00776,110,0,7,56
2025-12-19,SKU00824,35,34,7,69
2025-12-19,SKU00827,190,0,7,90
2025-12-19,SKU00828,46,0,7,38
2025-12-19,SKU00834,164,0,7,55
2025-12-19,SKU00845,89,0,7,30
2025-12-19,SKU00851,181,0,7,96
2025-12-19,SKU00929,171,0,7,60
2025-12-19,SKU00937,143,0,7,83
2025-12-19,SKU00955,45,0,7,34
2025-12-19,SKU00956,2,51,7,53
2025-12-19,SKU00970,47,0,7,34
2025-12-19,SKU01001,94,0,7,58
2025-12-19,SKU01088,12,21,7,33
2025-12-19,SKU01097,54,11,7,65
2025-12-19,SKU01136,78,0,7,38
2025-12-19,SKU01160,189,0,7,80
2025-12-19,SKU01176,157,0,7,88
2025-12-19,SKU01188,137,0,7,57
2025-12-19,SKU01194,249,0,7,86
2025-12-19,SKU01237,5,37,7,42
2025-12-19,SKU01249,43,4,7,47
2025-12-19,SKU01251,51,34,7,85
2025-12-19,SKU01314,82,0,7,39
2025-12-19,SKU01321,138,0,7,80
2025-12-19,SKU01395,42,1,7,43
2025-12-19,SKU01455,17,67,7,84
2025-12-19,SKU01494,17,10,7,27
2025-12-19,SKU01516,76,0,7,72
2025-12-19,SKU01544,10,12,7,22
2025-12-19,SKU01587,106,0,7,61
2025-12-19,SKU01613,0,23,7,23
2025-12-19,SKU01660,156,0,7,97
2025-12-19,SKU01667,110,0,7,79
2025-12-19,SKU01700,92,0,7,63
2025-12-19,SKU01777,46,1,7,47
2025-12-19,SKU01786,9,51,7,60
2025-12-19,SKU01801,58,0,7,39
2025-12-19,SKU01810,25,56,7,81
2025-12-19,SKU01816,54,0,7,22
2025-12-19,SKU01869,81,0,7,39
2025-12-19,SKU01872,73,0,7,48
2025-12-19,SKU01960,127,0,7,85
2025-12-19,SKU01979,75,0,7,48
2025-12-19,SKU01994,81,0,7,44
2025-12-19,SKU02015,37,25,7,62
2025-12-19,SKU02063,135,0,7,97
2025-12-19,SKU02065,90,6,7,96
2025-12-19,SKU02136,37,0,7,23
2025-12-19,SKU02154,143,0,7,94
2025-12-19,SKU02214,15,67,7,82
2025-12-19,SKU02216,111,0,7,95
2025-12-19,SKU02258,55,32,7,87
2025-12-19,SKU02299,60,0,7,24
2025-12-19,SKU02312,111,0,7,68
2025-12-19,SKU02355,92,0,7,69
2025-12-19,SKU02360,132,0,7,50
2025-12-19,SKU02380,63,0,7,29
2025-12-19,SKU02386,162,0,7,58
2025-12-19,SKU02406,105,0,7,72
2025-12-19,SKU02483,102,0,7,52
2025-12-19,SKU02493,132,0,7,56
2025-12-19,SKU02537,34,0,7,30
2025-12-19,SKU02658,159,0,7,80
2025-12-19,SKU02677,250,0,7,84
2025-12-19,SKU02693,17,65,7,82
2025-12-19,SKU02720,112,0,7,52
2025-12-19,SKU02744,56,22,7,78
2025-12-19,SKU02768,40,34,7,74
2025-12-19,SKU02773,60,0,7,34
2025-12-19,SKU02778,86,0,7,48
2025-12-19,SKU02779,30,32,7,62
2025-12-19,SKU02801,122,0,7,60
2025-12-19,SKU02813,274,0,7,96
2025-12-19,SKU02828,258,0,7,93
2025-12-19,SKU02855,64,0,7,31
2025-12-19,SKU02856,64,0,7,62
2025-12-19,SKU02888,27,29,7,56
2025-12-19,SKU02929,152,0,7,59
2025-12-19,SKU02971,26,42,7,68
2025-12-19,SKU02981,1,43,7,44
2025-12-19,SKU03137,28,24,7,52
2025-12-19,SKU03194,96,0,7,51
2025-12-19,SKU03223,87,0,7,85
2025-12-19,SKU03245,68,0,7,66
2025-12-19,SKU03302,111,0,7,74
2025-12-19,SKU03341,187,0,7,100
2025-12-19,SKU03360,91,0,7,38
2025-12-19,SKU03369,7,28,7,35
2025-12-19,SKU03378,19,78,7,97
2025-12-19,SKU03380,178,0,7,66
2025-12-19,SKU03384,34,42,7,76
2025-12-19,SKU03397,54,0,7,39
2025-12-19,SKU03403,42,0,7,38
2025-12-19,SKU03415,181,0,7,98
2025-12-19,SKU03450,70,0,7,27
2025-12-19,SKU03543,31,35,7,66
2025-12-19,SKU03575,34,20,7,54
2025-12-19,SKU03635,59,40,7,99
2025-12-19,SKU03650,117,0,7,66
2025-12-19,SKU03654,35,0,7,32
2025-12-19,SKU03669,20,44,7,64
2025-12-19,SKU03676,129,0,7,49
2025-12-19,SKU03762,34,7,7,41
2025-12-19,SKU03767,112,0,7,70
2025-12-19,SKU03841,27,30,7,57
2025-12-19,SKU03912,98,0,7,39
2025-12-19,SKU03939,15,43,7,58
2025-12-19,SKU03963,36,9,7,45
2025-12-19,SKU03964,121,0,7,80
2025-12-19,SKU04030,73,3,7,76
2025-12-19,SKU04068,67,0,7,24
2025-12-19,SKU04077,293,0,7,99
2025-12-19,SKU04095,184,0,7,62
2025-12-19,SKU04126,63,0,7,26
2025-12-19,SKU04129,175,0,7,76
2025-12-19,SKU04137,55,24,7,79
2025-12-19,SKU04170,57,29,7,86
2025-12-19,SKU04188,68,0,7,65
2025-12-19,SKU04218,93,0,7,71
2025-12-19,SKU04219,71,0,7,58
2025-12-19,SKU04251,176,0,7,59
2025-12-19,SKU04258,216,0,7,88
2025-12-19,SKU04306,24,54,7,78
2025-12-19,SKU04325,77,0,7,32
2025-12-19,SKU04333,60,0,7,24
2025-12-19,SKU04369,233,0,7,86
2025-12-19,SKU04418,126,0,7,61
2025-12-19,SKU04420,15,6,7,21
2025-12-19,SKU04441,80,0,7,27
2025-12-19,SKU04455,24,43,7,67
2025-12-19,SKU04543,141,0,7,73
2025-12-19,SKU04563,174,0,7,82
2025-12-19,SKU04586,125,0,7,71
2025-12-19,SKU04614,104,0,7,75
2025-12-19,SKU04618,62,0,7,50
2025-12-19,SKU04702,160,0,7,54
2025-12-19,SKU04758,123,0,7,52
2025-12-19,SKU04882,138,0,7,60
2025-12-19,SKU04883,156,0,7,81
2025-12-19,SKU04931,30,0,7,24
2025-12-19,SKU04943,89,0,7,52
2025-12-19,SKU04970,54,0,7,42
2025-12-20,SKU00018,8,50,7,58
2025-12-20,SKU00031,121,0,7,42
2025-12-20,SKU00047,62,0,7,29
2025-12-20,SKU00056,17,25,7,42
2025-12-20,SKU00066,48,0,7,22
2025-12-20,SKU00076,120,0,7,76
2025-12-20,SKU00102,107,0,7,37
2025-12-20,SKU00130,47,0,7,47
2025-12-20,SKU00203,17,4,7,21
2025-12-20,SKU00248,47,0,7,21
2025-12-20,SKU00299,46,0,7,23
2025-12-20,SKU00326,162,0,7,75
2025-12-20,SKU00393,27,19,7,46
2025-12-20,SKU00407,58,0,7,22
2025-12-20,SKU00446,25,36,7,61
2025-12-20,SKU00452,150,0,7,63
2025-12-20,SKU00492,4,25,7,29
2025-12-20,SKU00536,93,0,7,47
2025-12-20,SKU00554,2,47,7,49
2025-12-20,SKU00625,165,0,7,80
2025-12-20,SKU00674,175,0,7,79
2025-12-20,SKU00713,118,0,7,100
2025-12-20,SKU00715,32,30,7,62
2025-12-20,SKU00738,18,28,7,46
2025-12-20,SKU00756,197,0,7,80
2025-12-20,SKU00789,117,0,7,75
2025-12-20,SKU00882,166,0,7,65
2025-12-20,SKU00893,29,0,7,29
2025-12-20,SKU00902,120,0,7,98
2025-12-20,SKU00961,123,0,7,55
2025-12-20,SKU01004,209,0,7,74
2025-12-20,SKU01029,28,0,7,26
2025-12-20,SKU01081,0,53,7,53
2025-12-20,SKU01085,124,0,7,46
2025-12-20,SKU01099,63,0,7,27
2025-12-20,SKU01137,163,0,7,81
2025-12-20,SKU01155,62,0,7,46
2025-12-20,SKU01160,228,0,7,78
2025-12-20,SKU01181,65,0,7,23
2025-12-20,SKU01187,132,0,7,61
2025-12-20,SKU01225,12,82,7,94
2025-12-20,SKU01236,48,0,7,28
2025-12-20,SKU01305,50,25,7,75
2025-12-20,SKU01329,148,0,7,66
2025-12-20,SKU01333,27,0,7,27
2025-12-20,SKU01390,28,17,7,45
2025-12-20,SKU01406,107,0,7,68
2025-12-20,SKU01543,72,0,7,52
2025-12-20,SKU01551,61,1,7,62
2025-12-20,SKU01589,89,6,7,95
2025-12-20,SKU01595,189,0,7,85
2025-12-20,SKU01626,55,0,7,29
2025-12-20,SKU01681,11,50,7,61
2025-12-20,SKU01690,23,16,7,39
2025-12-20,SKU01720,145,0,7,71
2025-12-20,SKU01726,43,0,7,31
2025-12-20,SKU01756,123,0,7,53
2025-12-20,SKU01825,120,0,7,83
2025-12-20,SKU01841,93,0,7,76
2025-12-20,SKU01846,160,0,7,58
2025-12-20,SKU01856,144,0,7,73
2025-12-20,SKU01888,59,0,7,21
2025-12-20,SKU01936,101,0,7,79
2025-12-20,SKU01982,142,0,7,60
2025-12-20,SKU01984,107,0,7,48
2025-12-20,SKU02051,97,25,7,122
2025-12-20,SKU02100,150,0,7,67
2025-12-20,SKU02153,351,0,7,159
2025-12-20,SKU02179,53,0,7,44
2025-12-20,SKU02203,43,34,7,77
2025-12-20,SKU02243,1,74,7,75
2025-12-20,SKU02254,104,0,7,72
2025-12-20,SKU02289,88,0,7,32
2025-12-20,SKU02319,158,0,7,81
2025-12-20,SKU02329,71,0,7,66
2025-12-20,SKU02357,14,39,7,53
2025-12-20,SKU02380,186,0,7,70
2025-12-20,SKU02454,61,0,7,22
2025-12-20,SKU02457,7,25,7,32
2025-12-20,SKU02477,33,10,7,43
2025-12-20,SKU02529,66,15,7,81
2025-12-20,SKU02537,55,41,7,96
2025-12-20,SKU02538,73,0,7,47
2025-12-20,SKU02544,160,0,7,92
2025-12-20,SKU02598,12,80,7,92
2025-12-20,SKU02608,132,0,7,72
2025-12-20,SKU02659,171,0,7,89
2025-12-20,SKU02684,151,0,7,53
2025-12-20,SKU02719,198,0,7,90
2025-12-20,SKU02756,23,48,7,71
2025-12-20,SKU02767,90,0,7,33
2025-12-20,SKU02771,55,24,7,79
2025-12-20,SKU02808,26,11,7,37
2025-12-20,SKU02812,125,0,7,61
2025-12-20,SKU02832,167,0,7,66
2025-12-20,SKU02880,42,29,7,71
2025-12-20,SKU02976,96,0,7,61
2025-12-20,SKU03083,212,0,7,81
2025-12-20,SKU03098,3,64,7,67
2025-12-20,SKU03124,94,0,7,66
2025-12-20,SKU03137,262,0,7,91
2025-12-20,SKU03200,137,0,7,90
2025-12-20,SKU03208,233,0,7,90
2025-12-20,SKU03215,104,0,7,64
2025-12-20,SKU03271,60,0,7,38
2025-12-20,SKU03324,77,16,7,93
2025-12-20,SKU03325,62,0,7,27
2025-12-20,SKU03391,132,0,7,66
2025-12-20,SKU03423,90,0,7,50
2025-12-20,SKU03449,36,0,7,23
2025-12-20,SKU03505,256,0,7,93
2025-12-20,SKU03540,92,0,7,38
2025-12-20,SKU03643,235,0,7,97
2025-12-20,SKU03650,93,0,7,93
2025-12-20,SKU03659,14,7,7,21
2025-12-20,SKU03665,164,0,7,92
2025-12-20,SKU03686,234,0,7,93
2025-12-20,SKU03696,235,0,7,100
2025-12-20,SKU03710,22,27,7,49
2025-12-20,SKU03715,134,0,7,83
2025-12-20,SKU03736,9,19,7,28
2025-12-20,SKU03754,7,79,7,86
2025-12-20,SKU03761,150,0,7,85
2025-12-20,SKU03818,132,0,7,60
2025-12-20,SKU03843,95,0,7,75
2025-12-20,SKU03846,20,61,7,81
2025-12-20,SKU03853,120,0,7,42
2025-12-20,SKU03866,9,14,7,23
2025-12-20,SKU03886,126,0,7,82
2025-12-20,SKU03890,141,0,7,92
2025-12-20,SKU03898,20,56,7,76
2025-12-20,SKU03903,183,0,7,82
2025-12-20,SKU03996,50,49,7,99
2025-12-20,SKU04022,88,9,7,97
2025-12-20,SKU04049,214,0,7,91
2025-12-20,SKU04091,66,14,7,80
2025-12-20,SKU04192,274,0,7,94
2025-12-20,SKU04238,85,0,7,69
2025-12-20,SKU04252,46,0,7,20
2025-12-20,SKU04289,147,0,7,97
2025-12-20,SKU04308,87,0,7,35
2025-12-20,SKU04380,41,0,7,22
2025-12-20,SKU04480,56,0,7,30
2025-12-20,SKU04513,84,10,7,94
2025-12-20,SKU04516,185,0,7,87
2025-12-20,SKU04566,164,0,7,64
2025-12-20,SKU04568,95,0,7,44
2025-12-20,SKU04603,9,13,7,22
2025-12-20,SKU04680,22,30,7,52
2025-12-20,SKU04731,160,0,7,74
2025-12-20,SKU04745,54,35,7,89
2025-12-20,SKU04764,41,43,7,84
2025-12-20,SKU04794,200,0,7,100
2025-12-20,SKU04830,10,19,7,29
2025-12-20,SKU04906,170,0,7,61
2025-12-20,SKU04916,82,0,7,28
2025-12-20,SKU04985,110,0,7,79
2025-12-21,SKU00025,35,11,7,46
2025-12-21,SKU00035,128,0,7,70
2025-12-21,SKU00058,149,0,7,93
2025-12-21,SKU00086,74,4,7,78
2025-12-21,SKU00194,20,20,7,40
2025-12-21,SKU00244,129,0,7,88
2025-12-21,SKU00272,0,29,7,29
2025-12-21,SKU00344,201,0,7,73
2025-12-21,SKU00347,75,0,7,45
2025-12-21,SKU00384,186,0,7,68
2025-12-21,SKU00393,115,0,7,60
2025-12-21,SKU00397,162,0,7,67
2025-12-21,SKU00424,48,11,7,59
2025-12-21,SKU00428,62,0,7,59
2025-12-21,SKU00450,27,39,7,66
2025-12-21,SKU00451,74,0,7,30
2025-12-21,SKU00454,35,10,7,45
2025-12-21,SKU00475,48,0,7,23
2025-12-21,SKU00476,179,0,7,64
2025-12-21,SKU00555,213,0,7,91
2025-12-21,SKU00741,23,0,7,20
2025-12-21,SKU00766,61,5,7,66
2025-12-21,SKU00818,36,38,7,74
2025-12-21,SKU00863,29,30,7,59
2025-12-21,SKU00931,9,16,7,25
2025-12-21,SKU00945,134,0,7,52
2025-12-21,SKU00989,167,0,7,85
2025-12-21,SKU00993,64,0,7,29
2025-12-21,SKU01028,112,0,7,76
2025-12-21,SKU01032,11,85,7,96
2025-12-21,SKU01033,36,59,7,95
2025-12-21,SKU01053,144,0,7,75
2025-12-21,SKU01086,32,59,7,91
2025-12-21,SKU01092,136,0,7,82
2025-12-21,SKU01106,71,16,7,87
2025-12-21,SKU01168,35,9,7,44
2025-12-21,SKU01184,7,18,7,25
2025-12-21,SKU01232,20,15,7,35
2025-12-21,SKU01254,85,0,7,32
2025-12-21,SKU01331,229,0,7,85
2025-12-21,SKU01351,179,0,7,85
2025-12-21,SKU01365,89,0,7,63
2025-12-21,SKU01399,145,0,7,92
2025-12-21,SKU01468,60,4,7,64
2025-12-21,SKU01590,11,86,7,97
2025-12-21,SKU01616,67,0,7,32
2025-12-21,SKU01636,77,10,7,87
2025-12-21,SKU01648,198,0,7,81
2025-12-21,SKU01650,116,0,7,43
2025-12-21,SKU01655,135,0,7,76
2025-12-21,SKU01667,247,0,7,84
2025-12-21,SKU01686,38,3,7,41
2025-12-21,SKU01687,218,0,7,97
2025-12-21,SKU01712,148,0,7,75
2025-12-21,SKU01753,96,0,7,40
2025-12-21,SKU01802,64,0,7,48
2025-12-21,SKU01882,68,0,7,58
2025-12-21,SKU01895,127,0,7,55
2025-12-21,SKU01904,119,0,7,54
2025-12-21,SKU01938,93,0,7,64
2025-12-21,SKU01955,94,0,7,59
2025-12-21,SKU02068,53,29,7,82
2025-12-21,SKU02106,26,0,7,25
2025-12-21,SKU02113,175,0,7,98
2025-12-21,SKU02204,19,2,7,21
2025-12-21,SKU02245,67,0,7,39
2025-12-21,SKU02349,85,0,7,77
2025-12-21,SKU02369,39,0,7,31
2025-12-21,SKU02439,155,0,7,72
2025-12-21,SKU02487,9,70,7,79
2025-12-21,SKU02579,17,46,7,63
2025-12-21,SKU02645,29,60,7,89
2025-12-21,SKU02676,89,0,7,51
2025-12-21,SKU02703,59,0,7,40
2025-12-21,SKU02745,66,0,7,38
2025-12-21,SKU02804,100,0,7,36
2025-12-21,SKU02817,100,0,7,64
2025-12-21,SKU02866,45,2,7,47
2025-12-21,SKU02876,49,0,7,39
2025-12-21,SKU02893,51,26,7,77
2025-12-21,SKU02918,211,0,7,92
2025-12-21,SKU02927,97,0,7,93
2025-12-21,SKU02984,54,7,7,61
2025-12-21,SKU02991,184,0,7,62
2025-12-21,SKU03054,16,82,7,98
2025-12-21,SKU03061,58,33,7,91
2025-12-21,SKU03076,48,39,7,87
2025-12-21,SKU03136,58,41,7,99
2025-12-21,SKU03146,104,0,7,54
2025-12-21,SKU03184,231,0,7,131
2025-12-21,SKU03197,136,0,7,76
2025-12-21,SKU03200,188,0,7,70
2025-12-21,SKU03202,158,0,7,98
2025-12-21,SKU03241,103,0,7,45
2025-12-21,SKU03301,4,58,7,62
2025-12-21,SKU03308,29,48,7,77
2025-12-21,SKU03337,142,0,7,52
2025-12-21,SKU03385,27,14,7,41
2025-12-21,SKU03395,62,0,7,45
2025-12-21,SKU03405,83,0,7,30
2025-12-21,SKU03413,79,0,7,54
2025-12-21,SKU03424,103,0,7,80
2025-12-21,SKU03447,109,0,7,87
2025-12-21,SKU03452,151,0,7,92
2025-12-21,SKU03471,119,0,7,79
2025-12-21,SKU03494,160,0,7,59
2025-12-21,SKU03501,131,0,7,57
2025-12-21,SKU03588,92,0,7,69
2025-12-21,SKU03607,63,3,7,66
2025-12-21,SKU03648,206,0,7,72
2025-12-21,SKU03656,40,0,7,31
2025-12-21,SKU03736,94,0,7,61
2025-12-21,SKU03746,171,0,7,89
2025-12-21,SKU03748,56,18,7,74
2025-12-21,SKU03763,6,64,7,70
2025-12-21,SKU03769,11,37,7,48
2025-12-21,SKU03810,154,0,7,64
2025-12-21,SKU03824,227,0,7,80
2025-12-21,SKU03856,118,0,7,84
2025-12-21,SKU03877,113,0,7,39
2025-12-21,SKU03903,13,23,7,36
2025-12-21,SKU03942,70,0,7,32
2025-12-21,SKU03948,37,61,7,98
2025-12-21,SKU03951,91,0,7,45
2025-12-21,SKU03986,86,0,7,68
2025-12-21,SKU04028,204,0,7,86
2025-12-21,SKU04065,243,0,7,100
2025-12-21,SKU04125,260,0,7,90
2025-12-21,SKU04135,218,0,7,83
2025-12-21,SKU04154,202,0,7,80
2025-12-21,SKU04161,66,3,7,69
2025-12-21,SKU04172,93,0,7,36
2025-12-21,SKU04186,197,0,7,69
2025-12-21,SKU04247,88,0,7,30
2025-12-21,SKU04300,5,16,7,21
2025-12-21,SKU04354,4,47,7,51
2025-12-21,SKU04454,9,89,7,98
2025-12-21,SKU04472,45,41,7,86
2025-12-21,SKU04546,186,0,7,67
2025-12-21,SKU04557,49,0,7,49
2025-12-21,SKU04615,43,33,7,76
2025-12-21,SKU04699,110,0,7,77
2025-12-21,SKU04733,101,0,7,65
2025-12-21,SKU04743,9,12,7,21
2025-12-21,SKU04832,141,0,7,74
2025-12-21,SKU04841,123,0,7,50
2025-12-21,SKU04842,87,0,7,64
2025-12-21,SKU04872,68,0,7,64
2025-12-21,SKU04886,165,0,7,90
2025-12-21,SKU04889,52,0,7,46
2025-12-21,SKU04947,130,0,7,50
2025-12-21,SKU04973,126,0,7,52
2025-12-21,SKU04986,33,31,7,64
2025-12-22,SKU00001,215,0,7,100
2025-12-22,SKU00021,89,0,7,39
2025-12-22,SKU00060,183,0,7,64
2025-12-22,SKU00112,142,0,7,57
2025-12-22,SKU00147,14,29,7,43
2025-12-22,SKU00179,126,0,7,96
2025-12-22,SKU00181,58,0,7,25
2025-12-22,SKU00182,114,0,7,112
2025-12-22,SKU00239,89,0,7,32
2025-12-22,SKU00273,10,47,7,57
2025-12-22,SKU00298,0,64,7,64
2025-12-22,SKU00338,1,27,7,28
2025-12-22,SKU00347,30,41,7,71
2025-12-22,SKU00353,106,0,7,84
2025-12-22,SKU00376,76,0,7,28
2025-12-22,SKU00512,166,0,7,59
2025-12-22,SKU00528,246,0,7,88
2025-12-22,SKU00539,72,16,7,88
2025-12-22,SKU00565,186,0,7,63
2025-12-22,SKU00620,83,13,7,96
2025-12-22,SKU00677,6,44,7,50
2025-12-22,SKU00715,240,0,7,81
2025-12-22,SKU00717,114,0,7,93
2025-12-22,SKU00719,37,43,7,80
2025-12-22,SKU00726,98,0,7,36
2025-12-22,SKU00772,41,0,7,31
2025-12-22,SKU00803,150,0,7,55
2025-12-22,SKU00838,23,26,7,49
2025-12-22,SKU00856,8,30,7,38
2025-12-22,SKU00961,198,0,7,88
2025-12-22,SKU01019,125,0,7,84
2025-12-22,SKU01071,110,0,7,41
2025-12-22,SKU01082,131,0,7,53
2025-12-22,SKU01147,10,66,7,76
2025-12-22,SKU01218,66,10,7,76
2025-12-22,SKU01231,25,0,7,20
2025-12-22,SKU01257,212,0,7,91
2025-12-22,SKU01350,55,0,7,23
2025-12-22,SKU01361,37,17,7,54
2025-12-22,SKU01398,38,51,7,89
2025-12-22,SKU01399,62,0,7,22
2025-12-22,SKU01405,23,27,7,50
2025-12-22,SKU01557,46,23,7,69
2025-12-22,SKU01632,17,58,7,75
2025-12-22,SKU01689,256,0,7,171
2025-12-22,SKU01742,59,0,7,20
2025-12-22,SKU01845,69,0,7,44
2025-12-22,SKU01878,109,0,7,57
2025-12-22,SKU01881,18,5,7,23
2025-12-22,SKU01893,118,0,7,87
2025-12-22,SKU01962,80,0,7,38
2025-12-22,SKU01982,94,0,7,63
2025-12-22,SKU02065,51,0,7,35
2025-12-22,SKU02072,236,0,7,94
2025-12-22,SKU02093,55,0,7,23
2025-12-22,SKU02152,88,0,7,88
2025-12-22,SKU02156,34,3,7,37
2025-12-22,SKU02171,97,0,7,84
2025-12-22,SKU02220,22,49,7,71
2025-12-22,SKU02229,64,0,7,41
2025-12-22,SKU02230,84,0,7,56
2025-12-22,SKU02298,145,0,7,77
2025-12-22,SKU02334,133,0,7,74
2025-12-22,SKU02342,85,0,7,78
2025-12-22,SKU02385,18,13,7,31
2025-12-22,SKU02467,2,79,7,81
2025-12-22,SKU02469,45,14,7,59
2025-12-22,SKU02483,71,0,7,36
2025-12-22,SKU02510,14,13,7,27
2025-12-22,SKU02596,49,0,7,43
2025-12-22,SKU02633,57,0,7,25
2025-12-22,SKU02641,85,0,7,39
2025-12-22,SKU02651,36,21,7,57
2025-12-22,SKU02663,17,20,7,37
2025-12-22,SKU02664,117,0,7,73
2025-12-22,SKU02687,192,0,7,99
2025-12-22,SKU02715,68,0,7,44
2025-12-22,SKU02758,84,0,7,54
2025-12-22,SKU02795,103,0,7,49
2025-12-22,SKU02796,10,12,7,22
2025-12-22,SKU02813,160,0,7,95
2025-12-22,SKU02845,114,0,7,83
2025-12-22,SKU02863,36,0,7,25
2025-12-22,SKU02889,64,0,7,55
2025-12-22,SKU02927,161,0,7,58
2025-12-22,SKU02953,29,56,7,85
2025-12-22,SKU02955,100,0,7,77
2025-12-22,SKU03012,7,13,7,20
2025-12-22,SKU03168,80,0,7,38
2025-12-22,SKU03231,179,0,7,92
2025-12-22,SKU03241,74,0,7,71
2025-12-22,SKU03256,114,0,7,41
2025-12-22,SKU03274,164,0,7,84
2025-12-22,SKU03279,69,20,7,89
2025-12-22,SKU03306,97,0,7,63
2025-12-22,SKU03356,51,0,7,35
2025-12-22,SKU03422,116,0,7,66
2025-12-22,SKU03453,125,0,7,52
2025-12-22,SKU03527,8,15,7,23
2025-12-22,SKU03533,59,0,7,20
2025-12-22,SKU03540,57,0,7,32
2025-12-22,SKU03541,55,15,7,70
2025-12-22,SKU03593,57,0,7,25
2025-12-22,SKU03601,39,7,7,46
2025-12-22,SKU03605,71,0,7,52
2025-12-22,SKU03618,126,0,7,72
2025-12-22,SKU03652,11,73,7,84
2025-12-22,SKU03669,68,0,7,34
2025-12-22,SKU03670,110,0,7,54
2025-12-22,SKU03671,162,0,7,56
2025-12-22,SKU03699,72,103,7,175
2025-12-22,SKU03752,138,0,7,78
2025-12-22,SKU03772,109,0,7,39
2025-12-22,SKU03880,42,44,7,86
2025-12-22,SKU03895,27,3,7,30
2025-12-22,SKU03969,5,59,7,64
2025-12-22,SKU03984,144,0,7,63
2025-12-22,SKU03986,60,0,7,57
2025-12-22,SKU03997,14,11,7,25
2025-12-22,SKU04005,39,17,7,56
2025-12-22,SKU04028,53,27,7,80
2025-12-22,SKU04038,260,0,7,93
2025-12-22,SKU04087,118,0,7,51
2025-12-22,SKU04101,45,0,7,25
2025-12-22,SKU04156,0,64,7,64
2025-12-22,SKU04180,95,0,7,53
2025-12-22,SKU04206,38,26,7,64
2025-12-22,SKU04230,32,18,7,50
2025-12-22,SKU04234,126,0,7,59
2025-12-22,SKU04244,81,0,7,62
2025-12-22,SKU04277,154,0,7,76
2025-12-22,SKU04299,66,0,7,36
2025-12-22,SKU04302,69,0,7,30
2025-12-22,SKU04303,278,0,7,95
2025-12-22,SKU04355,84,0,7,64
2025-12-22,SKU04410,133,0,7,88
2025-12-22,SKU04478,5,58,7,63
2025-12-22,SKU04486,82,0,7,50
2025-12-22,SKU04495,192,0,7,73
2025-12-22,SKU04509,19,28,7,47
2025-12-22,SKU04522,165,0,7,70
2025-12-22,SKU04544,33,14,7,47
2025-12-22,SKU04579,45,11,7,56
2025-12-22,SKU04614,7,39,7,46
2025-12-22,SKU04639,61,14,7,75
2025-12-22,SKU04682,11,9,7,20
2025-12-22,SKU04711,28,0,7,27
2025-12-22,SKU04857,200,0,7,72
2025-12-22,SKU04920,185,0,7,72
2025-12-22,SKU04944,66,0,7,46
2025-12-22,SKU04971,199,0,7,74
2025-12-22,SKU04991,10,66,7,76
2025-12-23,SKU00037,230,0,7,90
2025-12-23,SKU00043,107,0,7,68
2025-12-23,SKU00102,24,69,7,93
2025-12-23,SKU00107,31,12,7,43
2025-12-23,SKU00110,132,0,7,50
2025-12-23,SKU00116,10,31,7,41
2025-12-23,SKU00122,33,60,7,93
2025-12-23,SKU00159,199,0,7,82
2025-12-23,SKU00248,285,0,7,99
2025-12-23,SKU00254,79,0,7,32
2025-12-23,SKU00280,117,0,7,52
2025-12-23,SKU00295,112,0,7,96
2025-12-23,SKU00303,48,0,7,26
2025-12-23,SKU00313,59,22,7,81
2025-12-23,SKU00333,122,0,7,51
2025-12-23,SKU00334,46,0,7,45
2025-12-23,SKU00361,37,0,7,24
2025-12-23,SKU00417,122,0,7,85
2025-12-23,SKU00427,8,51,7,59
2025-12-23,SKU00493,22,13,7,35
2025-12-23,SKU00520,64,0,7,59
2025-12-23,SKU00581,30,0,7,21
2025-12-23,SKU00596,28,43,7,71
2025-12-23,SKU00613,82,0,7,55
2025-12-23,SKU00673,49,27,7,76
2025-12-23,SKU00681,125,0,7,54
2025-12-23,SKU00883,144,0,7,74
2025-12-23,SKU00893,24,8,7,32
2025-12-23,SKU00914,50,0,7,21
2025-12-23,SKU01007,96,0,7,58
2025-12-23,SKU01018,130,0,7,71
2025-12-23,SKU01065,65,0,7,22
2025-12-23,SKU01149,32,0,7,26
2025-12-23,SKU01201,28,46,7,74
2025-12-23,SKU01294,25,0,7,24
2025-12-23,SKU01341,215,0,7,80
2025-12-23,SKU01415,98,0,7,72
2025-12-23,SKU01477,68,0,7,40
2025-12-23,SKU01519,1,38,7,39
2025-12-23,SKU01523,51,0,7,27
2025-12-23,SKU01554,98,0,7,82
2025-12-23,SKU01587,160,0,7,72
2025-12-23,SKU01612,52,0,7,36
2025-12-23,SKU01715,205,0,7,96
2025-12-23,SKU01732,42,0,7,24
2025-12-23,SKU01744,2,31,7,33
2025-12-23,SKU01748,195,0,7,86
2025-12-23,SKU01847,92,0,7,45
2025-12-23,SKU01883,112,0,7,52
2025-12-23,SKU01886,44,0,7,29
2025-12-23,SKU01891,183,0,7,85
2025-12-23,SKU01893,61,0,7,33
2025-12-23,SKU01945,27,63,7,90
2025-12-23,SKU01963,119,0,7,99
2025-12-23,SKU01968,56,0,7,34
2025-12-23,SKU02013,89,6,7,95
2025-12-23,SKU02134,116,0,7,60
2025-12-23,SKU02184,121,0,7,79
2025-12-23,SKU02265,37,15,7,52
2025-12-23,SKU02357,54,0,7,23
2025-12-23,SKU02432,77,0,7,27
2025-12-23,SKU02442,20,53,7,73
2025-12-23,SKU02476,170,0,7,70
2025-12-23,SKU02518,11,15,7,26
2025-12-23,SKU02564,179,0,7,62
2025-12-23,SKU02595,84,0,7,61
2025-12-23,SKU02597,94,0,7,42
2025-12-23,SKU02613,132,0,7,67
2025-12-23,SKU02652,147,0,7,62
2025-12-23,SKU02674,134,0,7,46
2025-12-23,SKU02735,22,60,7,82
2025-12-23,SKU02746,51,0,7,43
2025-12-23,SKU02771,74,0,7,37
2025-12-23,SKU02786,14,7,7,21
2025-12-23,SKU02789,206,0,7,75
2025-12-23,SKU02793,70,0,7,61
2025-12-23,SKU02805,18,3,7,21
2025-12-23,SKU02807,85,0,7,63
2025-12-23,SKU02812,178,0,7,69
2025-12-23,SKU02848,145,0,7,59
2025-12-23,SKU02859,67,0,7,47
2025-12-23,SKU02926,44,0,7,21
2025-12-23,SKU02956,77,0,7,35
2025-12-23,SKU03002,120,0,7,65
2025-12-23,SKU03107,157,0,7,75
2025-12-23,SKU03185,242,0,7,90
2025-12-23,SKU03209,110,0,7,37
2025-12-23,SKU03231,40,9,7,49
2025-12-23,SKU03261,10,53,7,63
2025-12-23,SKU03287,179,0,7,91
2025-12-23,SKU03309,87,0,7,30
2025-12-23,SKU03314,219,0,7,93
2025-12-23,SKU03334,70,0,7,30
2025-12-23,SKU03342,80,0,7,35
2025-12-23,SKU03452,67,0,7,37
2025-12-23,SKU03463,25,0,7,20
2025-12-23,SKU03525,147,0,7,54
2025-12-23,SKU03568,183,0,7,94
2025-12-23,SKU03569,47,0,7,23
2025-12-23,SKU03575,98,0,7,46
2025-12-23,SKU03607,99,29,7,128
2025-12-23,SKU03617,118,0,7,41
2025-12-23,SKU03655,94,0,7,78
2025-12-23,SKU03662,268,0,7,99
2025-12-23,SKU03750,5,84,7,89
2025-12-23,SKU03787,10,63,7,73
2025-12-23,SKU03850,75,0,7,32
2025-12-23,SKU03885,62,27,7,89
2025-12-23,SKU03903,86,0,7,65
2025-12-23,SKU03958,288,0,7,98
2025-12-23,SKU04015,124,0,7,43
2025-12-23,SKU04060,105,0,7,57
2025-12-23,SKU04097,36,0,7,21
2025-12-23,SKU04256,14,22,7,36
2025-12-23,SKU04286,180,0,7,72
2025-12-23,SKU04328,9,90,7,99
2025-12-23,SKU04357,249,0,7,85
2025-12-23,SKU04417,75,0,7,73
2025-12-23,SKU04418,138,0,7,66
2025-12-23,SKU04495,110,0,7,99
2025-12-23,SKU04533,106,0,7,89
2025-12-23,SKU04613,33,0,7,20
2025-12-23,SKU04642,282,0,7,96
2025-12-23,SKU04646,6,15,7,21
2025-12-23,SKU04787,246,0,7,91
2025-12-23,SKU04838,240,0,7,90
2025-12-23,SKU04903,111,0,7,95
2025-12-23,SKU04938,123,0,7,82
2025-12-23,SKU04957,9,11,7,20
2025-12-23,SKU04960,106,0,7,61
2025-12-23,SKU04979,76,0,7,50
2025-12-23,SKU04990,47,29,7,76
2025-12-24,SKU00033,136,0,7,64
2025-12-24,SKU00034,91,0,7,88
2025-12-24,SKU00110,2,31,7,33
2025-12-24,SKU00153,82,0,7,46
2025-12-24,SKU00161,52,0,7,27
2025-12-24,SKU00181,109,0,7,70
2025-12-24,SKU00195,26,0,7,24
2025-12-24,SKU00215,250,0,7,93
2025-12-24,SKU00255,77,0,7,54
2025-12-24,SKU00267,109,0,7,85
2025-12-24,SKU00269,158,0,7,72
2025-12-24,SKU00308,98,0,7,35
2025-12-24,SKU00319,29,0,7,21
2025-12-24,SKU00488,47,0,7,22
2025-12-24,SKU00511,147,0,7,91
2025-12-24,SKU00542,114,0,7,77
2025-12-24,SKU00606,197,0,7,88
2025-12-24,SKU00671,108,0,7,93
2025-12-24,SKU00737,4,23,7,27
2025-12-24,SKU00792,50,7,7,57
2025-12-24,SKU00800,231,0,7,88
2025-12-24,SKU00824,35,56,7,91
2025-12-24,SKU00850,41,0,7,20
2025-12-24,SKU00897,132,0,7,72
2025-12-24,SKU00926,23,56,7,79
2025-12-24,SKU00939,70,12,7,82
2025-12-24,SKU00984,0,62,7,62
2025-12-24,SKU01073,245,0,7,85
2025-12-24,SKU01120,132,0,7,46
2025-12-24,SKU01162,54,0,7,25
2025-12-24,SKU01342,173,0,7,94
2025-12-24,SKU01358,142,0,7,53
2025-12-24,SKU01393,154,0,7,77
2025-12-24,SKU01399,17,3,7,20
2025-12-24,SKU01446,56,0,7,25
2025-12-24,SKU01472,326,0,7,129
2025-12-24,SKU01564,21,71,7,92
2025-12-24,SKU01586,102,0,7,42
2025-12-24,SKU01606,73,0,7,40
2025-12-24,SKU01677,29,0,7,26
2025-12-24,SKU01697,96,0,7,33
2025-12-24,SKU01706,156,0,7,73
2025-12-24,SKU01708,172,0,7,70
2025-12-24,SKU01756,55,6,7,61
2025-12-24,SKU01776,265,0,7,93
2025-12-24,SKU01796,73,0,7,47
2025-12-24,SKU01817,120,0,7,69
2025-12-24,SKU01824,164,0,7,59
2025-12-24,SKU01855,26,26,7,52
2025-12-24,SKU01888,53,0,7,44
2025-12-24,SKU01925,4,53,7,57
2025-12-24,SKU01945,70,0,7,54
2025-12-24,SKU01950,104,0,7,82
2025-12-24,SKU01983,192,0,7,78
2025-12-24,SKU02007,74,1,7,75
2025-12-24,SKU02010,13,39,7,52
2025-12-24,SKU02015,36,0,7,27
2025-12-24,SKU02088,43,0,7,21
2025-12-24,SKU02099,94,0,7,40
2025-12-24,SKU02105,2,80,7,82
2025-12-24,SKU02110,97,0,7,33
2025-12-24,SKU02154,127,0,7,61
2025-12-24,SKU02263,56,0,7,20
2025-12-24,SKU02279,213,0,7,97
2025-12-24,SKU02312,249,0,7,94
2025-12-24,SKU02357,106,0,7,77
2025-12-24,SKU02370,25,50,7,75
2025-12-24,SKU02378,55,36,7,91
2025-12-24,SKU02493,261,0,7,88
2025-12-24,SKU02619,134,0,7,91
2025-12-24,SKU02631,25,20,7,45
2025-12-24,SKU02699,17,59,7,76
2025-12-24,SKU02741,165,0,7,71
2025-12-24,SKU02767,49,0,7,23
2025-12-24,SKU02793,90,0,7,57
2025-12-24,SKU02801,21,18,7,39
2025-12-24,SKU02817,93,0,7,37
2025-12-24,SKU02823,8,19,7,27
2025-12-24,SKU02867,112,0,7,67
2025-12-24,SKU02940,94,0,7,51
2025-12-24,SKU02941,55,0,7,22
2025-12-24,SKU02970,256,0,7,97
2025-12-24,SKU03016,5,40,7,45
2025-12-24,SKU03025,172,0,7,80
2025-12-24,SKU03065,142,0,7,94
2025-12-24,SKU03096,12,61,7,73
2025-12-24,SKU03112,219,0,7,78
2025-12-24,SKU03168,173,0,7,61
2025-12-24,SKU03211,91,0,7,43
2025-12-24,SKU03224,14,11,7,25
2025-12-24,SKU03242,215,0,7,85
2025-12-24,SKU03248,10,46,7,56
2025-12-24,SKU03368,122,0,7,42
2025-12-24,SKU03371,27,11,7,38
2025-12-24,SKU03439,43,3,7,46
2025-12-24,SKU03469,86,0,7,85
2025-12-24,SKU03475,138,0,7,57
2025-12-24,SKU03500,189,0,7,91
2025-12-24,SKU03516,240,0,7,94
2025-12-24,SKU03538,164,0,7,70
2025-12-24,SKU03552,154,0,7,78
2025-12-24,SKU03563,13,55,7,68
2025-12-24,SKU03676,163,0,7,88
2025-12-24,SKU03678,47,36,7,83
2025-12-24,SKU03686,48,49,7,97
2025-12-24,SKU03917,120,0,7,50
2025-12-24,SKU03955,34,3,7,37
2025-12-24,SKU03964,56,0,7,52
2025-12-24,SKU03989,89,0,7,66
2025-12-24,SKU04003,154,0,7,56
2025-12-24,SKU04032,73,0,7,72
2025-12-24,SKU04078,64,22,7,86
2025-12-24,SKU04086,250,0,7,98
2025-12-24,SKU04139,56,0,7,30
2025-12-24,SKU04151,29,32,7,61
2025-12-24,SKU04177,100,0,7,60
2025-12-24,SKU04223,64,0,7,64
2025-12-24,SKU04235,70,4,7,74
2025-12-24,SKU04274,176,0,7,85
2025-12-24,SKU04284,117,0,7,58
2025-12-24,SKU04309,0,88,7,88
2025-12-24,SKU04314,61,13,7,74
2025-12-24,SKU04354,128,0,7,43
2025-12-24,SKU04364,276,0,7,94
2025-12-24,SKU04398,12,38,7,50
2025-12-24,SKU04425,178,0,7,82
2025-12-24,SKU04462,64,0,7,47
2025-12-24,SKU04470,251,0,7,84
2025-12-24,SKU04509,80,0,7,64
2025-12-24,SKU04510,107,0,7,38
2025-12-24,SKU04518,41,0,7,31
2025-12-24,SKU04552,154,0,7,58
2025-12-24,SKU04565,34,16,7,50
2025-12-24,SKU04616,115,17,7,132
2025-12-24,SKU04641,123,0,7,43
2025-12-24,SKU04692,33,1,7,34
2025-12-24,SKU04700,24,27,7,51
2025-12-24,SKU04703,27,72,7,99
2025-12-24,SKU04724,51,0,7,23
2025-12-24,SKU04750,60,21,7,81
2025-12-24,SKU04797,88,0,7,34
2025-12-24,SKU04859,9,13,7,22
2025-12-24,SKU04923,116,0,7,41
2025-12-24,SKU04944,21,0,7,20
2025-12-24,SKU04963,91,0,7,32
2025-12-25,SKU00100,67,0,7,25
2025-12-25,SKU00106,147,0,7,96
2025-12-25,SKU00126,100,0,7,74
2025-12-25,SKU00160,76,0,7,46
2025-12-25,SKU00219,67,0,7,24
2025-12-25,SKU00268,101,0,7,68
2025-12-25,SKU00273,87,0,7,79
2025-12-25,SKU00274,58,0,7,21
2025-12-25,SKU00346,25,35,7,60
2025-12-25,SKU00366,24,26,7,50
2025-12-25,SKU00382,1,21,7,22
2025-12-25,SKU00453,82,0,7,32
2025-12-25,SKU00474,53,0,7,41
2025-12-25,SKU00491,110,0,7,76
2025-12-25,SKU00570,233,0,7,78
2025-12-25,SKU00581,111,0,7,88
2025-12-25,SKU00604,147,0,7,72
2025-12-25,SKU00633,139,0,7,71
2025-12-25,SKU00667,76,10,7,86
2025-12-25,SKU00676,69,0,7,25
2025-12-25,SKU00687,12,43,7,55
2025-12-25,SKU00705,86,0,7,68
2025-12-25,SKU00742,56,0,7,29
2025-12-25,SKU00798,32,0,7,25
2025-12-25,SKU00810,126,0,7,81
2025-12-25,SKU00811,189,0,7,73
2025-12-25,SKU00846,188,0,7,70
2025-12-25,SKU00897,48,24,7,72
2025-12-25,SKU00956,11,55,7,66
2025-12-25,SKU00975,140,0,7,99
2025-12-25,SKU01043,72,0,7,72
2025-12-25,SKU01055,21,31,7,52
2025-12-25,SKU01056,89,0,7,54
2025-12-25,SKU01072,142,0,7,60
2025-12-25,SKU01081,133,0,7,86
2025-12-25,SKU01092,72,0,7,70
2025-12-25,SKU01124,79,13,7,92
2025-12-25,SKU01125,22,66,7,88
2025-12-25,SKU01131,124,0,7,86
2025-12-25,SKU01148,64,0,7,29
2025-12-25,SKU01155,36,25,7,61
2025-12-25,SKU01256,7,68,7,75
2025-12-25,SKU01262,67,0,7,66
2025-12-25,SKU01305,30,0,7,21
2025-12-25,SKU01316,40,0,7,27
2025-12-25,SKU01372,31,52,7,83
2025-12-25,SKU01382,164,0,7,62
2025-12-25,SKU01434,53,17,7,70
2025-12-25,SKU01473,83,0,7,35
2025-12-25,SKU01484,6,94,7,100
2025-12-25,SKU01525,40,0,7,27
2025-12-25,SKU01591,44,0,7,27
2025-12-25,SKU01683,249,0,7,85
2025-12-25,SKU01752,29,57,7,86
2025-12-25,SKU01772,148,0,7,73
2025-12-25,SKU01846,3,26,7,29
2025-12-25,SKU01861,98,0,7,60
2025-12-25,SKU01869,5,28,7,33
2025-12-25,SKU01925,18,11,7,29
2025-12-25,SKU01942,8,17,7,25
2025-12-25,SKU01943,40,0,7,40
2025-12-25,SKU01950,172,0,7,59
2025-12-25,SKU02012,138,0,7,93
2025-12-25,SKU02019,17,5,7,22
2025-12-25,SKU02042,121,0,7,52
2025-12-25,SKU02138,43,6,7,49
2025-12-25,SKU02145,59,2,7,61
2025-12-25,SKU02182,80,0,7,56
2025-12-25,SKU02220,104,0,7,55
2025-12-25,SKU02307,84,2,7,86
2025-12-25,SKU02311,162,0,7,86
2025-12-25,SKU02328,18,31,7,49
2025-12-25,SKU02402,62,0,7,23
2025-12-25,SKU02442,143,0,7,92
2025-12-25,SKU02450,232,0,7,86
2025-12-25,SKU02672,134,0,7,51
2025-12-25,SKU02697,86,0,7,35
2025-12-25,SKU02716,110,0,7,43
2025-12-25,SKU02723,19,4,7,23
2025-12-25,SKU02734,103,0,7,98
2025-12-25,SKU02761,73,0,7,58
2025-12-25,SKU02798,165,0,7,89
2025-12-25,SKU02799,15,41,7,56
2025-12-25,SKU02806,201,0,7,96
2025-12-25,SKU02861,195,0,7,83
2025-12-25,SKU02905,56,0,7,52
2025-12-25,SKU03033,165,0,7,87
2025-12-25,SKU03061,40,5,7,45
2025-12-25,SKU03097,104,0,7,94
2025-12-25,SKU03106,76,0,7,73
2025-12-25,SKU03134,7,44,7,51
2025-12-25,SKU03147,100,0,7,59
2025-12-25,SKU03228,65,0,7,52
2025-12-25,SKU03271,111,0,7,99
2025-12-25,SKU03273,41,0,7,22
2025-12-25,SKU03276,84,0,7,46
2025-12-25,SKU03294,253,0,7,100
2025-12-25,SKU03456,141,0,7,85
2025-12-25,SKU03465,87,0,7,56
2025-12-25,SKU03494,36,10,7,46
2025-12-25,SKU03606,135,0,7,100
2025-12-25,SKU03615,58,0,7,45
2025-12-25,SKU03649,241,0,7,85
2025-12-25,SKU03667,4,25,7,29
2025-12-25,SKU03686,15,20,7,35
2025-12-25,SKU03736,43,37,7,80
2025-12-25,SKU03762,32,31,7,63
2025-12-25,SKU03829,119,0,7,47
2025-12-25,SKU03848,83,0,7,57
2025-12-25,SKU03934,16,73,7,89
2025-12-25,SKU03955,88,0,7,33
2025-12-25,SKU03994,123,0,7,83
2025-12-25,SKU04011,52,26,7,78
2025-12-25,SKU04044,66,0,7,49
2025-12-25,SKU04085,16,67,7,83
2025-12-25,SKU04109,59,4,7,63
2025-12-25,SKU04140,108,0,7,55
2025-12-25,SKU04245,58,0,7,36
2025-12-25,SKU04251,61,4,7,65
2025-12-25,SKU04315,87,9,7,96
2025-12-25,SKU04333,38,33,7,71
2025-12-25,SKU04345,3,22,7,25
2025-12-25,SKU04447,233,0,7,85
2025-12-25,SKU04458,24,2,7,26
2025-12-25,SKU04570,16,50,7,66
2025-12-25,SKU04617,66,0,7,48
2025-12-25,SKU04635,71,0,7,29
2025-12-25,SKU04684,64,0,7,33
2025-12-25,SKU04702,91,0,7,48
2025-12-25,SKU04772,6,50,7,56
2025-12-25,SKU04781,52,0,7,27
2025-12-25,SKU04788,234,0,7,99
2025-12-25,SKU04807,176,0,7,64
2025-12-25,SKU04822,11,72,7,83
2025-12-25,SKU04923,62,0,7,21
2025-12-25,SKU04934,58,0,7,27
2025-12-25,SKU04943,140,0,7,66
2025-12-25,SKU04965,81,0,7,36
2025-12-25,SKU04983,45,23,7,68
2025-12-25,SKU04985,90,0,7,67
2025-12-25,SKU05000,274,0,7,93
2025-12-26,SKU00005,150,0,7,58
2025-12-26,SKU00059,215,0,7,73
2025-12-26,SKU00070,92,0,7,34
2025-12-26,SKU00094,39,2,7,41
2025-12-26,SKU00112,63,0,7,46
2025-12-26,SKU00114,17,25,7,42
2025-12-26,SKU00125,59,0,7,39
2025-12-26,SKU00127,1,94,7,95
2025-12-26,SKU00182,7,22,7,29
2025-12-26,SKU00223,75,0,7,30
2025-12-26,SKU00231,33,1,7,34
2025-12-26,SKU00351,13,30,7,43
2025-12-26,SKU00380,123,0,7,85
2025-12-26,SKU00513,127,0,7,76
2025-12-26,SKU00531,67,23,7,90
2025-12-26,SKU00547,40,6,7,46
2025-12-26,SKU00567,22,40,7,62
2025-12-26,SKU00671,249,0,7,99
2025-12-26,SKU00674,158,0,7,81
2025-12-26,SKU00719,142,0,7,79
2025-12-26,SKU00773,53,0,7,21
2025-12-26,SKU00849,37,57,7,94
2025-12-26,SKU00861,24,29,7,53
2025-12-26,SKU00872,158,0,7,75
2025-12-26,SKU00923,9,40,7,49
2025-12-26,SKU00927,304,0,7,164
2025-12-26,SKU00928,60,0,7,34
2025-12-26,SKU01022,83,0,7,70
2025-12-26,SKU01070,24,49,7,73
2025-12-26,SKU01076,69,0,7,26
2025-12-26,SKU01096,118,0,7,95
2025-12-26,SKU01101,26,2,7,28
2025-12-26,SKU01119,12,29,7,41
2025-12-26,SKU01140,121,0,7,47
2025-12-26,SKU01144,247,0,7,93
2025-12-26,SKU01151,30,0,7,20
2025-12-26,SKU01181,119,0,7,47
2025-12-26,SKU01216,213,0,7,88
2025-12-26,SKU01222,175,0,7,68
2025-12-26,SKU01228,10,27,7,37
2025-12-26,SKU01258,8,50,7,58
2025-12-26,SKU01281,49,6,7,55
2025-12-26,SKU01361,50,0,7,31
2025-12-26,SKU01391,14,52,7,66
2025-12-26,SKU01395,18,45,7,63
2025-12-26,SKU01402,158,0,7,92
2025-12-26,SKU01437,13,29,7,42
2025-12-26,SKU01454,79,0,7,43
2025-12-26,SKU01494,61,18,7,79
2025-12-26,SKU01498,193,0,7,75
2025-12-26,SKU01512,30,6,7,36
2025-12-26,SKU01619,179,0,7,83
2025-12-26,SKU01625,156,0,7,60
2025-12-26,SKU01671,24,67,7,91
2025-12-26,SKU01699,162,12,7,174
2025-12-26,SKU01797,154,0,7,67
2025-12-26,SKU01833,41,0,7,20
2025-12-26,SKU01905,18,28,7,46
2025-12-26,SKU02107,55,0,7,50
2025-12-26,SKU02145,38,16,7,54
2025-12-26,SKU02167,99,0,7,34
2025-12-26,SKU02196,37,13,7,50
2025-12-26,SKU02276,20,7,7,27
2025-12-26,SKU02278,96,0,7,63
2025-12-26,SKU02299,21,2,7,23
2025-12-26,SKU02307,156,0,7,96
2025-12-26,SKU02373,52,0,7,32
2025-12-26,SKU02385,54,0,7,41
2025-12-26,SKU02428,166,0,7,123
2025-12-26,SKU02467,189,0,7,73
2025-12-26,SKU02473,51,24,7,75
2025-12-26,SKU02478,49,0,7,32
2025-12-26,SKU02488,10,78,7,88
2025-12-26,SKU02575,4,25,7,29
2025-12-26,SKU02615,202,0,7,75
2025-12-26,SKU02623,103,0,7,95
2025-12-26,SKU02641,150,0,7,56
2025-12-26,SKU02679,128,0,7,96
2025-12-26,SKU02680,44,9,7,53
2025-12-26,SKU02696,132,0,7,48
2025-12-26,SKU02755,36,0,7,23
2025-12-26,SKU02798,3,35,7,38
2025-12-26,SKU02824,159,0,7,64
2025-12-26,SKU02924,8,47,7,55
2025-12-26,SKU03017,83,10,7,93
2025-12-26,SKU03081,43,50,7,93
2025-12-26,SKU03106,37,0,7,29
2025-12-26,SKU03120,7,30,7,37
2025-12-26,SKU03121,259,0,7,88
2025-12-26,SKU03172,247,0,7,90
2025-12-26,SKU03214,12,45,7,57
2025-12-26,SKU03262,4,95,7,99
2025-12-26,SKU03318,58,0,7,54
2025-12-26,SKU03332,20,34,7,54
2025-12-26,SKU03339,106,0,7,38
2025-12-26,SKU03359,104,0,7,52
2025-12-26,SKU03389,63,0,7,50
2025-12-26,SKU03402,60,24,7,84
2025-12-26,SKU03438,20,30,7,50
2025-12-26,SKU03519,277,0,7,94
2025-12-26,SKU03542,109,0,7,68
2025-12-26,SKU03570,66,0,7,59
2025-12-26,SKU03677,28,4,7,32
2025-12-26,SKU03734,117,0,7,57
2025-12-26,SKU03735,106,0,7,51
2025-12-26,SKU03755,198,0,7,83
2025-12-26,SKU03782,89,0,7,32
2025-12-26,SKU03821,23,0,7,23
2025-12-26,SKU03841,24,18,7,42
2025-12-26,SKU03873,229,0,7,80
2025-12-26,SKU03876,69,0,7,31
2025-12-26,SKU03893,131,0,7,72
2025-12-26,SKU03900,207,0,7,85
2025-12-26,SKU03913,23,34,7,57
2025-12-26,SKU03951,55,0,7,49
2025-12-26,SKU03958,163,0,7,93
2025-12-26,SKU03965,227,0,7,100
2025-12-26,SKU04005,13,70,7,83
2025-12-26,SKU04020,11,21,7,32
2025-12-26,SKU04022,145,0,7,86
2025-12-26,SKU04049,212,0,7,96
2025-12-26,SKU04057,68,18,7,86
2025-12-26,SKU04090,103,0,7,67
2025-12-26,SKU04177,134,0,7,64
2025-12-26,SKU04187,58,0,7,36
2025-12-26,SKU04192,139,0,7,96
2025-12-26,SKU04203,115,0,7,89
2025-12-26,SKU04216,34,18,7,52
2025-12-26,SKU04267,2,37,7,39
2025-12-26,SKU04294,45,39,7,84
2025-12-26,SKU04296,70,0,7,26
2025-12-26,SKU04403,161,0,7,63
2025-12-26,SKU04405,30,26,7,56
2025-12-26,SKU04448,41,0,7,39
2025-12-26,SKU04519,87,0,7,77
2025-12-26,SKU04541,133,0,7,80
2025-12-26,SKU04558,97,0,7,45
2025-12-26,SKU04620,17,7,7,24
2025-12-26,SKU04716,60,0,7,53
2025-12-26,SKU04731,148,0,7,87
2025-12-26,SKU04763,105,0,7,56
2025-12-26,SKU04817,39,0,7,26
2025-12-26,SKU04838,77,0,7,57
2025-12-26,SKU04882,19,49,7,68
2025-12-26,SKU04966,112,0,7,55
2025-12-26,SKU04988,56,0,7,20
2025-12-27,SKU00061,39,0,7,32
2025-12-27,SKU00103,62,0,7,46
2025-12-27,SKU00118,82,0,7,48
2025-12-27,SKU00144,34,0,7,24
2025-12-27,SKU00151,261,0,7,89
2025-12-27,SKU00179,36,0,7,30
2025-12-27,SKU00201,65,0,7,42
2025-12-27,SKU00216,49,16,7,65
2025-12-27,SKU00308,122,0,7,45
2025-12-27,SKU00351,44,26,7,70
2025-12-27,SKU00368,94,0,7,78
2025-12-27,SKU00390,73,0,7,36
2025-12-27,SKU00400,210,0,7,76
2025-12-27,SKU00405,50,0,7,49
2025-12-27,SKU00440,40,52,7,92
2025-12-27,SKU00488,198,0,7,95
2025-12-27,SKU00605,93,0,7,79
2025-12-27,SKU00615,84,0,7,56
2025-12-27,SKU00632,57,0,7,40
2025-12-27,SKU00646,277,0,7,94
2025-12-27,SKU00677,8,67,7,75
2025-12-27,SKU00711,1,61,7,62
2025-12-27,SKU00726,1,38,7,39
2025-12-27,SKU00735,49,0,7,41
2025-12-27,SKU00752,53,23,7,76
2025-12-27,SKU00795,54,0,7,39
2025-12-27,SKU00819,113,0,7,47
2025-12-27,SKU00896,77,0,7,40
2025-12-27,SKU00946,113,0,7,66
2025-12-27,SKU00983,65,0,7,27
2025-12-27,SKU00990,66,0,7,26
2025-12-27,SKU01069,30,0,7,30
2025-12-27,SKU01121,22,21,7,43
2025-12-27,SKU01128,96,0,7,55
2025-12-27,SKU01144,82,0,7,81
2025-12-27,SKU01211,168,0,7,88
2025-12-27,SKU01247,101,0,7,48
2025-12-27,SKU01278,77,0,7,32
2025-12-27,SKU01315,167,0,7,83
2025-12-27,SKU01383,36,41,7,77
2025-12-27,SKU01422,36,0,7,34
2025-12-27,SKU01434,207,0,7,80
2025-12-27,SKU01436,77,0,7,56
2025-12-27,SKU01543,180,0,7,61
2025-12-27,SKU01546,25,13,7,38
2025-12-27,SKU01550,40,1,7,41
2025-12-27,SKU01553,82,3,7,85
2025-12-27,SKU01571,14,18,7,32
2025-12-27,SKU01701,114,0,7,89
2025-12-27,SKU01746,132,0,7,98
2025-12-27,SKU01777,93,0,7,32
2025-12-27,SKU01872,84,0,7,43
2025-12-27,SKU01885,82,0,7,46
2025-12-27,SKU01889,12,17,7,29
2025-12-27,SKU01893,80,0,7,45
2025-12-27,SKU01900,76,0,7,34
2025-12-27,SKU01951,55,31,7,86
2025-12-27,SKU01977,57,38,7,95
2025-12-27,SKU02007,204,0,7,72
2025-12-27,SKU02024,147,0,7,99
2025-12-27,SKU02029,102,0,7,46
2025-12-27,SKU02042,23,3,7,26
2025-12-27,SKU02048,42,0,7,26
2025-12-27,SKU02271,4,21,7,25
2025-12-27,SKU02319,89,0,7,60
2025-12-27,SKU02362,14,71,7,85
2025-12-27,SKU02389,19,56,7,75
2025-12-27,SKU02420,78,0,7,29
2025-12-27,SKU02427,18,28,7,46
2025-12-27,SKU02455,5,21,7,26
2025-12-27,SKU02475,19,30,7,49
2025-12-27,SKU02537,53,0,7,50
2025-12-27,SKU02572,232,0,7,87
2025-12-27,SKU02582,10,41,7,51
2025-12-27,SKU02587,158,0,7,92
2025-12-27,SKU02619,13,11,7,24
2025-12-27,SKU02647,170,0,7,93
2025-12-27,SKU02674,47,0,7,42
2025-12-27,SKU02680,112,0,7,76
2025-12-27,SKU02711,86,0,7,42
2025-12-27,SKU02742,112,0,7,91
2025-12-27,SKU02809,17,45,7,62
2025-12-27,SKU02840,71,0,7,54
2025-12-27,SKU02887,67,30,7,97
2025-12-27,SKU03093,49,0,7,27
2025-12-27,SKU03117,4,59,7,63
2025-12-27,SKU03168,214,0,7,73
2025-12-27,SKU03186,30,8,7,38
2025-12-27,SKU03229,68,0,7,62
2025-12-27,SKU03236,10,30,7,40
2025-12-27,SKU03305,89,0,7,36
2025-12-27,SKU03313,158,0,7,89
2025-12-27,SKU03419,105,0,7,88
2025-12-27,SKU03424,189,0,7,82
2025-12-27,SKU03472,72,0,7,71
2025-12-27,SKU03488,272,0,7,98
2025-12-27,SKU03519,131,0,7,58
2025-12-27,SKU03531,96,0,7,68
2025-12-27,SKU03533,25,6,7,31
2025-12-27,SKU03549,15,48,7,63
2025-12-27,SKU03551,71,0,7,34
2025-12-27,SKU03606,71,0,7,26
2025-12-27,SKU03628,107,0,7,64
2025-12-27,SKU03647,89,0,7,80
2025-12-27,SKU03714,133,0,7,52
2025-12-27,SKU03768,35,0,7,26
2025-12-27,SKU03775,110,0,7,69
2025-12-27,SKU03788,40,18,7,58
2025-12-27,SKU03831,223,0,7,89
2025-12-27,SKU03855,109,0,7,97
2025-12-27,SKU03857,28,6,7,34
2025-12-27,SKU03881,228,0,7,78
2025-12-27,SKU03894,58,0,7,35
2025-12-27,SKU03913,4,22,7,26
2025-12-27,SKU03916,52,0,7,35
2025-12-27,SKU03936,131,0,7,47
2025-12-27,SKU04020,62,0,7,42
2025-12-27,SKU04060,88,0,7,35
2025-12-27,SKU04098,24,0,7,21
2025-12-27,SKU04117,29,55,7,84
2025-12-27,SKU04188,75,0,7,74
2025-12-27,SKU04226,96,0,7,57
2025-12-27,SKU04287,9,36,7,45
2025-12-27,SKU04290,85,0,7,58
2025-12-27,SKU04387,211,0,7,72
2025-12-27,SKU04396,159,0,7,78
2025-12-27,SKU04463,16,23,7,39
2025-12-27,SKU04478,2,50,7,52
2025-12-27,SKU04486,292,0,7,98
2025-12-27,SKU04490,38,6,7,44
2025-12-27,SKU04501,51,0,7,33
2025-12-27,SKU04512,125,0,7,50
2025-12-27,SKU04521,133,0,7,73
2025-12-27,SKU04530,245,0,7,90
2025-12-27,SKU04555,35,23,7,58
2025-12-27,SKU04640,60,0,7,29
2025-12-27,SKU04650,201,0,7,82
2025-12-27,SKU04674,273,0,7,100
2025-12-27,SKU04678,161,0,7,79
2025-12-27,SKU04861,67,0,7,30
2025-12-27,SKU04881,44,0,7,36
2025-12-27,SKU04914,86,8,7,94
2025-12-27,SKU04929,97,0,7,50
2025-12-27,SKU04935,12,9,7,21
2025-12-28,SKU00035,64,0,7,29
2025-12-28,SKU00138,243,0,7,93
2025-12-28,SKU00181,264,0,7,99
2025-12-28,SKU00182,45,0,7,29
2025-12-28,SKU00199,62,0,7,39
2025-12-28,SKU00210,52,13,7,65
2025-12-28,SKU00279,76,0,7,59
2025-12-28,SKU00338,114,0,7,83
2025-12-28,SKU00360,116,0,7,44
2025-12-28,SKU00420,5,25,7,30
2025-12-28,SKU00490,75,0,7,69
2025-12-28,SKU00492,160,0,7,80
2025-12-28,SKU00534,9,82,7,91
2025-12-28,SKU00540,129,0,7,69
2025-12-28,SKU00545,73,0,7,25
2025-12-28,SKU00635,27,46,7,73
2025-12-28,SKU00693,112,0,7,84
2025-12-28,SKU00778,246,0,7,93
2025-12-28,SKU00851,50,0,7,46
2025-12-28,SKU00895,52,36,7,88
2025-12-28,SKU01094,103,0,7,37
2025-12-28,SKU01136,138,0,7,69
2025-12-28,SKU01144,55,22,7,77
2025-12-28,SKU01164,20,28,7,48
2025-12-28,SKU01250,22,4,7,26
2025-12-28,SKU01280,73,0,7,52
2025-12-28,SKU01361,166,0,7,77
2025-12-28,SKU01456,41,25,7,66
2025-12-28,SKU01460,184,0,7,67
2025-12-28,SKU01494,155,0,7,84
2025-12-28,SKU01513,54,0,7,42
2025-12-28,SKU01524,99,0,7,68
2025-12-28,SKU01548,12,80,7,92
2025-12-28,SKU01632,175,0,7,95
2025-12-28,SKU01637,84,0,7,48
2025-12-28,SKU01659,74,0,7,56
2025-12-28,SKU01713,52,22,7,74
2025-12-28,SKU01718,32,49,7,81
2025-12-28,SKU01811,65,0,7,49
2025-12-28,SKU01869,200,0,7,77
2025-12-28,SKU01887,5,20,7,25
2025-12-28,SKU01930,66,56,7,122
2025-12-28,SKU02109,43,99,7,142
2025-12-28,SKU02156,133,0,7,57
2025-12-28,SKU02242,35,65,7,100
2025-12-28,SKU02293,184,0,7,68
2025-12-28,SKU02378,60,24,7,84
2025-12-28,SKU02481,137,0,7,74
2025-12-28,SKU02522,77,0,7,28
2025-12-28,SKU02535,116,0,7,45
2025-12-28,SKU02552,95,0,7,49
2025-12-28,SKU02555,85,0,7,69
2025-12-28,SKU02577,79,3,7,82
2025-12-28,SKU02596,19,37,7,56
2025-12-28,SKU02604,49,0,7,36
2025-12-28,SKU02649,2,67,7,69
2025-12-28,SKU02651,129,0,7,98
2025-12-28,SKU02663,7,51,7,58
2025-12-28,SKU02664,45,0,7,20
2025-12-28,SKU02777,107,0,7,100
2025-12-28,SKU02811,271,0,7,145
2025-12-28,SKU02828,226,0,7,95
2025-12-28,SKU02830,153,0,7,98
2025-12-28,SKU02836,109,0,7,54
2025-12-28,SKU02838,176,0,7,59
2025-12-28,SKU02858,165,0,7,87
2025-12-28,SKU02863,32,4,7,36
2025-12-28,SKU02879,142,0,7,57
2025-12-28,SKU02884,35,2,7,37
2025-12-28,SKU02885,117,0,7,50
2025-12-28,SKU02966,74,0,7,39
2025-12-28,SKU03097,102,0,7,100
2025-12-28,SKU03110,0,20,7,20
2025-12-28,SKU03128,66,0,7,61
2025-12-28,SKU03135,151,0,7,93
2025-12-28,SKU03162,204,0,7,76
2025-12-28,SKU03165,75,0,7,27
2025-12-28,SKU03276,146,0,7,64
2025-12-28,SKU03339,51,0,7,33
2025-12-28,SKU03388,129,0,7,79
2025-12-28,SKU03397,1,27,7,28
2025-12-28,SKU03412,64,0,7,59
2025-12-28,SKU03430,156,0,7,77
2025-12-28,SKU03458,145,0,7,61
2025-12-28,SKU03472,169,0,7,65
2025-12-28,SKU03477,29,25,7,54
2025-12-28,SKU03485,22,4,7,26
2025-12-28,SKU03577,37,1,7,38
2025-12-28,SKU03579,157,0,7,53
2025-12-28,SKU03646,85,2,7,87
2025-12-28,SKU03657,62,26,7,88
2025-12-28,SKU03682,36,54,7,90
2025-12-28,SKU03732,184,0,7,76
2025-12-28,SKU03733,30,0,7,28
2025-12-28,SKU03741,36,57,7,93
2025-12-28,SKU03775,6,19,7,25
2025-12-28,SKU03780,228,0,7,89
2025-12-28,SKU03783,23,0,7,22
2025-12-28,SKU03793,77,0,7,76
2025-12-28,SKU03797,94,0,7,40
2025-12-28,SKU03814,70,0,7,34
2025-12-28,SKU03819,83,0,7,43
2025-12-28,SKU03871,171,0,7,79
2025-12-28,SKU03920,8,22,7,30
2025-12-28,SKU03923,102,0,7,61
2025-12-28,SKU03963,259,0,7,91
2025-12-28,SKU03976,296,0,7,99
2025-12-28,SKU03983,63,0,7,24
2025-12-28,SKU04021,207,0,7,93
2025-12-28,SKU04069,22,41,7,63
2025-12-28,SKU04117,48,5,7,53
2025-12-28,SKU04121,71,0,7,24
2025-12-28,SKU04132,150,0,7,51
2025-12-28,SKU04151,15,24,7,39
2025-12-28,SKU04154,110,0,7,55
2025-12-28,SKU04163,77,0,7,29
2025-12-28,SKU04223,70,0,7,52
2025-12-28,SKU04282,193,0,7,90
2025-12-28,SKU04301,89,0,7,62
2025-12-28,SKU04304,61,0,7,52
2025-12-28,SKU04313,131,0,7,49
2025-12-28,SKU04357,37,0,7,23
2025-12-28,SKU04384,158,0,7,67
2025-12-28,SKU04456,7,29,7,36
2025-12-28,SKU04525,34,27,7,61
2025-12-28,SKU04630,7,16,7,23
2025-12-28,SKU04637,76,0,7,65
2025-12-28,SKU04672,40,32,7,72
2025-12-28,SKU04734,201,0,7,80
2025-12-28,SKU04742,138,0,7,99
2025-12-28,SKU04779,100,0,7,59
2025-12-28,SKU04886,146,0,7,88
2025-12-28,SKU04948,56,0,7,34
2025-12-28,SKU04954,73,0,7,45
2025-12-28,SKU04969,48,16,7,64
2025-12-29,SKU00006,119,0,7,66
2025-12-29,SKU00009,33,60,7,93
2025-12-29,SKU00031,26,56,7,82
2025-12-29,SKU00049,50,0,7,35
2025-12-29,SKU00130,178,0,7,76
2025-12-29,SKU00142,151,0,7,98
2025-12-29,SKU00162,84,0,7,57
2025-12-29,SKU00189,7,30,7,37
2025-12-29,SKU00195,20,24,7,44
2025-12-29,SKU00204,20,11,7,31
2025-12-29,SKU00218,114,0,7,62
2025-12-29,SKU00275,23,14,7,37
2025-12-29,SKU00333,15,9,7,24
2025-12-29,SKU00356,221,0,7,78
2025-12-29,SKU00357,73,0,7,58
2025-12-29,SKU00426,115,0,7,71
2025-12-29,SKU00571,149,0,7,81
2025-12-29,SKU00608,27,0,7,27
2025-12-29,SKU00669,96,0,7,71
2025-12-29,SKU00698,63,25,7,88
2025-12-29,SKU00729,37,21,7,58
2025-12-29,SKU00751,240,0,7,87
2025-12-29,SKU00809,83,15,7,98
2025-12-29,SKU00811,69,0,7,61
2025-12-29,SKU00839,9,32,7,41
2025-12-29,SKU00870,117,0,7,75
2025-12-29,SKU01044,51,0,7,29
2025-12-29,SKU01076,26,13,7,39
2025-12-29,SKU01145,159,0,7,58
2025-12-29,SKU01215,123,0,7,44
2025-12-29,SKU01261,55,0,7,29
2025-12-29,SKU01305,173,0,7,145
2025-12-29,SKU01320,151,0,7,84
2025-12-29,SKU01401,242,0,7,94
2025-12-29,SKU01404,16,7,7,23
2025-12-29,SKU01445,139,0,7,76
2025-12-29,SKU01479,182,0,7,81
2025-12-29,SKU01483,138,0,7,62
2025-12-29,SKU01534,279,0,7,99
2025-12-29,SKU01577,35,53,7,88
2025-12-29,SKU01614,107,0,7,40
2025-12-29,SKU01668,20,50,7,70
2025-12-29,SKU01695,23,16,7,39
2025-12-29,SKU01701,18,24,7,42
2025-12-29,SKU01716,3,33,7,36
2025-12-29,SKU01725,21,4,7,25
2025-12-29,SKU01836,15,9,7,24
2025-12-29,SKU01853,27,13,7,40
2025-12-29,SKU01862,66,0,7,58
2025-12-29,SKU01889,101,0,7,76
2025-12-29,SKU01897,110,0,7,58
2025-12-29,SKU01914,132,0,7,95
2025-12-29,SKU02007,131,0,7,71
2025-12-29,SKU02081,2,23,7,25
2025-12-29,SKU02082,26,14,7,40
2025-12-29,SKU02097,39,10,7,49
2025-12-29,SKU02110,43,6,7,49
2025-12-29,SKU02115,83,0,7,28
2025-12-29,SKU02142,105,0,7,63
2025-12-29,SKU02143,56,35,7,91
2025-12-29,SKU02145,79,0,7,36
2025-12-29,SKU02167,103,0,7,64
2025-12-29,SKU02195,135,0,7,96
2025-12-29,SKU02222,53,1,7,54
2025-12-29,SKU02241,63,0,7,32
2025-12-29,SKU02298,52,0,7,28
2025-12-29,SKU02305,63,0,7,37
2025-12-29,SKU02308,212,0,7,90
2025-12-29,SKU02334,162,0,7,87
2025-12-29,SKU02377,125,0,7,76
2025-12-29,SKU02390,103,0,7,56
2025-12-29,SKU02410,273,0,7,96
2025-12-29,SKU02423,109,0,7,78
2025-12-29,SKU02439,77,0,7,31
2025-12-29,SKU02448,187,0,7,78
2025-12-29,SKU02449,147,0,7,52
2025-12-29,SKU02454,47,46,7,93
2025-12-29,SKU02469,147,0,7,100
2025-12-29,SKU02485,15,76,7,91
2025-12-29,SKU02512,11,39,7,50
2025-12-29,SKU02513,192,0,7,89
2025-12-29,SKU02516,22,46,7,68
2025-12-29,SKU02561,87,0,7,33
2025-12-29,SKU02562,80,0,7,63
2025-12-29,SKU02618,188,0,7,71
2025-12-29,SKU02682,149,0,7,87
2025-12-29,SKU02690,12,21,7,33
2025-12-29,SKU02752,204,0,7,99
2025-12-29,SKU02798,151,0,7,98
2025-12-29,SKU02827,29,4,7,33
2025-12-29,SKU02888,44,0,7,23
2025-12-29,SKU02890,183,0,7,84
2025-12-29,SKU02960,100,0,7,44
2025-12-29,SKU02963,114,0,7,72
2025-12-29,SKU03004,253,0,7,100
2025-12-29,SKU03012,3,70,7,73
2025-12-29,SKU03038,108,0,7,53
2025-12-29,SKU03088,32,54,7,86
2025-12-29,SKU03206,20,72,7,92
2025-12-29,SKU03238,140,0,7,53
2025-12-29,SKU03346,231,0,7,96
2025-12-29,SKU03409,67,0,7,28
2025-12-29,SKU03459,2,70,7,72
2025-12-29,SKU03463,66,0,7,34
2025-12-29,SKU03495,40,0,7,34
2025-12-29,SKU03605,96,0,7,72
2025-12-29,SKU03675,67,0,7,62
2025-12-29,SKU03676,279,0,7,99
2025-12-29,SKU03705,194,0,7,74
2025-12-29,SKU03730,112,0,7,84
2025-12-29,SKU03731,42,0,7,36
2025-12-29,SKU03816,56,18,7,74
2025-12-29,SKU03817,121,0,7,60
2025-12-29,SKU03847,153,0,7,59
2025-12-29,SKU03881,53,0,7,38
2025-12-29,SKU03909,70,9,7,79
2025-12-29,SKU03924,118,0,7,70
2025-12-29,SKU03980,70,21,7,91
2025-12-29,SKU03984,21,3,7,24
2025-12-29,SKU03998,38,7,7,45
2025-12-29,SKU04015,153,0,7,73
2025-12-29,SKU04046,47,5,7,52
2025-12-29,SKU04253,20,34,7,54
2025-12-29,SKU04269,0,22,7,22
2025-12-29,SKU04291,7,19,7,26
2025-12-29,SKU04307,156,0,7,95
2025-12-29,SKU04321,260,0,7,93
2025-12-29,SKU04340,54,0,7,34
2025-12-29,SKU04404,109,0,7,59
2025-12-29,SKU04415,129,0,7,71
2025-12-29,SKU04419,95,0,7,50
2025-12-29,SKU04427,6,82,7,88
2025-12-29,SKU04448,47,48,7,95
2025-12-29,SKU04450,19,20,7,39
2025-12-29,SKU04452,63,28,7,91
2025-12-29,SKU04455,116,0,7,47
2025-12-29,SKU04457,34,0,7,23
2025-12-29,SKU04472,51,0,7,21
2025-12-29,SKU04481,52,12,7,64
2025-12-29,SKU04501,16,11,7,27
2025-12-29,SKU04593,166,0,7,94
2025-12-29,SKU04625,27,5,7,32
2025-12-29,SKU04648,49,48,7,97
2025-12-29,SKU04649,10,28,7,38
2025-12-29,SKU04674,51,0,7,50
2025-12-29,SKU04676,32,0,7,28
2025-12-29,SKU04683,176,0,7,60
2025-12-29,SKU04698,294,0,7,121
2025-12-29,SKU04701,75,0,7,43
2025-12-29,SKU04708,83,0,7,33
2025-12-29,SKU04732,199,0,7,89
2025-12-29,SKU04739,12,84,7,96
2025-12-29,SKU04790,37,22,7,59
2025-12-29,SKU04815,7,21,7,28
2025-12-29,SKU04826,119,0,7,69
2025-12-29,SKU04862,130,0,7,79
2025-12-29,SKU04885,194,0,7,82
2025-12-30,SKU00025,151,0,7,87
2025-12-30,SKU00079,138,0,7,48
2025-12-30,SKU00081,235,0,7,91
2025-12-30,SKU00117,63,4,7,67
2025-12-30,SKU00125,127,0,7,59
2025-12-30,SKU00197,52,0,7,22
2025-12-30,SKU00274,21,0,7,21
2025-12-30,SKU00288,165,0,7,56
2025-12-30,SKU00309,95,0,7,52
2025-12-30,SKU00332,7,22,7,29
2025-12-30,SKU00353,14,31,7,45
2025-12-30,SKU00428,95,0,7,38
2025-12-30,SKU00431,4,28,7,32
2025-12-30,SKU00450,73,0,7,35
2025-12-30,SKU00453,16,56,7,72
2025-12-30,SKU00494,73,0,7,53
2025-12-30,SKU00530,67,0,7,33
2025-12-30,SKU00581,87,0,7,53
2025-12-30,SKU00622,140,0,7,86
2025-12-30,SKU00624,141,0,7,79
2025-12-30,SKU00670,11,73,7,84
2025-12-30,SKU00673,24,5,7,29
2025-12-30,SKU00678,256,0,7,96
2025-12-30,SKU00702,91,0,7,46
2025-12-30,SKU00743,12,21,7,33
2025-12-30,SKU00840,66,7,7,73
2025-12-30,SKU00864,248,0,7,84
2025-12-30,SKU00873,234,0,7,80
2025-12-30,SKU00880,75,0,7,33
2025-12-30,SKU00881,188,0,7,100
2025-12-30,SKU00928,133,0,7,88
2025-12-30,SKU00944,15,64,7,79
2025-12-30,SKU00975,273,0,7,97
2025-12-30,SKU00976,234,0,7,91
2025-12-30,SKU01010,8,24,7,32
2025-12-30,SKU01036,118,0,7,100
2025-12-30,SKU01076,147,0,7,82
2025-12-30,SKU01095,170,0,7,79
2025-12-30,SKU01127,39,16,7,55
2025-12-30,SKU01132,251,0,7,89
2025-12-30,SKU01154,108,0,7,38
2025-12-30,SKU01176,144,0,7,83
2025-12-30,SKU01178,1,19,7,20
2025-12-30,SKU01186,113,0,7,74
2025-12-30,SKU01196,100,0,7,44
2025-12-30,SKU01199,42,25,7,67
2025-12-30,SKU01255,82,4,7,86
2025-12-30,SKU01313,1,50,7,51
2025-12-30,SKU01330,59,0,7,31
2025-12-30,SKU01405,61,0,7,32
2025-12-30,SKU01472,119,0,7,50
2025-12-30,SKU01502,134,0,7,61
2025-12-30,SKU01550,97,0,7,39
2025-12-30,SKU01561,128,0,7,85
2025-12-30,SKU01564,9,18,7,27
2025-12-30,SKU01576,25,72,7,97
2025-12-30,SKU01581,170,0,7,57
2025-12-30,SKU01628,87,0,7,54
2025-12-30,SKU01650,292,0,7,115
2025-12-30,SKU01688,4,16,7,20
2025-12-30,SKU01746,118,0,7,42
2025-12-30,SKU01815,38,5,7,43
2025-12-30,SKU01820,155,0,7,66
2025-12-30,SKU01845,129,0,7,46
2025-12-30,SKU01856,110,0,7,39
2025-12-30,SKU01908,58,0,7,22
2025-12-30,SKU01913,32,21,7,53
2025-12-30,SKU01923,63,28,7,91
2025-12-30,SKU01996,65,13,7,78
2025-12-30,SKU02030,6,85,7,91
2025-12-30,SKU02037,48,9,7,57
2025-12-30,SKU02051,6,93,7,99
2025-12-30,SKU02110,107,0,7,36
2025-12-30,SKU02127,2,57,7,59
2025-12-30,SKU02198,5,19,7,24
2025-12-30,SKU02240,53,0,7,31
2025-12-30,SKU02288,133,0,7,64
2025-12-30,SKU02312,75,18,7,93
2025-12-30,SKU02324,20,72,7,92
2025-12-30,SKU02342,52,0,7,51
2025-12-30,SKU02353,151,0,7,98
2025-12-30,SKU02373,27,28,7,55
2025-12-30,SKU02397,203,0,7,72
2025-12-30,SKU02418,28,8,7,36
2025-12-30,SKU02535,113,0,7,73
2025-12-30,SKU02554,10,40,7,50
2025-12-30,SKU02558,99,0,7,99
2025-12-30,SKU02561,89,0,7,52
2025-12-30,SKU02593,119,0,7,60
2025-12-30,SKU02637,84,0,7,39
2025-12-30,SKU02642,98,0,7,82
2025-12-30,SKU02656,99,0,7,51
2025-12-30,SKU02803,88,0,7,43
2025-12-30,SKU02816,36,12,7,48
2025-12-30,SKU02838,83,0,7,67
2025-12-30,SKU02856,60,0,7,26
2025-12-30,SKU02881,183,0,7,63
2025-12-30,SKU02896,157,0,7,66
2025-12-30,SKU02909,43,0,7,28
2025-12-30,SKU02918,39,25,7,64
2025-12-30,SKU02923,43,17,7,60
2025-12-30,SKU03011,148,0,7,60
2025-12-30,SKU03015,95,0,7,79
2025-12-30,SKU03017,74,0,7,25
2025-12-30,SKU03180,105,0,7,62
2025-12-30,SKU03218,42,0,7,42
2025-12-30,SKU03328,187,0,7,66
2025-12-30,SKU03391,139,0,7,47
2025-12-30,SKU03400,14,55,7,69
2025-12-30,SKU03433,38,8,7,46
2025-12-30,SKU03446,244,0,7,93
2025-12-30,SKU03462,104,0,7,46
2025-12-30,SKU03567,102,0,7,40
2025-12-30,SKU03597,22,1,7,23
2025-12-30,SKU03613,115,0,7,41
2025-12-30,SKU03623,130,0,7,56
2025-12-30,SKU03711,41,0,7,23
2025-12-30,SKU03716,112,0,7,94
2025-12-30,SKU03732,149,0,7,78
2025-12-30,SKU03852,143,0,7,80
2025-12-30,SKU03894,67,26,7,93
2025-12-30,SKU03943,46,1,7,47
2025-12-30,SKU03992,404,0,7,147
2025-12-30,SKU04078,50,20,7,70
2025-12-30,SKU04105,36,55,7,91
2025-12-30,SKU04130,44,48,7,92
2025-12-30,SKU04151,82,0,7,58
2025-12-30,SKU04165,75,0,7,49
2025-12-30,SKU04262,89,0,7,39
2025-12-30,SKU04347,213,0,7,99
2025-12-30,SKU04370,103,0,7,78
2025-12-30,SKU04396,157,0,7,55
2025-12-30,SKU04428,285,0,7,99
2025-12-30,SKU04437,49,0,7,37
2025-12-30,SKU04440,17,68,7,85
2025-12-30,SKU04477,134,0,7,73
2025-12-30,SKU04486,0,23,7,23
2025-12-30,SKU04557,117,0,7,51
2025-12-30,SKU04581,12,14,7,26
2025-12-30,SKU04613,46,0,7,28
2025-12-30,SKU04615,0,68,7,68
2025-12-30,SKU04628,118,0,7,49
2025-12-30,SKU04645,2,22,7,24
2025-12-30,SKU04684,191,0,7,79
2025-12-30,SKU04784,207,0,7,71
2025-12-30,SKU04809,105,0,7,55
2025-12-30,SKU04823,13,18,7,31
2025-12-30,SKU04850,33,14,7,47
2025-12-30,SKU04853,133,0,7,79
2025-12-30,SKU04865,5,51,7,56
2025-12-30,SKU04878,70,3,7,73
2025-12-30,SKU04904,194,0,7,67
2025-12-30,SKU04917,25,20,7,45
2025-12-30,SKU04944,41,27,7,68
2025-12-31,SKU00008,0,0,7,0
2025-12-31,SKU00010,0,0,7,0
2025-12-31,SKU00022,0,0,7,0
2025-12-31,SKU00029,0,0,7,0
2025-12-31,SKU00042,0,0,7,0
2025-12-31,SKU00054,0,0,7,0
2025-12-31,SKU00055,0,0,7,0
2025-12-31,SKU00064,178,0,7,97
2025-12-31,SKU00072,0,0,7,0
2025-12-31,SKU00088,0,0,7,0
2025-12-31,SKU00089,0,0,7,0
2025-12-31,SKU00099,18,59,7,77
2025-12-31,SKU00101,0,0,7,0
2025-12-31,SKU00107,113,0,7,91
2025-12-31,SKU00109,0,0,7,0
2025-12-31,SKU00121,0,0,7,0
2025-12-31,SKU00132,0,0,7,0
2025-12-31,SKU00133,148,0,7,50
2025-12-31,SKU00139,0,0,7,0
2025-12-31,SKU00148,0,0,7,0
2025-12-31,SKU00152,0,0,7,0
2025-12-31,SKU00158,0,0,7,0
2025-12-31,SKU00164,0,0,7,0
2025-12-31,SKU00165,0,0,7,0
2025-12-31,SKU00172,0,0,7,0
2025-12-31,SKU00174,0,0,7,0
2025-12-31,SKU00176,0,0,7,0
2025-12-31,SKU00187,0,0,7,0
2025-12-31,SKU00193,79,0,7,73
2025-12-31,SKU00200,46,24,7,70
2025-12-31,SKU00207,0,0,7,0
2025-12-31,SKU00208,0,0,7,0
2025-12-31,SKU00211,0,0,7,0
2025-12-31,SKU00214,107,0,7,69
2025-12-31,SKU00217,0,0,7,0
2025-12-31,SKU00222,25,10,7,35
2025-12-31,SKU00227,99,0,7,73
2025-12-31,SKU00239,203,0,7,84
2025-12-31,SKU00247,229,0,7,93
2025-12-31,SKU00250,0,0,7,0
2025-12-31,SKU00257,0,0,7,0
2025-12-31,SKU00258,0,0,7,0
2025-12-31,SKU00261,0,0,7,0
2025-12-31,SKU00271,0,0,7,0
2025-12-31,SKU00278,26,0,7,20
2025-12-31,SKU00281,0,0,7,0
2025-12-31,SKU00282,0,0,7,0
2025-12-31,SKU00284,0,0,7,0
2025-12-31,SKU00290,0,0,7,0
2025-12-31,SKU00297,0,0,7,0
2025-12-31,SKU00298,64,0,7,23
2025-12-31,SKU00300,0,0,7,0
2025-12-31,SKU00329,0,0,7,0
2025-12-31,SKU00341,0,0,7,0
2025-12-31,SKU00345,0,0,7,0
2025-12-31,SKU00352,0,0,7,0
2025-12-31,SKU00359,0,0,7,0
2025-12-31,SKU00362,0,0,7,0
2025-12-31,SKU00370,0,0,7,0
2025-12-31,SKU00378,24,67,7,91
2025-12-31,SKU00392,0,0,7,0
2025-12-31,SKU00399,0,0,7,0
2025-12-31,SKU00403,101,0,7,75
2025-12-31,SKU00406,0,0,7,0
2025-12-31,SKU00412,0,0,7,0
2025-12-31,SKU00422,0,0,7,0
2025-12-31,SKU00425,0,0,7,0
2025-12-31,SKU00433,0,0,7,0
2025-12-31,SKU00435,0,0,7,0
2025-12-31,SKU00443,105,0,7,51
2025-12-31,SKU00447,0,0,7,0
2025-12-31,SKU00459,0,0,7,0
2025-12-31,SKU00468,0,0,7,0
2025-12-31,SKU00470,0,0,7,0
2025-12-31,SKU00483,0,0,7,0
2025-12-31,SKU00491,197,0,7,97
2025-12-31,SKU00505,0,0,7,0
2025-12-31,SKU00514,0,0,7,0
2025-12-31,SKU00515,0,0,7,0
2025-12-31,SKU00518,0,0,7,0
2025-12-31,SKU00520,40,0,7,25
2025-12-31,SKU00536,106,0,7,36
2025-12-31,SKU00537,45,18,7,63
2025-12-31,SKU00541,0,0,7,0
2025-12-31,SKU00548,0,0,7,0
2025-12-31,SKU00549,0,0,7,0
2025-12-31,SKU00552,0,0,7,0
2025-12-31,SKU00557,0,0,7,0
2025-12-31,SKU00558,72,0,7,70
2025-12-31,SKU00561,0,0,7,0
2025-12-31,SKU00564,0,0,7,0
2025-12-31,SKU00579,0,0,7,0
2025-12-31,SKU00587,0,0,7,0
2025-12-31,SKU00589,4,22,7,26
2025-12-31,SKU00600,0,0,7,0
2025-12-31,SKU00605,217,0,7,82
2025-12-31,SKU00606,169,0,7,98
2025-12-31,SKU00627,0,0,7,0
2025-12-31,SKU00636,0,0,7,0
2025-12-31,SKU00640,0,0,7,0
2025-12-31,SKU00656,0,0,7,0
2025-12-31,SKU00658,0,0,7,0
2025-12-31,SKU00659,0,0,7,0
2025-12-31,SKU00661,0,0,7,0
2025-12-31,SKU00663,0,0,7,0
2025-12-31,SKU00666,17,48,7,65
2025-12-31,SKU00675,0,0,7,0
2025-12-31,SKU00689,0,0,7,0
2025-12-31,SKU00695,0,0,7,0
2025-12-31,SKU00709,0,0,7,0
2025-12-31,SKU00718,0,0,7,0
2025-12-31,SKU00722,91,0,7,39
2025-12-31,SKU00725,0,0,7,0
2025-12-31,SKU00730,0,0,7,0
2025-12-31,SKU00731,0,0,7,0
2025-12-31,SKU00750,0,0,7,0
2025-12-31,SKU00753,0,0,7,0
2025-12-31,SKU00757,0,0,7,0
2025-12-31,SKU00771,0,0,7,0
2025-12-31,SKU00776,76,0,7,37
2025-12-31,SKU00790,0,0,7,0
2025-12-31,SKU00812,0,0,7,0
2025-12-31,SKU00814,0,0,7,0
2025-12-31,SKU00817,0,0,7,0
2025-12-31,SKU00826,0,0,7,0
2025-12-31,SKU00827,23,13,7,36
2025-12-31,SKU00836,0,0,7,0
2025-12-31,SKU00847,0,0,7,0
2025-12-31,SKU00862,0,0,7,0
2025-12-31,SKU00871,0,0,7,0
2025-12-31,SKU00903,0,0,7,0
2025-12-31,SKU00907,0,0,7,0
2025-12-31,SKU00910,0,0,7,0
2025-12-31,SKU00941,0,0,7,0
2025-12-31,SKU00943,0,0,7,0
2025-12-31,SKU00947,0,0,7,0
2025-12-31,SKU00952,0,0,7,0
2025-12-31,SKU00969,0,0,7,0
2025-12-31,SKU00985,0,0,7,0
2025-12-31,SKU00995,0,0,7,0
2025-12-31,SKU00999,0,0,7,0
2025-12-31,SKU01000,0,0,7,0
2025-12-31,SKU01013,0,0,7,0
2025-12-31,SKU01014,0,0,7,0
2025-12-31,SKU01016,0,0,7,0
2025-12-31,SKU01026,0,0,7,0
2025-12-31,SKU01035,0,0,7,0
2025-12-31,SKU01040,0,0,7,0
2025-12-31,SKU01051,0,0,7,0
2025-12-31,SKU01060,0,0,7,0
2025-12-31,SKU01062,0,0,7,0
2025-12-31,SKU01079,0,0,7,0
2025-12-31,SKU01080,0,0,7,0
2025-12-31,SKU01084,0,0,7,0
2025-12-31,SKU01089,0,0,7,0
2025-12-31,SKU01098,0,0,7,0
2025-12-31,SKU01099,39,42,7,81
2025-12-31,SKU01105,0,0,7,0
2025-12-31,SKU01108,227,0,7,100
2025-12-31,SKU01111,0,0,7,0
2025-12-31,SKU01126,0,0,7,0
2025-12-31,SKU01139,0,0,7,0
2025-12-31,SKU01141,0,0,7,0
2025-12-31,SKU01166,0,0,7,0
2025-12-31,SKU01173,0,0,7,0
2025-12-31,SKU01180,0,0,7,0
2025-12-31,SKU01183,88,0,7,40
2025-12-31,SKU01192,0,0,7,0
2025-12-31,SKU01197,0,0,7,0
2025-12-31,SKU01198,0,0,7,0
2025-12-31,SKU01212,0,0,7,0
2025-12-31,SKU01214,0,0,7,0
2025-12-31,SKU01219,0,0,7,0
2025-12-31,SKU01233,0,0,7,0
2025-12-31,SKU01239,0,0,7,0
2025-12-31,SKU01240,0,0,7,0
2025-12-31,SKU01241,187,0,7,70
2025-12-31,SKU01244,0,0,7,0
2025-12-31,SKU01245,0,0,7,0
2025-12-31,SKU01252,0,0,7,0
2025-12-31,SKU01258,105,0,7,41
2025-12-31,SKU01260,0,0,7,0
2025-12-31,SKU01268,146,0,7,89
2025-12-31,SKU01279,0,0,7,0
2025-12-31,SKU01285,0,0,7,0
2025-12-31,SKU01291,0,0,7,0
2025-12-31,SKU01300,0,0,7,0
2025-12-31,SKU01304,0,0,7,0
2025-12-31,SKU01307,0,0,7,0
2025-12-31,SKU01312,225,0,7,77
2025-12-31,SKU01322,0,0,7,0
2025-12-31,SKU01343,85,43,7,128
2025-12-31,SKU01344,0,0,7,0
2025-12-31,SKU01345,0,0,7,0
2025-12-31,SKU01353,0,0,7,0
2025-12-31,SKU01364,0,0,7,0
2025-12-31,SKU01368,0,0,7,0
2025-12-31,SKU01380,0,0,7,0
2025-12-31,SKU01381,0,0,7,0
2025-12-31,SKU01384,131,0,7,84
2025-12-31,SKU01400,0,0,7,0
2025-12-31,SKU01408,0,0,7,0
2025-12-31,SKU01409,0,0,7,0
2025-12-31,SKU01410,0,0,7,0
2025-12-31,SKU01426,0,0,7,0
2025-12-31,SKU01432,0,0,7,0
2025-12-31,SKU01435,0,0,7,0
2025-12-31,SKU01447,0,0,7,0
2025-12-31,SKU01448,0,0,7,0
2025-12-31,SKU01449,0,0,7,0
2025-12-31,SKU01455,138,0,7,97
2025-12-31,SKU01474,0,0,7,0
2025-12-31,SKU01475,0,0,7,0
2025-12-31,SKU01478,0,0,7,0
2025-12-31,SKU01482,0,0,7,0
2025-12-31,SKU01497,0,0,7,0
2025-12-31,SKU01511,0,0,7,0
2025-12-31,SKU01522,0,0,7,0
2025-12-31,SKU01527,0,0,7,0
2025-12-31,SKU01541,0,0,7,0
2025-12-31,SKU01543,22,64,7,86
2025-12-31,SKU01556,0,0,7,0
2025-12-31,SKU01559,0,0,7,0
2025-12-31,SKU01563,0,0,7,0
2025-12-31,SKU01566,0,0,7,0
2025-12-31,SKU01574,0,0,7,0
2025-12-31,SKU01583,0,0,7,0
2025-12-31,SKU01588,0,0,7,0
2025-12-31,SKU01594,0,0,7,0
2025-12-31,SKU01598,0,0,7,0
2025-12-31,SKU01603,0,0,7,0
2025-12-31,SKU01622,0,0,7,0
2025-12-31,SKU01654,0,0,7,0
2025-12-31,SKU01658,0,0,7,0
2025-12-31,SKU01659,70,0,7,48
2025-12-31,SKU01661,0,0,7,0
2025-12-31,SKU01664,0,0,7,0
2025-12-31,SKU01680,0,0,7,0
2025-12-31,SKU01703,0,0,7,0
2025-12-31,SKU01709,0,0,7,0
2025-12-31,SKU01710,56,0,7,22
2025-12-31,SKU01711,0,0,7,0
2025-12-31,SKU01737,0,0,7,0
2025-12-31,SKU01749,0,0,7,0
2025-12-31,SKU01763,0,0,7,0
2025-12-31,SKU01765,0,0,7,0
2025-12-31,SKU01780,0,0,7,0
2025-12-31,SKU01787,0,0,7,0
2025-12-31,SKU01789,0,0,7,0
2025-12-31,SKU01806,0,0,7,0
2025-12-31,SKU01813,0,0,7,0
2025-12-31,SKU01817,179,0,7,90
2025-12-31,SKU01829,22,0,7,22
2025-12-31,SKU01840,169,0,7,89
2025-12-31,SKU01843,0,0,7,0
2025-12-31,SKU01852,0,0,7,0
2025-12-31,SKU01865,16,9,7,25
2025-12-31,SKU01866,0,0,7,0
2025-12-31,SKU01873,0,0,7,0
2025-12-31,SKU01886,52,0,7,37
2025-12-31,SKU01890,0,0,7,0
2025-12-31,SKU01894,0,0,7,0
2025-12-31,SKU01907,0,0,7,0
2025-12-31,SKU01910,0,0,7,0
2025-12-31,SKU01917,137,0,7,69
2025-12-31,SKU01926,0,0,7,0
2025-12-31,SKU01929,0,0,7,0
2025-12-31,SKU01937,208,0,7,80
2025-12-31,SKU01955,132,0,7,95
2025-12-31,SKU01957,0,0,7,0
2025-12-31,SKU01959,0,0,7,0
2025-12-31,SKU01961,0,0,7,0
2025-12-31,SKU01966,158,0,7,88
2025-12-31,SKU01973,0,0,7,0
2025-12-31,SKU01980,0,0,7,0
2025-12-31,SKU01985,0,0,7,0
2025-12-31,SKU01998,0,0,7,0
2025-12-31,SKU02003,0,0,7,0
2025-12-31,SKU02006,0,0,7,0
2025-12-31,SKU02008,0,0,7,0
2025-12-31,SKU02036,0,0,7,0
2025-12-31,SKU02041,0,0,7,0
2025-12-31,SKU02042,108,0,7,84
2025-12-31,SKU02043,0,0,7,0
2025-12-31,SKU02048,28,56,7,84
2025-12-31,SKU02049,0,0,7,0
2025-12-31,SKU02059,0,0,7,0
2025-12-31,SKU02060,0,0,7,0
2025-12-31,SKU02066,0,0,7,0
2025-12-31,SKU02069,0,0,7,0
2025-12-31,SKU02086,0,0,7,0
2025-12-31,SKU02098,0,0,7,0
2025-12-31,SKU02100,93,0,7,47
2025-12-31,SKU02102,0,0,7,0
2025-12-31,SKU02107,13,49,7,62
2025-12-31,SKU02158,0,0,7,0
2025-12-31,SKU02165,0,0,7,0
2025-12-31,SKU02169,22,6,7,28
2025-12-31,SKU02170,0,0,7,0
2025-12-31,SKU02174,0,0,7,0
2025-12-31,SKU02181,0,0,7,0
2025-12-31,SKU02201,56,0,7,22
2025-12-31,SKU02212,0,0,7,0
2025-12-31,SKU02215,0,0,7,0
2025-12-31,SKU02225,0,0,7,0
2025-12-31,SKU02231,0,0,7,0
2025-12-31,SKU02232,0,0,7,0
2025-12-31,SKU02233,0,0,7,0
2025-12-31,SKU02251,0,0,7,0
2025-12-31,SKU02256,0,0,7,0
2025-12-31,SKU02257,160,0,7,61
2025-12-31,SKU02260,0,0,7,0
2025-12-31,SKU02265,41,19,7,60
2025-12-31,SKU02266,0,0,7,0
2025-12-31,SKU02281,0,0,7,0
2025-12-31,SKU02285,0,0,7,0
2025-12-31,SKU02291,0,0,7,0
2025-12-31,SKU02292,96,0,7,45
2025-12-31,SKU02294,0,0,7,0
2025-12-31,SKU02306,0,0,7,0
2025-12-31,SKU02322,0,0,7,0
2025-12-31,SKU02328,9,29,7,38
2025-12-31,SKU02335,0,0,7,0
2025-12-31,SKU02338,0,0,7,0
2025-12-31,SKU02344,32,6,7,38
2025-12-31,SKU02359,266,0,7,100
2025-12-31,SKU02366,0,0,7,0
2025-12-31,SKU02372,0,0,7,0
2025-12-31,SKU02400,0,0,7,0
2025-12-31,SKU02402,47,0,7,20
2025-12-31,SKU02405,0,0,7,0
2025-12-31,SKU02411,0,0,7,0
2025-12-31,SKU02415,0,0,7,0
2025-12-31,SKU02430,0,0,7,0
2025-12-31,SKU02434,34,3,7,37
2025-12-31,SKU02438,91,0,7,54
2025-12-31,SKU02443,0,0,7,0
2025-12-31,SKU02444,89,3,7,92
2025-12-31,SKU02452,156,0,7,72
2025-12-31,SKU02460,0,0,7,0
2025-12-31,SKU02468,0,0,7,0
2025-12-31,SKU02473,156,0,7,97
2025-12-31,SKU02474,0,0,7,0
2025-12-31,SKU02480,0,0,7,0
2025-12-31,SKU02489,0,0,7,0
2025-12-31,SKU02490,0,0,7,0
2025-12-31,SKU02493,16,54,7,70
2025-12-31,SKU02495,0,0,7,0
2025-12-31,SKU02499,0,0,7,0
2025-12-31,SKU02505,0,0,7,0
2025-12-31,SKU02509,6,63,7,69
2025-12-31,SKU02529,30,0,7,29
2025-12-31,SKU02545,0,0,7,0
2025-12-31,SKU02547,0,0,7,0
2025-12-31,SKU02548,0,0,7,0
2025-12-31,SKU02569,0,0,7,0
2025-12-31,SKU02571,0,0,7,0
2025-12-31,SKU02574,82,0,7,61
2025-12-31,SKU02583,0,0,7,0
2025-12-31,SKU02585,171,0,7,84
2025-12-31,SKU02588,0,0,7,0
2025-12-31,SKU02589,0,0,7,0
2025-12-31,SKU02603,40,26,7,66
2025-12-31,SKU02607,0,0,7,0
2025-12-31,SKU02622,26,32,7,58
2025-12-31,SKU02627,0,0,7,0
2025-12-31,SKU02628,0,0,7,0
2025-12-31,SKU02643,0,0,7,0
2025-12-31,SKU02646,0,0,7,0
2025-12-31,SKU02653,0,0,7,0
2025-12-31,SKU02654,0,0,7,0
2025-12-31,SKU02666,0,0,7,0
2025-12-31,SKU02667,0,0,7,0
2025-12-31,SKU02668,0,0,7,0
2025-12-31,SKU02721,0,0,7,0
2025-12-31,SKU02729,0,0,7,0
2025-12-31,SKU02730,0,0,7,0
2025-12-31,SKU02749,0,0,7,0
2025-12-31,SKU02750,0,0,7,0
2025-12-31,SKU02760,0,0,7,0
2025-12-31,SKU02762,0,0,7,0
2025-12-31,SKU02773,12,58,7,70
2025-12-31,SKU02784,0,0,7,0
2025-12-31,SKU02803,75,0,7,37
2025-12-31,SKU02814,0,0,7,0
2025-12-31,SKU02852,0,0,7,0
2025-12-31,SKU02854,0,0,7,0
2025-12-31,SKU02862,0,0,7,0
2025-12-31,SKU02888,110,0,7,45
2025-12-31,SKU02899,0,0,7,0
2025-12-31,SKU02903,0,0,7,0
2025-12-31,SKU02914,0,0,7,0
2025-12-31,SKU02922,12,19,7,31
2025-12-31,SKU02928,0,0,7,0
2025-12-31,SKU02952,0,0,7,0
2025-12-31,SKU02958,0,0,7,0
2025-12-31,SKU02964,64,0,7,24
2025-12-31,SKU02975,0,0,7,0
2025-12-31,SKU02979,0,0,7,0
2025-12-31,SKU02985,0,0,7,0
2025-12-31,SKU02993,0,0,7,0
2025-12-31,SKU02998,0,0,7,0
2025-12-31,SKU03006,173,0,7,64
2025-12-31,SKU03008,0,0,7,0
2025-12-31,SKU03009,35,56,7,91
2025-12-31,SKU03019,0,0,7,0
2025-12-31,SKU03027,49,12,7,61
2025-12-31,SKU03034,0,0,7,0
2025-12-31,SKU03039,0,0,7,0
2025-12-31,SKU03044,0,0,7,0
2025-12-31,SKU03047,0,0,7,0
2025-12-31,SKU03054,115,0,7,39
2025-12-31,SKU03064,0,0,7,0
2025-12-31,SKU03066,209,0,7,93
2025-12-31,SKU03074,0,0,7,0
2025-12-31,SKU03079,0,0,7,0
2025-12-31,SKU03126,18,57,7,75
2025-12-31,SKU03141,0,0,7,0
2025-12-31,SKU03142,0,0,7,0
2025-12-31,SKU03145,0,0,7,0
2025-12-31,SKU03151,0,0,7,0
2025-12-31,SKU03157,0,0,7,0
2025-12-31,SKU03158,0,0,7,0
2025-12-31,SKU03163,5,39,7,44
2025-12-31,SKU03176,0,0,7,0
2025-12-31,SKU03191,0,0,7,0
2025-12-31,SKU03195,0,0,7,0
2025-12-31,SKU03202,79,0,7,41
2025-12-31,SKU03217,0,0,7,0
2025-12-31,SKU03222,18,34,7,52
2025-12-31,SKU03225,0,0,7,0
2025-12-31,SKU03226,0,0,7,0
2025-12-31,SKU03253,0,0,7,0
2025-12-31,SKU03259,103,0,7,43
2025-12-31,SKU03262,148,0,7,67
2025-12-31,SKU03272,0,0,7,0
2025-12-31,SKU03280,0,0,7,0
2025-12-31,SKU03289,0,0,7,0
2025-12-31,SKU03293,0,0,7,0
2025-12-31,SKU03296,0,0,7,0
2025-12-31,SKU03302,102,0,7,91
2025-12-31,SKU03331,0,0,7,0
2025-12-31,SKU03336,0,0,7,0
2025-12-31,SKU03344,0,0,7,0
2025-12-31,SKU03345,0,0,7,0
2025-12-31,SKU03354,0,0,7,0
2025-12-31,SKU03355,0,0,7,0
2025-12-31,SKU03363,107,0,7,63
2025-12-31,SKU03364,0,0,7,0
2025-12-31,SKU03366,0,0,7,0
2025-12-31,SKU03379,19,50,7,69
2025-12-31,SKU03382,0,0,7,0
2025-12-31,SKU03399,0,0,7,0
2025-12-31,SKU03408,115,0,7,61
2025-12-31,SKU03427,0,0,7,0
2025-12-31,SKU03431,0,0,7,0
2025-12-31,SKU03473,0,0,7,0
2025-12-31,SKU03482,0,0,7,0
2025-12-31,SKU03497,0,0,7,0
2025-12-31,SKU03499,0,0,7,0
2025-12-31,SKU03509,0,0,7,0
2025-12-31,SKU03510,0,0,7,0
2025-12-31,SKU03524,0,0,7,0
2025-12-31,SKU03553,31,0,7,30
2025-12-31,SKU03554,0,0,7,0
2025-12-31,SKU03555,0,0,7,0
2025-12-31,SKU03565,0,0,7,0
2025-12-31,SKU03586,0,0,7,0
2025-12-31,SKU03626,0,0,7,0
2025-12-31,SKU03630,0,0,7,0
2025-12-31,SKU03640,0,0,7,0
2025-12-31,SKU03644,0,0,7,0
2025-12-31,SKU03668,0,0,7,0
2025-12-31,SKU03673,0,0,7,0
2025-12-31,SKU03674,39,0,7,27
2025-12-31,SKU03680,0,0,7,0
2025-12-31,SKU03684,188,0,7,74
2025-12-31,SKU03704,0,0,7,0
2025-12-31,SKU03706,191,0,7,66
2025-12-31,SKU03708,0,0,7,0
2025-12-31,SKU03722,0,0,7,0
2025-12-31,SKU03742,0,0,7,0
2025-12-31,SKU03745,0,0,7,0
2025-12-31,SKU03751,0,0,7,0
2025-12-31,SKU03767,101,0,7,45
2025-12-31,SKU03776,0,0,7,0
2025-12-31,SKU03790,0,0,7,0
2025-12-31,SKU03796,0,0,7,0
2025-12-31,SKU03801,0,0,7,0
2025-12-31,SKU03804,0,0,7,0
2025-12-31,SKU03806,0,0,7,0
2025-12-31,SKU03827,0,0,7,0
2025-12-31,SKU03836,0,0,7,0
2025-12-31,SKU03844,0,0,7,0
2025-12-31,SKU03858,0,0,7,0
2025-12-31,SKU03866,284,0,7,99
2025-12-31,SKU03867,0,0,7,0
2025-12-31,SKU03872,0,0,7,0
2025-12-31,SKU03883,132,0,7,99
2025-12-31,SKU03898,94,0,7,32
2025-12-31,SKU03926,0,0,7,0
2025-12-31,SKU03946,0,0,7,0
2025-12-31,SKU03948,7,17,7,24
2025-12-31,SKU03951,79,103,7,182
2025-12-31,SKU03957,0,0,7,0
2025-12-31,SKU03963,131,0,7,56
2025-12-31,SKU03973,0,0,7,0
2025-12-31,SKU03982,116,0,7,56
2025-12-31,SKU03989,51,28,7,79
2025-12-31,SKU03993,0,0,7,0
2025-12-31,SKU03999,0,0,7,0
2025-12-31,SKU04027,0,0,7,0
2025-12-31,SKU04034,73,0,7,68
2025-12-31,SKU04043,0,0,7,0
2025-12-31,SKU04047,0,0,7,0
2025-12-31,SKU04058,67,22,7,89
2025-12-31,SKU04059,0,0,7,0
2025-12-31,SKU04064,0,0,7,0
2025-12-31,SKU04067,0,0,7,0
2025-12-31,SKU04099,0,0,7,0
2025-12-31,SKU04100,0,0,7,0
2025-12-31,SKU04108,252,0,7,91
2025-12-31,SKU04112,0,0,7,0
2025-12-31,SKU04113,0,0,7,0
2025-12-31,SKU04115,0,0,7,0
2025-12-31,SKU04134,0,0,7,0
2025-12-31,SKU04143,0,0,7,0
2025-12-31,SKU04151,44,0,7,39
2025-12-31,SKU04167,0,0,7,0
2025-12-31,SKU04168,0,0,7,0
2025-12-31,SKU04176,10,15,7,25
2025-12-31,SKU04182,0,0,7,0
2025-12-31,SKU04183,0,0,7,0
2025-12-31,SKU04200,0,0,7,0
2025-12-31,SKU04204,50,2,7,52
2025-12-31,SKU04210,0,0,7,0
2025-12-31,SKU04224,0,0,7,0
2025-12-31,SKU04226,121,0,7,83
2025-12-31,SKU04232,0,0,7,0
2025-12-31,SKU04248,0,0,7,0
2025-12-31,SKU04252,75,0,7,39
2025-12-31,SKU04257,0,0,7,0
2025-12-31,SKU04260,0,0,7,0
2025-12-31,SKU04268,0,0,7,0
2025-12-31,SKU04271,0,0,7,0
2025-12-31,SKU04278,0,0,7,0
2025-12-31,SKU04279,0,0,7,0
2025-12-31,SKU04288,0,0,7,0
2025-12-31,SKU04312,0,0,7,0
2025-12-31,SKU04316,0,0,7,0
2025-12-31,SKU04337,0,0,7,0
2025-12-31,SKU04341,0,0,7,0
2025-12-31,SKU04359,0,0,7,0
2025-12-31,SKU04365,53,6,7,59
2025-12-31,SKU04367,0,0,7,0
2025-12-31,SKU04371,0,0,7,0
2025-12-31,SKU04374,0,0,7,0
2025-12-31,SKU04376,0,0,7,0
2025-12-31,SKU04382,0,0,7,0
2025-12-31,SKU04385,0,0,7,0
2025-12-31,SKU04390,0,0,7,0
2025-12-31,SKU04393,0,0,7,0
2025-12-31,SKU04399,0,0,7,0
2025-12-31,SKU04406,0,0,7,0
2025-12-31,SKU04407,0,0,7,0
2025-12-31,SKU04421,108,0,7,37
2025-12-31,SKU04422,41,29,7,70
2025-12-31,SKU04423,0,0,7,0
2025-12-31,SKU04426,0,0,7,0
2025-12-31,SKU04431,8,86,7,94
2025-12-31,SKU04444,0,0,7,0
2025-12-31,SKU04460,0,0,7,0
2025-12-31,SKU04482,94,0,7,48
2025-12-31,SKU04496,0,0,7,0
2025-12-31,SKU04510,95,0,7,36
2025-12-31,SKU04514,0,0,7,0
2025-12-31,SKU04516,291,0,7,186
2025-12-31,SKU04518,135,0,7,70
2025-12-31,SKU04529,0,0,7,0
2025-12-31,SKU04534,0,0,7,0
2025-12-31,SKU04535,69,10,7,79
2025-12-31,SKU04537,0,0,7,0
2025-12-31,SKU04543,22,0,7,20
2025-12-31,SKU04545,0,0,7,0
2025-12-31,SKU04547,0,0,7,0
2025-12-31,SKU04564,77,3,7,80
2025-12-31,SKU04576,0,0,7,0
2025-12-31,SKU04588,158,0,7,94
2025-12-31,SKU04590,0,0,7,0
2025-12-31,SKU04594,0,0,7,0
2025-12-31,SKU04599,0,0,7,0
2025-12-31,SKU04600,0,0,7,0
2025-12-31,SKU04602,175,0,7,61
2025-12-31,SKU04606,0,0,7,0
2025-12-31,SKU04619,0,0,7,0
2025-12-31,SKU04621,0,0,7,0
2025-12-31,SKU04622,0,0,7,0
2025-12-31,SKU04624,0,0,7,0
2025-12-31,SKU04631,0,0,7,0
2025-12-31,SKU04645,122,0,7,53
2025-12-31,SKU04647,0,0,7,0
2025-12-31,SKU04655,0,0,7,0
2025-12-31,SKU04656,0,0,7,0
2025-12-31,SKU04658,0,0,7,0
2025-12-31,SKU04662,26,7,7,33
2025-12-31,SKU04666,0,0,7,0
2025-12-31,SKU04687,0,0,7,0
2025-12-31,SKU04689,0,0,7,0
2025-12-31,SKU04691,0,0,7,0
2025-12-31,SKU04696,0,0,7,0
2025-12-31,SKU04697,0,0,7,0
2025-12-31,SKU04698,57,15,7,72
2025-12-31,SKU04706,240,0,7,81
2025-12-31,SKU04714,0,0,7,0
2025-12-31,SKU04722,245,0,7,85
2025-12-31,SKU04725,0,0,7,0
2025-12-31,SKU04730,0,0,7,0
2025-12-31,SKU04735,32,0,7,23
2025-12-31,SKU04744,0,0,7,0
2025-12-31,SKU04769,0,0,7,0
2025-12-31,SKU04776,249,0,7,89
2025-12-31,SKU04780,0,0,7,0
2025-12-31,SKU04782,0,0,7,0
2025-12-31,SKU04793,0,0,7,0
2025-12-31,SKU04799,0,0,7,0
2025-12-31,SKU04813,0,0,7,0
2025-12-31,SKU04827,0,0,7,0
2025-12-31,SKU04834,0,0,7,0
2025-12-31,SKU04835,0,0,7,0
2025-12-31,SKU04860,0,0,7,0
2025-12-31,SKU04863,0,0,7,0
2025-12-31,SKU04870,0,0,7,0
2025-12-31,SKU04875,0,0,7,0
2025-12-31,SKU04890,0,0,7,0
2025-12-31,SKU04898,0,0,7,0
2025-12-31,SKU04915,0,0,7,0
2025-12-31,SKU04921,0,0,7,0
2025-12-31,SKU04933,0,0,7,0
2025-12-31,SKU04948,135,0,7,52
2025-12-31,SKU04949,0,0,7,0
2025-12-31,SKU04956,0,0,7,0
2025-12-31,SKU04957,42,43,7,85
2025-12-31,SKU04968,42,34,7,76
2025-12-31,SKU04976,0,0,7,0
